0
1.92161
0
0.700985
0
1.40786
0
0.153214
0
1.88756
0
2.4145
0
2.45872
0
1.52263
0
1.84847
0
1.44806
0
2.42603
0
1.69013
0
1.75342
0
2.56522
0
0.948742
0
2.34714
0
0.897913
0
1.3834
0
1.50172
0
1.98985
0
2.606
0
0.861918
0
1.41526
0
0.847615
0
0.108907
0
2.6511
0
1.44498
0
0.350078
0
1.23786
0
1.64864
0
1.92251
0
1.69243
0
0.848403
0
1.07746
0
2.24231
0
2.49439
0
1.14091
0
2.16622
0
1.50549
0
0.178731
0
2.31979
0
2.62965
0
1.79566
0
0.81016
0
1.01164
0
0.440175
0
0.505499
0
0.0123364
0
2.1608
0
1.23978
0
1.19245
0
0.749251
0
1.93847
0
2.01552
0
2.39275
0
0.497015
0
2.49985
0
1.84829
0
0.549776
0
0.650926
0
0.174029
0
1.75342
0
1.60619
0
0.444784
0
0.893491
0
0.919886
0
0.987324
0
2.46437
0
0.494324
0
0.87587
0
2.42382
0
1.29278
0
1.79258
0
0.290334
0
1.90979
0
0.561747
0
0.830183
0
0.620856
0
1.83814
0
1.8573
0
1.38475
0
1.40343
0
2.38731
0
1.35894
0
0.601024
0
0.709471
0
1.72151
0
1.69763
0
1.66235
0
2.25982
0
0.326266
0
2.43274
0
0.0793098
0
0.421004
0
0.433435
0
1.68631
0
1.89267
0
0.825897
0
1.7989
0
1.35829
0
1.3426
0
2.18069
0
0.399369
0
0.974118
0
0.985596
0
0.785531
0
0.126326
0
1.46865
0
0.772564
0
1.98662
0
0.997587
0
1.99914
0
2.3417
0
1.18531
0
1.83891
0
1.15974
0
1.02283
0
0.668402
0
0.260814
0
2.30389
0
1.32691
0
1.44738
0
1.88738
0
1.35575
0
0.0879792
0
1.78986
0
1.45496
0
2.24134
0
0.183188
0
0.886244
0
1.05319
0
0.830708
0
1.07183
0
0.994066
0
1.69674
0
2.53906
0
1.83852
0
2.53926
0
0.752291
0
0.937986
0
2.43219
0
0.401895
0
1.72902
0
1.89968
0
1.318
0
0.81479
0
0.120769
0
2.49278
0
2.18354
0
2.61772
0
1.65082
0
2.38846
0
0.029058
0
2.44509
0
2.30351
0
0.999539
0
2.37614
0
0.0313772
0
0.697087
0
2.20329
0
2.67796
0
1.55824
0
0.603232
0
0.67703
0
0.698506
0
1.95097
0
1.38511
0
2.20327
0
1.28818
0
2.30121
0
0.197409
0
0.59381
0
1.74419
0
0.309299
0
1.11235
0
0.278516
0
1.29166
0
2.50324
0
1.05603
0
2.18257
0
0.896241
0
1.08381
0
2.42884
0
1.62414
0
1.40622
0
2.23307
0
0.849143
0
1.30696
0
0.759732
0
1.86835
0
0.789832
0
2.43944
0
2.03292
0
1.71453
0
0.920321
0
1.95988
0
0.828886
0
0.760698
0
2.3277
0
0.86263
0
0.558894
0
2.43918
0
0.0456599
0
1.02193
0
1.84484
0
2.56354
0
1.28896
0
1.11136
0
0.178446
0
2.17591
0
0.751048
0
1.59436
0
1.78955
0
1.50078
0
1.24906
0
1.91956
0
0.0661133
0
2.44301
0
0.456843
0
2.04227
0
2.46858
0
0.209507
0
0.531314
0
1.73375
0
0.42648
0
0.282274
0
0.0158566
0
0.19061
0
1.84897
0
1.3034
0
1.24657
0
1.0777
0
1.18567
0
0.484515
0
0.134965
0
0.0159825
0
0.0335799
0
1.29933
0
0.0411338
0
1.65061
0
0.777811
0
1.52309
0
0.510383
0
1.53058
0
1.9542
0
0.68591
0
1.04302
0
1.97146
0
0.948617
0
2.33021
0
1.14582
0
1.73491
0
0.62699
0
0.286771
0
2.31206
0
1.07177
0
1.92344
0
2.57936
0
0.846275
0
2.67917
0
1.60104
0
2.22308
0
0.174777
0
2.63163
0
1.00508
0
0.656204
0
0.404836
0
1.71093
0
0.427694
0
0.611483
0
0.954428
0
0.517565
0
0.490707
0
1.4593
0
0.943839
0
1.4816
0
1.80909
0
1.49148
0
2.2175
0
2.21639
0
0.214817
0
2.29827
0
0.307843
0
1.04096
0
1.60836
0
2.17675
0
1.21038
0
0.61392
0
0.032237
0
2.12884
0
1.46724
0
0.130491
0
0.264789
0
0.89199
0
2.09616
0
2.29189
0
0.0241515
0
0.464283
0
2.16519
0
1.39025
0
0.241156
0
2.45582
0
2.12424
0
0.169928
0
0.038807
0
1.33325
0
0.261413
0
0.372587
0
0.993688
0
2.53906
0
1.55747
0
0.505785
0
0.704392
0
0.336681
0
1.23451
0
2.01016
0
1.59453
0
1.30187
0
2.60754
0
1.83184
0
0.221312
0
0.902153
0
0.426002
0
2.01292
0
0.508389
0
1.31693
0
2.58198
0
0.112347
0
2.07097
0
1.96065
0
1.78667
0
2.38911
0
1.00547
0
1.88693
0
2.61631
0
1.99206
0
2.05918
0
0.469173
0
1.19345
0
0.453586
0
0.737517
0
0.0481145
0
1.51669
0
0.653436
0
0.875203
0
2.22718
0
2.4518
0
0.811476
0
0.85833
0
2.095
0
1.80749
0
2.04122
0
1.7457
0
2.16433
0
1.36874
0
2.31974
0
1.73966
0
1.73898
0
1.37026
0
1.73076
0
2.60451
0
0.232545
0
1.71432
0
2.1836
0
0.433619
0
2.15749
0
2.11188
0
1.81239
0
0.517227
0
0.695666
0
1.82392
0
1.96717
0
0.402604
0
0.231979
0
2.59674
0
0.230698
0
1.75431
0
0.472591
0
0.362036
0
1.06561
0
0.611588
0
0.154256
0
0.695033
0
1.38836
0
1.70216
0
0.15534
0
2.16779
0
0.649171
0
1.22975
0
1.4974
0
0.485523
0
2.40156
0
2.33275
0
1.0297
0
0.521692
0
1.47366
0
2.47063
0
0.713126
0
1.24119
0
2.16037
0
0.182031
0
1.16046
0
2.4364
0
0.549832
0
1.60944
0
1.18394
0
1.60626
0
0.61491
0
0.332335
0
2.61616
0
2.36587
0
1.38344
0
2.07337
0
1.05102
0
1.55655
0
0.70898
0
1.70915
0
1.60374
0
0.889102
0
1.70726
0
1.70073
0
2.08949
0
2.45167
0
0.860817
0
1.68489
0
1.68504
0
0.934963
0
0.205481
0
2.04869
0
0.721484
0
2.34171
0
1.7688
0
1.93799
0
2.22412
0
0.398293
0
0.0890242
0
0.68495
0
0.475026
0
1.63737
0
2.51996
0
0.996843
0
1.4799
0
2.32102
0
1.92894
0
1.83016
0
1.24187
0
1.39649
0
0.618931
0
1.35104
0
1.73263
0
0.312717
0
1.7622
0
2.20175
0
1.25506
0
1.54007
0
2.53857
0
0.666337
0
0.100987
0
1.24222
0
2.14869
0
1.1218
0
0.599892
0
1.06379
0
2.29462
0
0.992152
0
1.00041
0
0.260686
0
0.460392
0
1.49703
0
0.697873
0
0.373988
0
0.808935
0
1.9029
0
2.33464
0
1.32139
0
0.106225
0
1.88919
0
0.884622
0
0.858661
0
0.772624
0
0.0854377
0
0.68611
0
0.805604
0
0.347987
0
0.348035
0
0.131914
0
0.681804
0
1.11179
0
2.19427
0
0.0462187
0
1.90746
0
0.558629
0
2.55537
0
2.29238
0
1.15836
0
0.968649
0
1.05316
0
1.69003
0
0.972693
0
1.73107
0
0.1064
0
1.16113
0
1.87645
0
0.174162
0
1.71357
0
0.0745933
0
0.93585
0
0.0999226
0
2.43339
0
1.78776
0
2.453
0
0.66482
0
1.71235
0
0.459303
0
0.0328444
0
1.85244
0
2.37829
0
2.55946
0
1.72553
0
1.09235
0
0.465817
0
1.27899
0
2.54837
0
1.13342
0
1.05984
0
2.58404
0
0.627311
0
1.82474
0
2.57047
0
0.77099
0
1.08776
0
2.14722
0
1.14613
0
0.69843
0
1.6365
0
1.10261
0
1.10318
0
1.21082
0
1.16048
0
0.208571
0
1.45837
0
0.0340319
0
1.5989
0
0.482367
0
0.730371
0
1.31288
0
1.35428
0
0.680383
0
1.79845
0
2.16209
0
1.52923
0
2.25007
0
1.08487
0
2.41908
0
2.51316
0
0.358524
0
2.34535
0
0.216966
0
1.93639
0
2.05287
0
2.26698
0
0.249876
0
1.51085
0
1.07527
0
1.89176
0
1.90568
0
0.526525
0
0.781296
0
0.488572
0
2.5707
0
2.0497
0
2.5472
0
1.77199
0
0.424075
0
1.30409
0
0.670978
0
1.86872
0
1.12865
0
1.39755
0
2.13606
0
1.20495
0
0.413994
0
0.99464
0
2.20072
0
1.99712
0
0.763944
0
2.54529
0
2.54871
0
2.45257
0
0.169843
0
2.4709
0
0.458814
0
1.67345
0
0.759157
0
1.67485
0
0.816314
0
0.96577
0
2.39694
0
0.655628
0
1.23424
0
1.14921
0
0.861299
0
1.98136
0
0.471484
0
2.07
0
0.588944
0
0.56314
0
1.61459
0
2.15445
0
2.2734
0
0.732269
0
0.803729
0
0.330579
0
0.0229311
0
1.59383
0
2.28057
0
1.0464
0
0.157907
0
1.51654
0
1.38033
0
2.21775
0
1.97819
0
2.26202
0
2.47905
0
1.93112
0
0.615505
0
1.33627
0
0.292583
0
0.00444764
0
1.32471
0
0.406219
0
2.19579
0
0.518021
0
0.821397
0
2.5472
0
2.22598
0
1.75953
0
0.00863948
0
1.70905
0
0.341104
0
2.27829
0
2.52336
0
1.00056
0
2.31279
0
1.13672
0
1.73624
0
1.17718
0
1.6452
0
0.0985046
0
1.60081
0
2.1832
0
1.78996
0
2.58381
0
0.0216124
0
2.38439
0
0.194597
0
0.327185
0
2.39587
0
0.587581
0
0.358352
0
2.24824
0
1.85348
0
0.146062
0
1.77926
0
1.99639
0
0.348672
0
2.0287
0
1.17728
0
1.47929
0
1.58263
0
0.459925
0
1.36447
0
0.175238
0
2.21229
0
2.67054
0
2.31439
0
0.283994
0
1.36949
0
0.280547
0
1.16188
0
1.28639
0
1.78548
0
1.12094
0
2.48482
0
1.65452
0
1.05037
0
0.706198
0
0.83045
0
2.63855
0
1.59853
0
2.15522
0
2.48006
0
0.702988
0
2.51547
0
2.36153
0
2.26706
0
0.137715
0
1.70678
0
0.637653
0
1.81539
0
2.59738
0
1.53212
0
0.981412
0
0.0762452
0
2.52997
0
0.261296
0
2.013
0
2.50374
0
0.363388
0
1.70217
0
1.11643
0
0.488439
0
0.307992
0
1.76974
0
0.662416
0
1.58717
0
1.34353
0
1.59216
0
0.718127
0
1.09932
0
2.11429
0
0.957739
0
2.34741
0
2.11617
0
0.0766759
0
2.62236
0
1.27653
0
1.36416
0
1.79056
0
2.63296
0
0.904317
0
1.30788
0
0.685546
0
1.57776
0
2.50722
0
1.87855
0
1.33094
0
0.864724
0
0.392257
0
0.635683
0
0.187128
0
1.37504
0
0.66418
0
2.40378
0
0.362219
0
1.59736
0
2.57855
0
0.503592
0
1.16441
0
0.935415
0
0.646483
0
1.5142
0
1.85532
0
1.79281
0
0.883846
0
2.35568
0
2.31852
0
1.71029
0
1.80003
0
0.614203
0
2.53641
0
1.17442
0
2.35582
0
1.89804
0
0.0554523
0
0.23299
0
1.92783
0
0.0684431
0
1.10266
0
0.560078
0
1.30473
0
2.3506
0
1.06513
0
1.41458
0
1.60648
0
2.26421
0
1.05586
0
2.41786
0
2.03076
0
0.0245788
0
0.411253
0
0.980052
0
1.58707
0
1.85719
0
0.568505
0
1.19738
0
0.0512666
0
1.44541
0
1.5688
0
0.578229
0
2.39966
0
0.26787
0
2.09803
0
2.48439
0
0.727847
0
1.54817
0
2.67169
0
1.70282
0
0.438618
0
2.1186
0
2.4582
0
1.5305
0
0.842438
0
1.91149
0
2.5651
0
0.454192
0
1.29917
0
0.216202
0
0.875816
0
0.899603
0
1.91277
0
0.557019
0
1.3595
0
1.84621
0
0.916156
0
0.875788
0
2.26208
0
2.12186
0
2.39276
0
1.15397
0
0.188378
0
1.13032
0
0.694212
0
2.24593
0
1.15582
0
0.258949
0
1.31175
0
1.9235
0
1.87069
0
0.242716
0
0.287583
0
1.27085
0
2.5711
0
2.54394
0
1.01767
0
2.57865
0
1.39688
0
0.238804
0
0.320061
0
0.374956
0
2.35063
0
1.16486
0
2.05846
0
0.59353
0
0.404135
0
1.09162
0
0.714796
0
2.19463
0
1.08138
0
1.69701
0
0.693287
0
2.10706
0
0.687108
0
1.1612
0
2.45827
0
2.55491
0
0.398375
0
1.48426
0
1.86394
0
1.20836
0
0.271697
0
1.63964
0
0.209634
0
0.710647
0
1.18139
0
1.96291
0
0.717082
0
1.59262
0
1.45505
0
2.49024
0
1.34608
0
2.43886
0
1.5742
0
0.754547
0
1.42742
0
1.39743
0
2.65383
0
2.58863
0
1.90003
0
2.20346
0
0.0455397
0
2.51273
0
1.97232
0
1.94362
0
0.124067
0
2.45023
0
0.689788
0
1.54698
0
0.0118226
0
0.942922
0
0.103675
0
0.273106
0
1.4807
0
2.58513
0
2.20563
0
1.48146
0
0.0951895
0
1.55942
0
0.96472
0
2.01788
0
1.80068
0
2.62475
0
0.646824
0
1.48394
0
1.24573
0
0.755516
0
0.664595
0
0.458709
0
1.18725
0
1.00078
0
0.613298
0
1.58279
0
1.65712
0
1.68291
0
2.39043
0
2.37333
0
2.67187
0
1.94988
0
1.14589
0
1.02711
0
0.836988
0
1.12118
0
2.45869
0
0.846913
0
1.05091
0
0.370986
0
1.10169
0
0.0972407
0
0.283829
0
1.07911
0
1.31816
0
1.13894
0
1.01058
0
1.98561
0
1.03525
0
1.34389
0
0.127155
0
2.07729
0
1.69952
0
1.4977
0
2.28319
0
1.74906
0
1.1352
0
0.768015
0
0.914161
0
0.8324
0
0.53815
0
1.06121
0
1.68178
0
2.54427
0
0.745291
0
0.869521
0
2.29879
0
1.50315
0
0.512446
0
2.26519
0
0.392418
0
1.77756
0
1.26969
0
2.3989
0
2.30579
0
0.0919115
0
0.268696
0
0.99283
0
0.493992
0
0.171087
0
1.94168
0
1.81972
0
1.88203
0
2.49199
0
0.0313888
0
0.196511
0
0.0154755
0
0.953074
0
0.179266
0
0.742361
0
0.164873
0
0.101115
0
0.850906
0
2.42508
0
1.74556
0
1.77241
0
1.8926
0
1.79139
0
0.172508
0
0.123342
0
0.392059
0
2.49197
0
1.53173
0
0.109049
0
1.18114
0
1.46267
0
1.84972
0
2.22786
0
1.60211
0
1.43614
0
1.19112
0
2.32194
0
1.11364
0
0.105115
0
1.36526
0
2.32684
0
1.76152
0
0.94633
0
2.11702
0
1.07388
0
1.96974
0
1.68185
0
0.829245
0
0.0652031
0
0.859801
0
2.06702
0
2.08047
0
1.24153
0
1.51712
0
1.62931
0
0.881894
0
1.84321
0
2.1899
0
0.209794
0
2.26786
0
1.32782
0
0.282373
0
1.413
0
0.0458513
0
1.57942
0
1.94003
0
2.38149
0
0.279898
0
0.843788
0
1.45016
0
0.657076
0
0.618949
0
1.33982
0
0.078698
0
1.33473
0
2.41779
0
2.23104
0
2.61047
0
1.78864
0
0.263324
0
2.17585
0
0.520614
0
2.24473
0
0.794286
0
2.62937
0
2.08997
0
0.353638
0
1.90328
0
1.35626
0
1.02303
0
2.61577
0
0.381776
0
2.07046
0
1.40371
0
0.72729
0
1.21903
0
1.22877
0
0.46027
0
1.9801
0
1.19646
0
0.0800848
0
0.16962
0
1.18553
0
0.656796
0
2.16274
0
1.65007
0
0.129706
0
0.124768
0
1.50937
0
1.37647
0
2.57072
0
0.519055
0
1.74225
0
1.14382
0
2.17636
0
1.40051
0
0.3079
0
0.598311
0
0.36522
0
1.61457
0
1.87926
0
0.37702
0
2.32357
0
1.44438
0
2.52919
0
1.99653
0
1.06653
0
1.85522
0
1.62719
0
1.57535
0
2.41429
0
1.00887
0
0.437902
0
1.87905
0
2.52809
0
2.38373
0
2.10051
0
0.404717
0
1.12131
0
2.64389
0
0.770876
0
0.685568
0
1.53951
0
0.670107
0
0.661933
0
0.81133
0
1.88791
0
1.26105
0
2.57501
0
0.181196
0
1.41923
0
1.96451
0
0.805958
0
2.18343
0
1.15912
0
0.792457
0
2.62134
0
1.21108
0
0.74473
0
2.63271
0
0.990981
0
0.900522
0
1.5021
0
2.10353
0
2.34878
0
1.93181
0
1.63093
0
1.86382
0
2.06625
0
0.108445
0
2.35074
0
1.19207
0
0.0156964
0
0.8306
0
1.17978
0
2.59114
0
1.47705
0
1.4557
0
2.15383
0
1.43454
0
0.130648
0
1.1344
0
2.53587
0
1.18218
0
0.700709
0
2.18201
0
1.38047
0
0.737894
0
1.18202
0
1.06985
0
0.864737
0
0.468819
0
1.56455
0
1.74362
0
0.753055
0
0.17721
0
1.15818
0
0.531213
0
0.490322
0
0.552848
0
0.348045
0
0.743326
0
2.3768
0
0.717266
0
0.368368
0
0.845507
0
1.43038
0
0.652036
0
2.44356
0
0.350821
0
2.22819
0
1.10107
0
0.124703
0
1.01155
0
1.54729
0
2.18107
0
0.649582
0
0.762337
0
1.40248
0
0.617315
0
1.57218
0
2.39159
0
0.621964
0
2.32952
0
2.65399
0
2.14007
0
1.46046
0
0.638697
0
2.27246
0
1.42988
0
0.642922
0
0.269077
0
2.53765
0
0.0463717
0
1.6493
0
0.953767
0
1.61834
0
1.59766
0
0.757483
0
1.40532
0
0.110164
0
0.774764
0
0.974128
0
0.789867
0
1.87858
0
1.25127
0
1.55694
0
2.30973
0
1.79773
0
2.20643
0
1.40703
0
2.33243
0
0.137687
0
1.12534
0
2.22163
0
2.15185
0
0.762893
0
2.32272
0
1.4439
0
2.23708
0
0.110673
0
1.21775
0
1.32926
0
1.9382
0
1.48914
0
1.70933
0
2.16031
0
1.45274
0
2.15322
0
1.212
0
1.00084
0
2.28002
0
0.43426
0
2.39468
0
2.36004
0
1.51295
0
0.33875
0
0.412872
0
2.45915
0
0.469662
0
2.20528
0
0.724609
0
0.562353
0
0.984499
0
0.0806937
0
1.16158
0
0.338645
0
1.55591
0
1.32768
0
2.4602
0
0.618069
0
0.0629114
0
2.45532
0
0.0936898
0
1.36405
0
0.240474
0
1.18123
0
1.99262
0
1.43812
0
1.79775
0
2.42297
0
0.608903
0
1.48271
0
2.17237
0
2.37912
0
0.130683
0
1.30674
0
1.95571
0
0.653207
0
2.23179
0
0.409231
0
0.634005
0
2.2735
0
1.62889
0
0.170464
0
1.2501
0
0.877296
0
0.242271
0
0.295611
0
2.1315
0
0.733706
0
2.45355
0
0.173599
0
1.56071
0
0.0858949
0
2.19638
0
0.190036
0
0.15823
0
0.180608
0
1.25652
0
0.518373
0
1.29035
0
0.36506
0
1.23621
0
0.450554
0
2.5508
0
2.17026
0
0.631378
0
2.09695
0
2.02366
0
1.73164
0
0.663445
0
0.7365
0
1.84105
0
1.15205
0
0.585349
0
1.05794
0
2.0897
0
0.776201
0
0.649143
0
0.701845
0
1.44218
0
1.17306
0
0.758444
0
0.18278
0
1.976
0
0.0917034
0
1.73377
0
1.1641
0
1.34767
0
2.47077
0
1.84689
0
2.20203
0
0.0554567
0
2.30197
0
1.93222
0
1.90041
0
0.656477
0
1.95687
0
0.501625
0
0.507711
0
2.22851
0
0.547872
0
0.854192
0
0.777945
0
2.61264
0
0.21145
0
1.30176
0
1.82205
0
0.0752471
0
1.10477
0
0.423949
0
2.35556
0
2.3006
0
0.547746
0
2.19312
0
1.36332
0
2.1519
0
0.896887
0
2.65925
0
2.04256
0
1.1314
0
0.456566
0
1.15268
0
1.50141
0
1.13395
0
0.878364
0
0.45783
0
1.86383
0
0.761336
0
0.9812
0
0.603627
0
0.359814
0
1.47516
0
1.73924
0
1.70773
0
0.861103
0
2.2372
0
1.39525
0
0.119543
0
1.85501
0
0.73411
0
1.35724
0
1.58098
0
0.508255
0
2.03357
0
1.55505
0
1.66917
0
1.7053
0
1.34119
0
1.49795
0
1.34526
0
2.64108
0
1.99826
0
2.19127
0
1.63848
0
0.938206
0
1.12063
0
0.387994
0
1.29538
0
1.36769
0
2.3806
0
2.59379
0
0.928022
0
2.65902
0
0.111929
0
0.520206
0
0.238013
0
1.57464
0
2.60666
0
0.22496
0
1.56831
0
1.75356
0
0.428754
0
2.34611
0
0.912362
0
0.549899
0
2.30503
0
0.808978
0
2.14932
0
0.392079
0
2.54869
0
0.848869
0
2.51548
0
1.16818
0
2.38019
0
1.08133
0
0.100769
0
2.47631
0
0.186602
0
2.26861
0
0.888139
0
0.150704
0
1.33652
0
0.303005
0
1.02262
0
1.4153
0
1.9038
0
0.355287
0
1.32174
0
1.90998
0
1.91858
0
0.200043
0
0.552469
0
1.87533
0
1.9594
0
1.13189
0
0.920638
0
1.29246
0
1.32294
0
1.49646
0
1.72752
0
2.56146
0
1.32593
0
0.624336
0
1.82751
0
1.09576
0
1.46288
0
1.26429
0
1.58928
0
1.97346
0
1.071
0
0.0706193
0
2.07671
0
1.92775
0
2.40306
0
0.00663416
0
0.0712865
0
0.0299068
0
2.47008
0
2.56798
0
2.57385
0
0.707368
0
2.17599
0
0.11583
0
1.88717
0
2.4933
0
0.12814
0
2.34107
0
0.965241
0
1.41156
0
0.179439
0
0.629078
0
0.797111
0
1.22545
0
0.361693
0
1.03421
0
0.189021
0
1.83123
0
0.888217
0
2.05762
0
0.844018
0
1.69953
0
0.127148
0
2.20352
0
0.796521
0
2.52693
0
0.247229
0
0.394673
0
0.667319
0
0.169153
0
1.23527
0
2.15834
0
0.611136
0
2.32948
0
1.02652
0
1.65342
0
0.72199
0
2.07484
0
0.671456
0
0.146597
0
1.92765
0
1.16934
0
0.993485
0
0.621416
0
0.417146
0
1.63885
0
0.922024
0
0.962169
0
0.588092
0
1.45303
0
2.64043
0
0.52581
0
2.55129
0
1.29957
0
2.56699
0
1.09461
0
2.05374
0
0.253176
0
1.27406
0
1.42763
0
1.13804
0
1.36719
0
1.06978
0
2.42528
0
0.0899537
0
1.04785
0
2.17352
0
2.06984
0
0.585262
0
0.937986
0
0.762299
0
0.829652
0
0.0428276
0
0.713245
0
1.93454
0
0.65425
0
0.144071
0
0.378702
0
1.05926
0
1.57941
0
2.08984
0
0.627008
0
2.66071
0
1.08878
0
0.793418
0
0.180971
0
0.769158
0
2.21913
0
1.77478
0
2.33857
0
1.966
0
1.21552
0
2.67871
0
2.20317
0
0.72474
0
0.559869
0
0.731631
0
0.552205
0
0.118812
0
2.39393
0
0.477857
0
2.09027
0
0.101595
0
2.32857
0
0.421566
0
0.310916
0
1.79299
0
1.79937
0
0.966694
0
0.273947
0
2.57614
0
1.83544
0
1.75053
0
0.365543
0
2.43306
0
0.619573
0
1.83216
0
0.133436
0
1.49781
0
0.820611
0
1.18841
0
1.82607
0
0.234478
0
2.21992
0
0.336792
0
0.378377
0
2.65834
0
0.503854
0
1.1758
0
1.42219
0
2.53549
0
2.38545
0
0.933296
0
1.65631
0
1.83659
0
1.07121
0
2.07013
0
2.65925
0
2.33134
0
1.07899
0
1.12441
0
2.34191
0
2.45619
0
0.803485
0
1.61868
0
2.0539
0
0.517054
0
0.981728
0
0.569085
0
1.72273
0
2.26128
0
0.367724
0
2.31567
0
0.266481
0
1.0644
0
0.526903
0
0.220184
0
0.105344
0
2.41355
0
1.50966
0
0.460149
0
2.38463
0
0.930105
0
2.15449
0
1.48193
0
2.44147
0
0.964993
0
2.62623
0
1.08935
0
2.02357
0
1.33875
0
2.0907
0
0.645118
0
0.824841
0
2.17327
0
1.17599
0
0.681149
0
2.00368
0
2.32601
0
0.93258
0
2.30081
0
0.296182
0
1.64709
0
2.03167
0
0.58113
0
1.0552
0
0.731697
0
0.603695
0
0.10759
0
1.38676
0
2.11171
0
0.202318
0
0.215809
0
0.794523
0
0.78286
0
0.342358
0
0.260725
0
0.906682
0
1.55876
0
1.65565
0
0.944505
0
1.66703
0
2.3985
0
0.557462
0
0.554873
0
2.23346
0
1.30615
0
1.99225
0
1.82078
0
1.31644
0
2.03286
0
0.0876732
0
1.87207
0
2.55915
0
1.78209
0
0.399004
0
1.65919
0
2.5331
0
1.98246
0
0.216183
0
1.46791
0
1.56732
0
2.09471
0
0.492951
0
0.459636
0
1.2652
0
2.29068
0
1.70101
0
2.64686
0
1.2758
0
1.82973
0
0.562188
0
2.2379
0
2.61679
0
1.53841
0
2.46826
0
0.442775
0
1.1842
0
1.06622
0
2.15835
0
1.28358
0
1.06762
0
2.05647
0
0.540563
0
1.68506
0
1.06208
0
0.767657
0
1.4521
0
1.20924
0
1.30458
0
2.2423
0
0.254694
0
1.02142
0
1.67152
0
1.88461
0
0.847775
0
1.15192
0
0.904513
0
2.13242
0
1.17531
0
1.31599
0
0.137368
0
1.24367
0
1.20219
0
1.47096
0
0.721143
0
0.506232
0
2.54863
0
0.313616
0
0.0531388
0
2.43075
0
2.32039
0
1.05912
0
0.565715
0
2.48244
0
1.41736
0
2.31157
0
2.55266
0
0.739153
0
2.15545
0
1.16312
0
1.1834
0
0.174412
0
2.32497
0
2.51004
0
1.82479
0
1.17661
0
1.31967
0
2.38409
0
2.17269
0
2.37273
0
0.0999389
0
0.365915
0
0.404459
0
0.452862
0
0.628771
0
2.26217
0
2.50067
0
0.414581
0
0.424253
0
0.0804185
0
2.55886
0
0.338819
0
2.51133
0
0.124328
0
1.72034
0
0.230991
0
2.10474
0
2.62263
0
0.815614
0
1.60477
0
1.75756
0
1.33949
0
1.54947
0
1.94871
0
0.995399
0
0.156645
0
1.58022
0
0.480934
0
0.578267
0
1.32413
0
1.49973
0
0.876072
0
0.659713
0
2.40679
0
0.0905462
0
2.26848
0
0.447023
0
1.40441
0
1.60519
0
2.48856
0
0.0347697
0
0.254075
0
1.32097
0
0.187506
0
0.937731
0
1.66
0
2.09078
0
0.288294
0
2.00466
0
1.09323
0
0.886902
0
0.914098
0
1.36326
0
1.75849
0
0.215021
0
2.55737
0
0.854698
0
0.0462436
0
0.505169
0
1.63288
0
2.21103
0
0.302594
0
2.63664
0
2.07047
0
2.07716
0
0.914336
0
0.0136502
0
1.88188
0
0.598252
0
0.527771
0
2.25849
0
1.42875
0
2.24358
0
2.29818
0
1.02034
0
2.22991
0
1.70823
0
2.57416
0
0.119602
0
1.51305
0
1.07054
0
0.470308
0
0.193998
0
2.4231
0
1.53212
0
1.00328
0
1.23613
0
1.83236
0
1.10899
0
0.541092
0
2.05625
0
1.26225
0
0.513485
0
0.728327
0
0.831781
0
2.6318
0
1.37442
0
2.36909
0
0.436389
0
1.48289
0
0.076912
0
1.32928
0
1.26205
0
2.62193
0
1.10046
0
0.860388
0
1.44576
0
1.84504
0
0.18842
0
0.685107
0
1.22631
0
2.03428
0
2.53914
0
1.20782
0
2.39865
0
0.237418
0
1.44493
0
1.83433
0
0.651126
0
1.22856
0
0.86824
0
0.759597
0
2.23173
0
1.97315
0
1.54965
0
1.1831
0
2.24249
0
2.65128
0
0.124324
0
2.36602
0
0.38797
0
2.34417
0
0.337481
0
2.36672
0
1.00618
0
1.29479
0
2.31569
0
2.63309
0
2.50688
0
0.633184
0
0.465999
0
0.697202
0
1.89686
0
0.765572
0
1.34643
0
1.14937
0
1.40811
0
1.10012
0
0.172341
0
2.48613
0
2.6568
0
1.05036
0
0.683487
0
1.99019
0
1.4665
0
0.325974
0
0.258657
0
1.6224
0
1.69205
0
1.96668
0
0.210841
0
1.81175
0
2.3455
0
2.37629
0
1.09761
0
2.46862
0
0.793176
0
0.431371
0
2.14836
0
2.47421
0
2.52488
0
1.75257
0
0.689581
0
1.29071
0
0.392155
0
1.01335
0
1.90638
0
2.50575
0
0.45407
0
2.42014
0
0.295949
0
2.54704
0
1.52172
0
0.333757
0
1.98646
0
2.18515
0
2.64615
0
0.793389
0
2.14685
0
1.07289
0
1.42211
0
0.0860242
0
2.15498
0
1.4086
0
1.79934
0
0.383783
0
1.32416
0
2.39555
0
0.496095
0
1.39582
0
1.84537
0
1.011
0
0.57682
0
2.06497
0
1.87218
0
1.12769
0
1.03844
0
0.270535
0
1.01848
0
1.02447
0
0.214142
0
2.45033
0
0.100138
0
1.37265
0
2.21212
0
0.293848
0
0.347258
0
2.15642
0
1.06008
0
0.88162
0
0.194581
0
1.95321
0
2.50717
0
1.30391
0
2.07122
0
1.10294
0
1.2624
0
1.25878
0
0.0761136
0
1.1418
0
2.42967
0
1.14621
0
2.37457
0
1.09602
0
1.31685
0
0.960747
0
1.44748
0
2.02758
0
2.28919
0
1.77451
0
0.569147
0
1.1674
0
1.32011
0
0.384055
0
2.08237
0
0.352231
0
1.97831
0
2.33053
0
1.1022
0
2.54105
0
0.979676
0
0.341222
0
0.580529
0
1.64872
0
1.85433
0
0.697012
0
1.08809
0
2.50458
0
2.26345
0
2.606
0
0.86642
0
0.445132
0
2.11731
0
1.1654
0
1.78046
0
1.75119
0
0.848048
0
1.6705
0
0.787224
0
0.132356
0
1.55388
0
2.28213
0
1.3712
0
2.31238
0
0.480724
0
2.50788
0
2.56952
0
0.79394
0
0.814448
0
0.246804
0
1.99424
0
0.076218
0
1.87749
0
2.43692
0
1.58402
0
0.377634
0
1.61088
0
1.15727
0
0.35589
0
1.52593
0
0.170391
0
1.68322
0
0.21883
0
0.24056
0
0.954917
0
2.37679
0
0.315929
0
0.301067
0
2.61305
0
0.859702
0
1.0547
0
1.30137
0
2.55511
0
0.509823
0
0.25782
0
2.56943
0
0.83728
0
2.15552
0
1.37337
0
0.940996
0
1.95768
0
2.16735
0
0.691091
0
0.64386
0
0.615875
0
0.368091
0
2.62321
0
2.36707
0
2.15023
0
0.999852
0
0.552436
0
0.973009
0
0.603884
0
0.049508
0
0.257133
0
0.263087
0
2.61739
0
0.0878868
0
0.445797
0
0.48901
0
2.14423
0
0.369841
0
2.09678
0
0.139891
0
2.60897
0
1.40463
0
1.98558
0
0.116587
0
0.949688
0
1.79394
0
2.10001
0
1.64789
0
2.12774
0
0.0561457
0
1.69132
0
0.562008
0
2.40623
0
1.70899
0
1.06635
0
1.13291
0
2.16925
0
2.59143
0
0.594409
0
1.23143
0
2.16731
0
0.506825
0
0.544595
0
0.167752
0
1.08126
0
2.11752
0
2.23252
0
1.97826
0
0.694282
0
0.308065
0
1.53831
0
2.52167
0
1.29732
0
2.08149
0
0.622807
0
1.93191
0
0.107094
0
2.07934
0
2.43395
0
1.49583
0
1.88098
0
2.37721
0
2.49257
0
0.339266
0
2.42106
0
1.30448
0
2.27508
0
0.335841
0
2.36048
0
0.992199
0
1.61101
0
2.53344
0
2.21747
0
0.401908
0
0.98161
0
0.318953
0
0.506585
0
1.81474
0
2.2599
0
0.676041
0
1.90765
0
1.40618
0
0.669456
0
0.335346
0
0.922243
0
0.210357
0
0.788335
0
0.253044
0
0.165148
0
0.745251
0
0.431266
0
1.03112
0
2.15109
0
2.0372
0
0.541647
0
1.6182
0
1.7761
0
1.96098
0
2.52577
0
2.07956
0
2.20028
0
2.41447
0
1.47506
0
2.39808
0
0.47376
0
1.30873
0
1.47613
0
2.48476
0
1.25494
0
0.968251
0
1.43301
0
1.74062
0
0.286921
0
0.22644
0
1.11662
0
0.441774
0
0.59864
0
1.85836
0
1.20145
0
2.20159
0
1.29711
0
0.657705
0
0.110394
0
2.52423
0
0.158701
0
0.0788312
0
1.74554
0
0.72523
0
0.340775
0
2.6724
0
2.27859
0
1.72866
0
1.39714
0
2.14737
0
1.14043
0
0.711252
0
0.447715
0
0.727444
0
1.49622
0
0.596654
0
0.0559019
0
1.21744
0
0.280466
0
2.04169
0
0.899483
0
1.1205
0
2.14189
0
0.752658
0
1.16042
0
1.10271
0
0.778969
0
0.288969
0
0.758234
0
0.513802
0
0.576041
0
0.013551
0
0.46976
0
2.4334
0
0.903629
0
2.64576
0
0.43218
0
2.20824
0
0.883745
0
0.135901
0
2.30661
0
0.266978
0
2.08621
0
2.10529
0
1.35521
0
0.661911
0
0.23264
0
0.0380426
0
2.385
0
2.56344
0
2.47587
0
2.57839
0
1.39102
0
1.82464
0
1.93368
0
2.45016
0
0.594
0
1.37692
0
0.367545
0
0.915894
0
0.15786
0
1.62927
0
2.62757
0
2.08934
0
2.27941
0
2.00428
0
1.95347
0
0.873283
0
1.78801
0
1.57956
0
0.825994
0
0.0757161
0
0.26679
0
2.46903
0
0.731553
0
1.54581
0
1.42595
0
0.372869
0
1.6132
0
1.08488
0
0.126424
0
2.42662
0
0.228633
0
2.59545
0
0.670305
0
1.04651
0
2.00499
0
2.22407
0
0.802798
0
0.584023
0
0.688369
0
2.50888
0
2.51832
0
0.327619
0
1.92995
0
1.31835
0
1.38148
0
2.22957
0
0.249204
0
0.926222
0
2.18803
0
1.01682
0
2.1001
0
2.47056
0
2.52726
0
1.43527
0
1.68646
0
2.39923
0
0.862143
0
0.160278
0
2.45665
0
1.26335
0
1.42563
0
1.23245
0
0.749167
0
1.07019
0
0.278847
0
1.12731
0
0.0739877
0
0.461521
0
1.14333
0
0.38456
0
0.829453
0
2.11217
0
0.629514
0
2.05982
0
1.15693
0
1.20431
0
2.57279
0
1.51389
0
0.356686
0
0.386369
0
1.12342
0
2.19823
0
1.74001
0
2.27329
0
1.27687
0
2.36011
0
2.20484
0
0.972986
0
0.705282
0
2.15381
0
2.16136
0
2.48817
0
1.02275
0
2.01216
0
2.4947
0
1.04408
0
2.32459
0
2.34194
0
1.98082
0
0.148795
0
2.62212
0
1.03889
0
0.551821
0
0.660412
0
1.18635
0
0.233276
0
1.97141
0
0.517514
0
2.52904
0
1.63408
0
0.396683
0
2.50108
0
2.22653
0
0.13992
0
0.366798
0
2.10967
0
1.06507
0
2.00341
0
1.77758
0
2.0956
0
0.0224312
0
0.11527
0
0.993372
0
0.962513
0
1.51873
0
1.70836
0
0.154075
0
0.570019
0
0.582223
0
1.3425
0
2.42061
0
2.56478
0
2.04062
0
0.593798
0
0.544758
0
0.255776
0
1.97943
0
1.59432
0
1.05384
0
2.52126
0
1.45523
0
0.446378
0
1.49721
0
1.25355
0
1.61656
0
2.10472
0
0.110329
0
2.13008
0
1.91072
0
1.78442
0
0.259187
0
2.29342
0
0.647768
0
1.02982
0
0.407142
0
0.956046
0
1.68772
0
0.793344
0
0.807394
0
0.571101
0
0.396787
0
0.439105
0
0.866597
0
0.814592
0
1.1209
0
1.07593
0
1.16845
0
1.36536
0
0.537313
0
2.44328
0
1.70196
0
2.33578
0
2.34311
0
1.61306
0
2.01068
0
0.0547639
0
0.467859
0
2.186
0
1.31372
0
0.253952
0
0.836214
0
0.53968
0
2.52868
0
0.924242
0
0.300365
0
1.81097
0
0.727368
0
2.02245
0
2.04816
0
2.33774
0
1.83248
0
2.45117
0
0.313657
0
0.0128155
0
2.33929
0
2.18904
0
1.27377
0
1.45009
0
0.0914393
0
1.03678
0
1.83741
0
1.57486
0
0.375835
0
1.89724
0
2.02321
0
1.80657
0
2.35802
0
2.01213
0
2.08265
0
0.273233
0
1.40309
0
2.32133
0
2.02284
0
1.22195
0
0.12358
0
1.68465
0
0.0184116
0
2.62691
0
0.117801
0
1.90078
0
0.00562492
0
2.29318
0
0.966293
0
2.21233
0
0.0254524
0
0.977085
0
0.596481
0
2.59913
0
1.86731
0
1.84918
0
1.60859
0
0.44103
0
1.02331
0
1.3944
0
0.614742
0
2.01088
0
0.473905
0
0.150839
0
1.90476
0
2.61129
0
0.465698
0
2.59857
0
0.318376
0
1.24564
0
0.487661
0
1.64386
0
1.9715
0
0.642952
0
1.9911
0
0.611694
0
0.0482048
0
0.383761
0
1.95256
0
2.5223
0
1.0181
0
1.39148
0
1.47353
0
1.04408
0
1.40575
0
0.407228
0
2.08072
0
0.672106
0
2.08153
0
0.518235
0
1.98239
0
2.58864
0
0.0786807
0
2.20759
0
1.89573
0
1.37724
0
0.507037
0
0.12909
0
0.927785
0
2.07749
0
2.32871
0
0.41769
0
2.52206
0
1.80076
0
0.560857
0
1.41528
0
0.263753
0
1.75261
0
2.02987
0
2.04342
0
2.2633
0
2.6719
0
2.5188
0
2.40426
0
0.885057
0
1.36473
0
0.867756
0
0.818019
0
1.90913
0
1.04634
0
2.4652
0
1.79159
0
0.274641
0
1.9976
0
0.328978
0
1.07394
0
2.54526
0
0.426338
0
1.75303
0
2.41466
0
1.38243
0
0.56363
0
0.134528
0
0.911293
0
2.12064
0
2.61008
0
1.80423
0
1.62069
0
2.36737
0
1.8891
0
0.686646
0
0.919654
0
0.211762
0
2.60327
0
0.437997
0
1.99674
0
0.886604
0
2.38927
0
1.48564
0
1.03601
0
2.59074
0
2.16435
0
1.14116
0
1.62556
0
0.502479
0
0.97769
0
1.80999
0
2.59086
0
0.719103
0
2.6384
0
1.22011
0
1.39774
0
2.57335
0
0.208411
0
2.15172
0
1.85146
0
2.47857
0
1.06668
0
0.424787
0
0.850265
0
0.519093
0
0.447725
0
1.77799
0
1.3682
0
1.631
0
1.37058
0
1.33573
0
0.719289
0
0.317069
0
1.81413
0
1.54107
0
1.79295
0
0.563205
0
0.042005
0
1.81964
0
0.979995
0
2.00142
0
0.0245308
0
1.65314
0
1.10112
0
0.0116503
0
1.67042
0
1.80643
0
2.1338
0
2.62518
0
1.22433
0
0.385779
0
0.327388
0
2.19185
0
1.42482
0
1.51559
0
0.934091
0
2.60282
0
0.334632
0
1.6742
0
2.46286
0
0.723335
0
0.178395
0
1.43727
0
2.10731
0
1.81197
0
0.970289
0
2.31736
0
1.40892
0
0.540156
0
2.41134
0
1.55842
0
0.133558
0
2.31778
0
1.88437
0
1.75074
0
2.15662
0
1.42761
0
0.978722
0
2.58421
0
2.60495
0
2.5051
0
1.67019
0
2.38773
0
1.77326
0
1.99304
0
0.911692
0
1.02695
0
0.152852
0
0.348801
0
1.3956
0
1.56674
0
1.976
0
0.964808
0
0.825385
0
1.71624
0
0.732766
0
1.90903
0
0.97816
0
1.62379
0
2.20723
0
1.83133
0
1.82374
0
0.223433
0
2.43664
0
1.91169
0
1.29363
0
2.09365
0
2.1224
0
1.33087
0
2.61122
0
0.978988
0
0.369886
0
2.32746
0
2.59689
0
1.35593
0
2.45617
0
1.02759
0
0.559928
0
0.158197
0
0.528929
0
1.44546
0
0.207402
0
1.94244
0
0.49183
0
2.35663
0
0.963123
0
0.132451
0
0.951815
0
0.347057
0
1.67578
0
1.66341
0
2.5115
0
2.17683
0
0.0148452
0
1.66012
0
1.54475
0
0.529863
0
0.641962
0
0.176637
0
1.76792
0
1.24421
0
0.0846902
0
2.29127
0
1.961
0
0.0498808
0
0.163444
0
1.06355
0
1.53015
0
1.75541
0
0.0470429
0
2.36943
0
1.08205
0
1.59878
0
1.18293
0
0.328247
0
1.49827
0
1.38966
0
0.575793
0
0.10489
0
0.920994
0
1.7175
0
1.30488
0
2.20284
0
0.675487
0
0.839269
0
1.56763
0
2.3661
0
1.98749
0
1.54576
0
1.13829
0
0.160447
0
2.14677
0
0.888209
0
2.53783
0
0.756805
0
0.0274275
0
2.0007
0
2.28462
0
2.25212
0
2.09477
0
0.990147
0
0.445992
0
1.32465
0
1.00104
0
1.27618
0
1.54976
0
0.193627
0
0.62917
0
2.01821
0
0.819555
0
1.07183
0
0.421949
0
1.28361
0
2.64769
0
1.4309
0
2.39791
0
0.790494
0
0.115424
0
1.57346
0
2.56503
0
2.30935
0
2.21205
0
1.74303
0
2.33348
0
1.05135
0
0.722359
0
0.475792
0
0.417619
0
0.214815
0
2.19319
0
0.400748
0
0.276658
0
1.53918
0
0.383071
0
0.196709
0
1.52874
0
0.704957
0
0.0283298
0
2.67145
0
0.310004
0
0.326637
0
0.750762
0
2.38703
0
2.18517
0
1.1263
0
2.67908
0
0.756492
0
1.73897
0
2.05975
0
1.61032
0
1.81515
0
0.412228
0
0.648121
0
2.41065
0
0.170183
0
1.68525
0
1.47922
0
2.00066
0
1.36232
0
0.947484
0
0.498022
0
1.33342
0
0.986685
0
0.00675637
0
0.421657
0
0.0795589
0
0.067404
0
0.894063
0
0.639939
0
0.762753
0
1.93912
0
2.63485
0
0.526218
0
1.57456
0
0.0890868
0
0.392695
0
0.384403
0
1.43626
0
1.15133
0
2.08454
0
1.29133
0
0.556322
0
0.609416
0
1.4569
0
1.05302
0
2.12618
0
1.16074
0
0.442616
0
0.772194
0
0.368921
0
1.69819
0
0.85172
0
2.44389
0
2.26735
0
1.40438
0
0.670357
0
2.68024
0
0.695302
0
1.25851
0
0.271832
0
0.382939
0
1.52974
0
1.64698
0
1.41998
0
0.161589
0
1.96778
0
0.755006
0
0.989196
0
2.52034
0
2.2553
0
0.153559
0
0.791316
0
1.9029
0
1.30171
0
1.85934
0
1.24885
0
0.8103
0
2.50909
0
1.21025
0
0.378753
0
1.00424
0
1.88428
0
2.40332
0
0.205896
0
2.57232
0
1.85883
0
2.34985
0
1.12354
0
2.16895
0
1.98259
0
0.253995
0
1.79582
0
1.26505
0
1.97194
0
1.84812
0
2.31879
0
0.528268
0
0.30981
0
2.56627
0
0.730589
0
0.532575
0
0.381879
0
1.69638
0
2.16622
0
1.18726
0
0.130505
0
2.44841
0
0.934369
0
0.397126
0
1.41504
0
0.352265
0
1.19212
0
2.30846
0
1.05681
0
0.711702
0
1.28124
0
0.95552
0
2.08031
0
1.4692
0
1.11362
0
2.31271
0
0.290634
0
1.86039
0
1.60656
0
1.24465
0
0.252107
0
1.08989
0
1.97921
0
2.07935
0
1.29241
0
2.3552
0
2.14294
0
1.63728
0
0.0785225
0
2.61017
0
2.48604
0
2.45457
0
1.73368
0
1.37431
0
1.22216
0
1.80999
0
0.0798921
0
0.886953
0
2.12431
0
0.620539
0
0.21597
0
0.435754
0
1.38395
0
0.728043
0
0.444895
0
2.22619
0
1.92902
0
1.64726
0
1.39807
0
0.652648
0
1.83736
0
1.41725
0
0.909752
0
0.690668
0
0.811355
0
1.25415
0
2.65968
0
0.278836
0
0.463134
0
2.31352
0
0.104639
0
2.50564
0
1.18487
0
2.30318
0
1.03692
0
2.16111
0
1.27725
0
1.41774
0
1.29298
0
2.17241
0
1.8793
0
1.72912
0
2.24897
0
2.07457
0
0.912318
0
1.42551
0
0.12103
0
2.14449
0
0.441721
0
1.79374
0
1.2621
0
0.397278
0
0.568095
0
0.493497
0
2.65877
0
1.98191
0
2.02242
0
0.328506
0
1.80088
0
2.15474
0
2.38614
0
0.977337
0
2.03658
0
0.473802
0
1.89009
0
0.59903
0
1.26161
0
0.790286
0
2.67535
0
2.00767
0
0.955248
0
1.21691
0
0.108562
0
2.4883
0
1.69259
0
0.693973
0
0.55789
0
2.43706
0
1.31035
0
1.70057
0
2.17997
0
1.89222
0
2.03774
0
0.0921943
0
2.2307
0
0.0953989
0
1.01192
0
1.27803
0
1.52226
0
1.30697
0
0.0113622
0
1.91466
0
1.14531
0
0.662567
0
1.49192
0
0.665555
0
2.2291
0
0.515867
0
2.58631
0
0.227626
0
1.01501
0
1.06427
0
1.00333
0
2.23142
0
1.44572
0
0.602984
0
2.30927
0
0.417913
0
1.75062
0
2.1886
0
2.49466
0
0.701946
0
1.71495
0
1.74326
0
0.432375
0
1.6649
0
1.79128
0
2.67107
0
0.480992
0
0.733217
0
0.113534
0
1.72035
0
0.822606
0
0.785926
0
1.97586
0
0.191303
0
0.846457
0
1.46291
0
1.9243
0
0.981443
0
0.0683744
0
0.317978
0
0.375225
0
1.38713
0
1.09778
0
0.401359
0
0.449463
0
2.3467
0
0.0436692
0
0.0812385
0
0.602825
0
0.323586
0
0.226848
0
1.01402
0
0.132865
0
0.602329
0
0.363162
0
0.973325
0
1.41676
0
1.77035
0
1.2875
0
0.786621
0
1.92838
0
0.367222
0
0.373683
0
1.81707
0
0.334377
0
1.45872
0
0.609785
0
2.46353
0
0.674094
0
1.3692
0
0.831351
0
1.469
0
0.90526
0
1.71085
0
1.72438
0
0.773694
0
1.93896
0
2.27973
0
2.08855
0
0.290931
0
0.186268
0
1.68985
0
2.61197
0
0.755912
0
0.862848
0
1.84006
0
2.50339
0
1.37699
0
0.233046
0
0.598308
0
2.65658
0
0.94628
0
1.998
0
0.798985
0
1.32961
0
1.34464
0
1.24762
0
0.913448
0
2.45737
0
0.550794
0
0.970413
0
1.70741
0
2.18037
0
2.22256
0
0.108297
0
0.834137
0
1.91255
0
1.57454
0
2.035
0
0.576495
0
2.10919
0
2.45717
0
2.2215
0
2.18199
0
0.708987
0
1.70683
0
1.68546
0
2.191
0
2.64233
0
2.28149
0
0.459948
0
1.59362
0
0.548779
0
2.13442
0
2.58344
0
1.83106
0
0.759254
0
2.66566
0
0.113727
0
2.48861
0
0.734943
0
1.07255
0
2.03952
0
2.50279
0
0.904852
0
0.243214
0
1.40577
0
2.06466
0
1.84658
0
1.46507
0
1.08037
0
1.828
0
0.360442
0
2.26295
0
2.38217
0
1.49665
0
1.0899
0
2.46155
0
2.07578
0
1.04396
0
1.59654
0
0.315858
0
0.744861
0
0.91677
0
1.51655
0
2.38782
0
1.49272
0
1.66843
0
1.16735
0
0.0928073
0
1.54481
0
2.004
0
1.01933
0
0.293488
0
1.40991
0
2.52702
0
2.17966
0
0.635183
0
1.292
0
1.60295
0
1.35828
0
2.56013
0
2.34362
0
2.53663
0
2.41177
0
1.48641
0
1.35474
0
0.233604
0
0.633609
0
1.32972
0
0.301576
0
2.18724
0
0.718857
0
0.177097
0
1.22176
0
2.00363
0
1.35087
0
2.08355
0
1.08274
0
1.30891
0
1.77485
0
1.55247
0
0.277663
0
0.749744
0
0.790821
0
1.50278
0
1.99298
0
2.15101
0
1.01926
0
0.609255
0
2.15336
0
1.13299
0
1.77911
0
2.49427
0
1.21941
0
1.63031
0
1.36994
0
0.768722
0
2.25547
0
2.20382
0
0.674017
0
0.626344
0
0.65369
0
0.353482
0
1.86246
0
0.540198
0
1.67834
0
0.497018
0
0.924832
0
2.47559
0
2.21074
0
2.12061
0
0.72284
0
1.04774
0
0.798054
0
2.07278
0
0.151278
0
1.99035
0
2.67774
0
0.42321
0
1.95857
0
0.282608
0
2.31265
0
0.75745
0
0.562513
0
1.39491
0
0.12953
0
1.91141
0
1.54206
0
2.62387
0
0.768883
0
2.34253
0
0.850303
0
2.57647
0
0.254749
0
0.109189
0
2.18061
0
1.64151
0
1.73427
0
2.59669
0
0.0612438
0
2.11837
0
2.19351
0
1.42149
0
2.49948
0
1.06507
0
1.87119
0
1.09755
0
2.13628
0
2.23691
0
1.33763
0
2.14776
0
0.853267
0
1.79234
0
1.16821
0
2.10493
0
1.56081
0
0.630731
0
1.60277
0
2.32633
0
0.446351
0
2.48175
0
1.25927
0
1.85711
0
0.136518
0
0.183032
0
0.558215
0
0.495812
0
2.12945
0
0.149591
0
1.07263
0
1.23955
0
1.17587
0
1.02849
0
0.291632
0
2.48195
0
0.592994
0
0.966191
0
1.21665
0
0.851262
0
0.653344
0
2.48734
0
0.438819
0
0.232394
0
1.98568
0
0.917171
0
1.0429
0
2.58358
0
2.38539
0
1.13026
0
2.38668
0
0.859664
0
1.34179
0
2.13422
0
1.38873
0
1.64433
0
2.05445
0
1.80928
0
2.54391
0
1.79887
0
2.18585
0
2.54281
0
2.38394
0
1.59679
0
1.69544
0
0.668558
0
1.81325
0
0.33048
0
1.661
0
0.270467
0
0.862426
0
0.26652
0
1.78789
0
2.12335
0
2.49232
0
1.00061
0
2.20203
0
1.15747
0
0.215296
0
0.412538
0
2.05903
0
1.44371
0
0.210744
0
0.0673082
0
2.56403
0
1.84693
0
1.8493
0
0.691743
0
1.08697
0
2.35703
0
2.6645
0
0.761714
0
1.5665
0
0.873204
0
2.03036
0
0.694428
0
0.650401
0
0.464979
0
0.489079
0
1.18435
0
2.43972
0
1.6976
0
0.1539
0
0.961629
0
2.66573
0
0.992322
0
2.15689
0
2.64322
0
0.442047
0
0.489908
0
0.426436
0
1.97692
0
2.03582
0
2.31024
0
2.48996
0
2.35169
0
0.479801
0
1.83453
0
1.97313
0
1.25019
0
2.4675
0
0.301388
0
0.882221
0
0.709373
0
1.90421
0
0.625597
0
2.20529
0
1.22184
0
0.932234
0
2.42082
0
1.77371
0
1.70798
0
0.0209779
0
1.07496
0
2.66362
0
0.44099
0
2.4305
0
0.760324
0
2.07819
0
2.63563
0
2.02359
0
0.600208
0
1.51774
0
2.04625
0
1.16316
0
1.18812
0
1.23813
0
0.212469
0
0.0503598
0
0.237894
0
2.12395
0
1.47995
0
2.58921
0
0.256228
0
0.310501
0
2.5499
0
1.12734
0
1.29117
0
0.0283864
0
2.27555
0
0.745364
0
0.706598
0
2.53209
0
0.0449905
0
0.0509738
0
0.152396
0
0.134233
0
1.60319
0
2.42979
0
0.0399365
0
2.38587
0
0.703999
0
2.47033
0
2.01855
0
2.20689
0
2.15592
0
2.07129
0
0.174248
0
0.758813
0
2.23924
0
1.34181
0
0.724248
0
0.00541571
0
0.980181
0
1.51345
0
0.138892
0
0.814107
0
1.09324
0
2.41387
0
0.843181
0
2.13776
0
1.70703
0
2.61812
0
2.31311
0
2.16908
0
1.35061
0
0.72624
0
2.24825
0
0.447293
0
0.309774
0
1.76742
0
1.85243
0
1.88472
0
1.23576
0
1.66152
0
0.751893
0
0.1565
0
0.845568
0
1.7018
0
2.3102
0
0.918691
0
1.2429
0
1.76809
0
1.35723
0
0.811967
0
1.91226
0
0.115979
0
0.0729009
0
1.25068
0
2.25041
0
0.0535603
0
1.83709
0
1.12784
0
1.35612
0
2.39604
0
1.38605
0
2.1144
0
0.283048
0
0.0995965
0
1.5814
0
1.33804
0
1.6132
0
1.29483
0
1.34846
0
2.01868
0
0.0270374
0
0.680331
0
0.0845444
0
0.962453
0
1.60829
0
1.09505
0
0.5008
0
0.465661
0
1.17658
0
1.11039
0
1.54988
0
0.743507
0
0.864684
0
0.753783
0
1.91033
0
1.59882
0
1.83189
0
0.25648
0
0.529424
0
2.67464
0
0.338955
0
1.11157
0
0.931706
0
1.35419
0
2.01354
0
2.30029
0
1.20359
0
2.2083
0
0.572782
0
1.36064
0
1.8212
0
1.15539
0
1.05081
0
0.806405
0
2.3805
0
1.38446
0
2.03923
0
1.23665
0
0.729579
0
2.45637
0
0.524132
0
1.17802
0
0.980905
0
1.89668
0
1.83141
0
0.268008
0
0.39591
0
2.51753
0
0.297253
0
1.53154
0
1.50365
0
1.0734
0
0.9338
0
1.05937
0
1.87246
0
1.38174
0
1.61285
0
2.58306
0
1.815
0
0.800028
0
1.51563
0
1.37787
0
1.01014
0
2.35207
0
2.37966
0
2.46237
0
1.48393
0
2.22582
0
1.45366
0
0.315596
0
1.51162
0
1.9218
0
0.550258
0
1.90368
0
0.362256
0
0.104535
0
1.94285
0
2.59788
0
0.135527
0
1.05798
0
0.0982674
0
0.935727
0
2.37283
0
1.71503
0
2.48485
0
1.29138
0
2.10679
0
1.98067
0
0.427552
0
0.751693
0
1.35726
0
0.555021
0
2.00451
0
1.60946
0
2.51911
0
2.19794
0
1.00292
0
2.26186
0
1.91937
0
1.05884
0
2.15057
0
1.26338
0
0.47816
0
1.1391
0
1.35431
0
1.87095
0
0.492307
0
2.00507
0
0.0936029
0
2.06864
0
1.96208
0
0.725365
0
2.27554
0
0.383654
0
1.27595
0
0.0675809
0
0.0856894
0
0.128092
0
2.02764
0
1.22075
0
1.21332
0
0.798151
0
0.29724
0
0.0369471
0
1.41325
0
0.255927
0
0.89891
0
0.619542
0
2.58421
0
1.00022
0
1.68672
0
0.789028
0
1.1828
0
2.13758
0
1.82876
0
2.61418
0
0.941794
0
0.914653
0
2.61184
0
1.24486
0
1.48591
0
1.43497
0
1.37972
0
2.6499
0
0.985172
0
2.09735
0
2.19722
0
1.99192
0
2.27214
0
0.0295258
0
2.18102
0
2.55096
0
0.306883
0
2.31444
0
1.68239
0
2.22241
0
1.19673
0
2.3883
0
2.06459
0
1.47885
0
1.54532
0
1.58188
0
1.34021
0
1.10475
0
1.46435
0
1.81765
0
2.58589
0
0.610253
0
1.01393
0
0.978221
0
1.47923
0
1.36875
0
2.23974
0
1.41384
0
2.33879
0
1.76158
0
2.35468
0
1.62998
0
1.78551
0
2.00741
0
2.03342
0
0.996486
0
2.50621
0
2.16007
0
0.603972
0
0.456875
0
0.143475
0
0.567554
0
2.09995
0
1.3934
0
1.85821
0
0.722668
0
1.64371
0
2.52813
0
2.47719
0
0.6111
0
1.31688
0
0.855491
0
0.239569
0
1.94159
0
1.63997
0
2.37723
0
0.470255
0
2.35247
0
1.01945
0
0.555306
0
1.19181
0
1.49081
0
0.987035
0
0.65893
0
1.53172
0
1.47533
0
1.00821
0
1.27616
0
2.48743
0
0.446589
0
1.40117
0
2.23371
0
1.22136
0
1.44919
0
0.70382
0
0.526933
0
1.55567
0
0.273675
0
2.00332
0
0.85871
0
1.29868
0
0.681541
0
1.89321
0
0.693205
0
0.661709
0
1.19278
0
0.196614
0
0.849677
0
0.816952
0
2.58246
0
1.49063
0
0.00683426
0
2.2809
0
1.57198
0
0.999702
0
0.357941
0
2.34746
0
1.04128
0
1.92195
0
2.0854
0
2.48869
0
1.49501
0
1.77913
0
2.41614
0
1.34489
0
1.13611
0
0.750034
0
0.0366368
0
2.07544
0
1.38425
0
1.92956
0
1.8907
0
1.25044
0
1.40853
0
2.22645
0
2.22499
0
1.80505
0
2.27398
0
2.2344
0
0.056615
0
2.62139
0
0.409655
0
0.821538
0
2.57745
0
0.873433
0
2.0436
0
1.21419
0
1.79814
0
1.96079
0
0.284708
0
1.78919
0
1.68034
0
0.296388
0
0.0577949
0
1.84208
0
2.03711
0
2.19232
0
0.0271323
0
0.877088
0
1.70309
0
0.358387
0
1.42396
0
1.58166
0
1.78283
0
1.60771
0
2.17274
0
1.64512
0
1.13026
0
0.0484215
0
2.60194
0
1.85208
0
2.56653
0
2.39382
0
1.26642
0
0.425444
0
1.23247
0
1.14818
0
2.66121
0
2.16051
0
1.7929
0
0.0484327
0
2.0276
0
0.207301
0
1.93335
0
1.13305
0
2.55918
0
2.13037
0
0.948296
0
1.91203
0
0.03653
0
1.71933
0
1.09412
0
2.5465
0
1.39181
0
1.56201
0
2.48078
0
0.561888
0
1.71207
0
2.10357
0
0.497769
0
0.920813
0
0.387676
0
2.51941
0
2.1127
0
2.38296
0
1.63716
0
1.41221
0
0.625888
0
0.892313
0
2.35878
0
1.2445
0
0.867709
0
1.85321
0
0.46959
0
1.7553
0
0.565957
0
2.46049
0
1.03919
0
1.18757
0
0.0437971
0
1.99805
0
2.06466
0
2.50901
0
1.02866
0
0.187475
0
1.78169
0
1.55809
0
0.313256
0
0.0375561
0
2.34459
0
1.11926
0
2.61577
0
2.10174
0
0.52544
0
0.469941
0
1.03047
0
1.1744
0
0.253756
0
2.65193
0
1.7961
0
0.333214
0
0.840471
0
2.14473
0
2.0973
0
1.5418
0
0.253488
0
0.58051
0
2.6109
0
1.17865
0
0.294386
0
0.839096
0
1.48261
0
1.01929
0
0.0593947
0
2.1976
0
0.390072
0
1.99816
0
1.32863
0
2.25276
0
2.41111
0
1.55374
0
0.0771833
0
0.293984
0
1.53721
0
0.147908
0
0.953832
0
0.345954
0
1.48829
0
0.312528
0
0.568046
0
0.825605
0
1.84574
0
0.140572
0
1.45436
0
0.311006
0
0.095058
0
0.407425
0
2.47161
0
0.736863
0
1.34648
0
0.240269
0
1.60244
0
1.69251
0
2.61932
0
1.54827
0
1.21365
0
2.53418
0
0.346842
0
1.85659
0
0.457862
0
2.54776
0
0.694648
0
0.530038
0
0.216195
0
0.384148
0
2.50508
0
2.11177
0
0.696781
0
2.33708
0
2.5311
0
1.52243
0
1.47301
0
1.2583
0
1.4549
0
2.40346
0
1.67447
0
0.407539
0
1.35306
0
0.296992
0
0.835267
0
0.778818
0
0.223888
0
1.62746
0
1.36401
0
2.23067
0
2.24016
0
1.72727
0
0.20404
0
0.283872
0
0.206585
0
0.502148
0
2.51237
0
2.5146
0
1.96286
0
2.30071
0
0.804004
0
0.545825
0
2.13294
0
1.21449
0
0.194974
0
0.0745239
0
1.96108
0
0.384584
0
0.424121
0
1.65841
0
1.54905
0
0.719612
0
2.05443
0
1.00656
0
2.29368
0
1.73921
0
0.42913
0
0.89016
0
0.905959
0
2.32671
0
0.909217
0
1.52338
0
2.36647
0
0.959023
0
2.16603
0
1.38543
0
0.78601
0
1.63019
0
1.4482
0
2.39922
0
0.870817
0
0.10257
0
2.44301
0
0.848046
0
0.400224
0
0.450014
0
0.0174751
0
1.91365
0
0.935233
0
0.451183
0
2.22712
0
0.520659
0
2.26998
0
0.688779
0
1.39907
0
0.470514
0
2.34916
0
2.08065
0
0.734581
0
1.81302
0
1.82647
0
1.89088
0
2.37209
0
2.28281
0
1.26314
0
1.90401
0
0.959062
0
1.7371
0
0.822197
0
2.22359
0
1.96291
0
1.65074
0
0.345445
0
0.447814
0
1.00336
0
0.975381
0
1.55739
0
0.640647
0
2.41558
0
2.53226
0
0.540116
0
1.84384
0
0.270708
0
1.1019
0
0.7669
0
1.11267
0
1.34618
0
1.62587
0
2.08759
0
2.16488
0
2.59253
0
1.59078
0
0.354485
0
1.59888
0
0.81527
0
2.58352
0
0.379409
0
0.942612
0
1.13542
0
2.38373
0
1.73645
0
0.890268
0
1.85311
0
1.05121
0
1.65619
0
0.807532
0
1.16284
0
0.897541
0
0.599316
0
0.0206503
0
0.927727
0
0.0554129
0
2.20892
0
0.230495
0
1.15482
0
2.64713
0
2.20839
0
1.0784
0
2.65027
0
0.730348
0
1.5438
0
1.84996
0
0.864668
0
1.56645
0
1.83041
0
1.24565
0
0.125842
0
0.662682
0
0.699108
0
2.321
0
0.0656927
0
1.50639
0
0.60132
0
2.59957
0
0.464222
0
2.30451
0
0.191212
0
0.479403
0
2.42235
0
2.20678
0
0.543836
0
1.12612
0
2.5127
0
0.434762
0
2.4909
0
0.0588141
0
0.738521
0
2.10986
0
0.455599
0
2.35115
0
2.14087
0
0.39161
0
1.57503
0
0.475735
0
2.22387
0
0.495408
0
1.50753
0
2.619
0
1.51629
0
2.31009
0
1.52923
0
1.20023
0
1.13331
0
2.15916
0
0.116868
0
2.11755
0
0.0488655
0
0.613529
0
0.559069
0
0.207607
0
2.33431
0
1.06519
0
2.55323
0
1.38472
0
1.29223
0
1.73741
0
1.18687
0
1.9914
0
0.387799
0
1.19016
0
2.15759
0
1.26357
0
2.14498
0
1.10757
0
0.931651
0
2.05896
0
1.12959
0
1.10792
0
2.01308
0
0.720968
0
2.62208
0
1.8735
0
1.72789
0
1.38935
0
0.799438
0
0.166425
0
1.89618
0
2.66194
0
1.16982
0
2.3772
0
1.13638
0
1.71326
0
2.04593
0
0.897503
0
0.215054
0
0.746879
0
2.10825
0
1.18757
0
0.540311
0
1.98506
0
1.25396
0
1.21893
0
2.5115
0
2.5268
0
1.8853
0
2.4134
0
0.770314
0
0.920618
0
1.08485
0
0.0758105
0
1.90247
0
1.71641
0
0.149607
0
1.70104
0
1.52535
0
0.311378
0
1.3844
0
1.99464
0
2.24086
0
0.965403
0
0.0750892
0
0.821894
0
2.14292
0
2.01445
0
2.16825
0
2.67389
0
0.762723
0
1.25039
0
1.71365
0
0.160476
0
1.66077
0
0.581691
0
1.8896
0
1.12364
0
2.30633
0
1.2656
0
1.21968
0
1.06226
0
0.322146
0
0.0761327
0
0.53317
0
1.81843
0
2.67292
0
2.11359
0
1.7047
0
0.781392
0
0.232011
0
0.516366
0
2.3049
0
0.620767
0
1.9567
0
0.399979
0
0.0970543
0
0.109996
0
1.25105
0
2.20885
0
2.60847
0
0.267219
0
0.303028
0
0.712612
0
1.18229
0
1.65465
0
0.211399
0
1.01476
0
1.34348
0
0.503105
0
1.44614
0
1.5287
0
2.30526
0
1.40115
0
0.767736
0
2.20424
0
0.0399097
0
1.69082
0
0.880172
0
1.82439
0
2.27421
0
1.08368
0
0.41105
0
1.88764
0
2.4626
0
1.69538
0
0.358615
0
0.0202137
0
0.634607
0
2.1982
0
0.0422776
0
2.53188
0
1.45202
0
0.451183
0
1.89822
0
2.42942
0
0.909309
0
0.231711
0
2.43369
0
1.04137
0
0.483696
0
0.545626
0
0.959873
0
0.549129
0
2.30928
0
2.60207
0
1.7988
0
1.26263
0
0.678862
0
0.816781
0
1.05081
0
1.94467
0
2.54745
0
2.31167
0
1.28235
0
0.231602
0
2.41523
0
0.191251
0
1.12796
0
1.6535
0
0.827642
0
1.37497
0
1.71653
0
1.80798
0
1.44161
0
1.73623
0
1.48593
0
0.789925
0
1.92161
0
0.211904
0
0.115089
0
1.47379
0
2.39085
0
0.775774
0
1.09693
0
0.38101
0
0.816517
0
1.18093
0
1.20122
0
2.38669
0
2.2485
0
0.657935
0
2.13561
0
2.33972
0
1.38607
0
0.948566
0
1.64487
0
0.384615
0
2.2782
0
0.581387
0
0.882863
0
0.223525
0
1.33504
0
1.04113
0
0.784932
0
1.04334
0
2.27458
0
0.794348
0
2.34353
0
0.770176
0
1.80198
0
2.02949
0
1.29917
0
2.66062
0
0.369572
0
2.06975
0
0.829754
0
2.01632
0
2.49856
0
0.0399899
0
2.48457
0
0.881726
0
0.637082
0
0.307021
0
2.57086
0
1.882
0
0.628726
0
0.784761
0
0.254884
0
0.939768
0
1.2626
0
0.0285019
0
1.46343
0
0.179741
0
1.90512
0
1.32039
0
0.965477
0
1.37003
0
0.523897
0
1.18528
0
0.255122
0
0.282481
0
1.66221
0
1.40061
0
0.993566
0
2.26192
0
0.567944
0
1.99509
0
1.69256
0
0.010627
0
0.865239
0
0.118945
0
1.33922
0
2.34107
0
1.92454
0
0.0613557
0
0.550433
0
2.04383
0
1.68358
0
2.10609
0
0.29698
0
2.37907
0
1.88732
0
1.34617
0
0.780033
0
1.05178
0
0.901233
0
1.91624
0
0.898026
0
0.866892
0
2.6345
0
0.859083
0
0.772411
0
0.666102
0
1.12202
0
2.31534
0
2.2389
0
1.15216
0
1.2914
0
1.93429
0
0.928437
0
0.0712141
0
0.158181
0
0.363805
0
1.05061
0
1.04335
0
0.742207
0
0.132467
0
1.80998
0
2.1682
0
2.09651
0
1.55128
0
1.80532
0
2.43765
0
0.250411
0
0.898125
0
1.59471
0
2.3954
0
0.946386
0
0.0234818
0
1.04984
0
0.785835
0
1.59244
0
1.12395
0
0.714377
0
1.75418
0
1.50727
0
1.55895
0
1.87029
0
0.0450182
0
2.25383
0
0.534827
0
0.765865
0
0.848862
0
0.241245
0
1.77776
0
2.40926
0
1.83609
0
2.02928
0
0.423195
0
0.989536
0
1.5058
0
1.00341
0
1.2076
0
1.27914
0
0.188947
0
1.09812
0
0.809216
0
2.47278
0
1.14485
0
1.37933
0
1.64062
0
2.32036
0
0.536979
0
0.38893
0
0.764125
0
0.475329
0
2.29441
0
1.07681
0
1.26595
0
1.14784
0
0.606555
0
1.68799
0
0.809109
0
1.09025
0
1.71846
0
2.45288
0
2.63302
0
0.0850805
0
2.55043
0
1.80589
0
0.346867
0
2.27429
0
2.61135
0
1.25869
0
2.41005
0
0.95903
0
1.63783
0
1.42467
0
1.12438
0
2.63474
0
0.203212
0
1.6735
0
0.75005
0
1.99606
0
1.26018
0
0.218754
0
0.15561
0
1.63744
0
1.31463
0
1.63371
0
0.121907
0
0.468117
0
0.526014
0
2.40809
0
2.45905
0
0.183791
0
0.240276
0
2.20944
0
1.4128
0
0.35108
0
1.78885
0
2.34703
0
2.60707
0
1.44314
0
0.0945775
0
2.63583
0
0.350699
0
0.849052
0
0.15564
0
1.54725
0
1.08231
0
1.93025
0
1.13985
0
1.60817
0
2.58481
0
1.12532
0
1.71633
0
0.254966
0
0.957495
0
2.54108
0
0.650133
0
0.392069
0
0.575617
0
0.758581
0
0.398219
0
1.15722
0
2.41663
0
0.322352
0
2.52444
0
0.279941
0
0.787134
0
2.66505
0
2.08451
0
0.293051
0
0.943479
0
0.0171422
0
1.81681
0
2.57222
0
2.27719
0
0.329946
0
2.5851
0
0.694663
0
0.995889
0
2.14311
0
1.38195
0
1.68698
0
2.08201
0
0.43035
0
1.58372
0
1.72598
0
1.08014
0
2.38061
0
2.57461
0
1.44424
0
2.21491
0
2.04051
0
2.33824
0
2.15429
0
1.60979
0
0.910915
0
1.37864
0
2.47382
0
2.20455
0
0.058517
0
0.424651
0
2.14904
0
0.653454
0
1.24375
0
0.662175
0
1.3714
0
2.66376
0
1.93228
0
2.62084
0
0.248639
0
2.07452
0
1.3929
0
1.45228
0
1.51089
0
2.24834
0
0.146087
0
0.333103
0
2.23187
0
2.66824
0
2.34372
0
1.07092
0
2.55717
0
0.404828
0
1.2769
0
0.193818
0
2.5908
0
0.036383
0
1.48739
0
1.91048
0
2.20911
0
0.921166
0
0.388488
0
0.836175
0
2.23041
0
2.56827
0
1.52107
0
1.29927
0
0.153476
0
0.365463
0
1.38557
0
1.86562
0
1.21348
0
0.390924
0
2.63467
0
1.8457
0
1.38641
0
1.43006
0
1.75751
0
0.0631813
0
0.715826
0
2.18959
0
1.74956
0
1.28431
0
0.623091
0
0.395773
0
2.0321
0
0.0710721
0
2.45748
0
0.302118
0
1.1129
0
0.00930016
0
0.627195
0
1.07116
0
1.89774
0
2.34394
0
0.580177
0
0.0532447
0
1.34248
0
1.38389
0
2.17904
0
1.92409
0
0.668988
0
0.320992
0
1.55639
0
1.72033
0
0.233831
0
2.66179
0
2.51732
0
2.58615
0
2.0235
0
1.4743
0
1.98349
0
0.412862
0
1.08872
0
1.84491
0
0.866853
0
0.71996
0
2.3449
0
2.25609
0
1.98516
0
1.98754
0
0.315675
0
2.06341
0
1.081
0
2.29963
0
2.19599
0
0.496408
0
0.651431
0
1.79931
0
1.56244
0
1.05927
0
1.28376
0
1.95975
0
0.101666
0
2.53871
0
1.0739
0
0.811535
0
2.51018
0
0.336818
0
0.146781
0
1.80095
0
0.989543
0
2.16819
0
0.634916
0
2.26598
0
0.129652
0
2.26211
0
2.6513
0
0.550937
0
2.25105
0
0.322947
0
2.58081
0
2.3415
0
0.430091
0
0.277177
0
0.319597
0
0.39953
0
1.35815
0
1.57709
0
0.067204
0
2.10444
0
1.55885
0
0.979226
0
0.0997608
0
0.501098
0
2.64485
0
1.61613
0
1.28441
0
0.395022
0
0.311597
0
2.6329
0
0.799541
0
1.44015
0
2.28587
0
1.20501
0
0.926623
0
1.64374
0
2.26037
0
0.103168
0
1.70443
0
0.166065
0
0.271331
0
1.4724
0
0.382075
0
1.32054
0
1.2437
0
0.505049
0
1.29218
0
0.759264
0
2.18649
0
0.496029
0
1.33133
0
1.50072
0
0.126055
0
0.452849
0
2.65297
0
0.0102759
0
1.98814
0
0.264174
0
2.07957
0
0.689207
0
0.760292
0
1.10408
0
1.21673
0
1.29471
0
1.66456
0
0.817025
0
1.50594
0
0.0673792
0
2.40184
0
0.165987
0
1.58784
0
0.82119
0
0.411697
0
2.05143
0
0.628118
0
0.0807164
0
2.26438
0
0.313761
0
1.20351
0
2.17195
0
1.36397
0
1.90392
0
2.15766
0
0.31589
0
1.76288
0
2.28177
0
1.71329
0
1.45142
0
0.499679
0
1.04315
0
2.51841
0
1.23035
0
1.70587
0
0.300201
0
1.90308
0
1.04292
0
1.38549
0
1.16741
0
2.25172
0
0.277253
0
0.0390317
0
1.39667
0
1.75963
0
0.779946
0
0.319732
0
1.15034
0
1.27764
0
1.98741
0
0.705583
0
2.32514
0
2.43123
0
1.63725
0
2.21663
0
2.54751
0
2.40867
0
0.893913
0
2.148
0
0.75492
0
0.157366
0
0.162658
0
1.74999
0
0.312209
0
1.55863
0
1.24426
0
0.35342
0
1.5946
0
1.03004
0
0.469731
0
0.188678
0
1.75284
0
1.65749
0
1.2283
0
1.58115
0
0.936701
0
0.656917
0
1.49938
0
0.163904
0
0.230514
0
0.990425
0
1.0854
0
1.87317
0
1.4305
0
1.57143
0
2.181
0
2.14125
0
0.811096
0
2.44473
0
0.804633
0
1.3328
0
1.43717
0
2.54469
0
2.46801
0
1.73451
0
1.05767
0
0.842137
0
0.678279
0
0.0509063
0
2.27396
0
1.19445
0
1.24984
0
1.72094
0
2.17207
0
1.84297
0
1.20719
0
0.692627
0
0.478193
0
2.11933
0
2.15992
0
0.560966
0
0.39403
0
0.0186253
0
0.949393
0
1.41901
0
2.63866
0
0.601626
0
0.731568
0
0.489423
0
0.371275
0
0.189134
0
1.48604
0
2.22712
0
1.83186
0
0.913098
0
1.9762
0
1.31522
0
0.249205
0
2.64297
0
1.71491
0
0.267226
0
1.53467
0
0.595205
0
0.956271
0
2.46956
0
2.59541
0
1.00601
0
0.31955
0
2.45532
0
0.923435
0
0.0284173
0
1.86101
0
2.00893
0
1.4848
0
0.163449
0
0.43941
0
0.762169
0
1.5108
0
2.33386
0
1.22488
0
0.410421
0
2.17489
0
1.70053
0
0.757597
0
2.25073
0
1.04898
0
1.84781
0
2.24588
0
1.39355
0
2.64357
0
1.05249
0
0.666947
0
0.455417
0
1.48373
0
1.03737
0
1.26221
0
0.0453187
0
0.295305
0
1.50308
0
1.07549
0
0.646183
0
2.4706
0
0.00484373
0
2.67807
0
2.1625
0
1.46906
0
0.511593
0
1.86997
0
0.538057
0
2.40385
0
1.18746
0
2.42169
0
1.03712
0
0.0370699
0
2.51655
0
1.65809
0
0.433732
0
2.56002
0
0.316335
0
0.991582
0
0.981801
0
0.189667
0
0.0484735
0
1.5087
0
2.37979
0
2.17307
0
1.71023
0
1.58669
0
0.686476
0
2.15599
0
0.199125
0
0.811579
0
0.534634
0
1.99966
0
0.854121
0
0.980496
0
1.49029
0
1.66842
0
0.988814
0
0.887086
0
0.642059
0
0.786251
0
0.036133
0
0.850322
0
0.260748
0
1.02354
0
1.46946
0
2.26982
0
2.27077
0
1.77057
0
2.5423
0
0.848106
0
0.361471
0
1.0541
0
1.30618
0
2.23112
0
2.20621
0
2.26351
0
2.53786
0
0.0781029
0
1.37394
0
0.534032
0
0.864071
0
1.40696
0
1.07086
0
1.59207
0
0.984716
0
1.74522
0
2.20248
0
1.66831
0
1.11366
0
0.491217
0
1.43283
0
1.89948
0
2.02786
0
2.12161
0
1.67116
0
1.2074
0
2.54926
0
0.997671
0
1.61175
0
1.57833
0
0.095271
0
1.59214
0
0.567864
0
0.274824
0
2.09164
0
2.00489
0
0.542999
0
1.60494
0
0.608435
0
1.06124
0
2.22001
0
1.20537
0
0.892044
0
0.290271
0
2.66631
0
1.43897
0
0.249831
0
1.86929
0
1.66399
0
1.22099
0
0.315353
0
0.955445
0
1.35772
0
1.62593
0
1.53058
0
1.07208
0
2.28842
0
2.28847
0
1.51291
0
0.0736151
0
0.9403
0
2.20304
0
1.18345
0
1.59192
0
1.86167
0
1.94148
0
0.394829
0
0.810463
0
1.22876
0
1.1831
0
0.645545
0
0.97305
0
1.42888
0
0.683335
0
1.8576
0
2.3486
0
2.67679
0
1.86737
0
0.913235
0
0.510277
0
2.16243
0
0.84694
0
0.018779
0
0.581827
0
0.693824
0
1.52449
0
0.0625225
0
0.88619
0
1.32072
0
2.09869
0
2.18403
0
0.646998
0
1.1994
0
0.262173
0
0.210101
0
1.30482
0
0.839174
0
1.36134
0
0.939316
0
0.0921703
0
1.8226
0
2.44065
0
2.40594
0
2.22888
0
1.90851
0
1.24617
0
0.195035
0
1.89725
0
1.69115
0
1.72724
0
1.38594
0
1.08327
0
0.824682
0
2.33955
0
2.53442
0
1.97483
0
1.99761
0
2.2322
0
1.37071
0
0.272371
0
1.11985
0
0.965504
0
0.498391
0
0.744929
0
1.13688
0
1.62459
0
0.374194
0
0.367365
0
1.02761
0
1.31139
0
0.250229
0
1.20018
0
1.09753
0
2.06325
0
1.42742
0
2.0495
0
0.651122
0
0.0204694
0
0.962299
0
1.70287
0
2.21879
0
0.0165767
0
1.04093
0
0.0168688
0
1.16471
0
2.55241
0
1.05566
0
1.83539
0
1.45651
0
0.400196
0
2.3041
0
2.63107
0
0.388117
0
1.5343
0
0.335687
0
1.09302
0
0.443982
0
2.54701
0
0.859513
0
1.22535
0
0.203009
0
0.232672
0
2.09052
0
1.49932
0
1.02884
0
0.446321
0
1.71569
0
1.13666
0
0.418905
0
1.49579
0
1.25618
0
0.704138
0
2.21676
0
2.6159
0
1.17312
0
2.0318
0
0.225818
0
0.827961
0
1.92662
0
1.63752
0
1.18888
0
1.60624
0
2.17462
0
1.04201
0
0.108045
0
0.133805
0
1.45497
0
0.456842
0
2.08295
0
2.06242
0
2.61875
0
1.54714
0
1.79718
0
2.34494
0
1.36763
0
1.71435
0
2.32282
0
0.378717
0
2.56606
0
0.27014
0
1.85861
0
2.32485
0
0.330858
0
0.308654
0
2.68003
0
2.54434
0
1.68952
0
1.09307
0
0.776557
0
0.565222
0
1.76233
0
1.71562
0
0.538601
0
1.81056
0
1.52056
0
0.245248
0
0.241577
0
2.35515
0
2.39175
0
1.67386
0
1.60938
0
0.881686
0
0.881275
0
0.56708
0
2.33956
0
1.71953
0
0.811479
0
1.97361
0
2.02993
0
0.231921
0
1.84355
0
0.486795
0
1.75278
0
1.80493
0
1.06238
0
0.191595
0
0.95168
0
1.06053
0
0.908086
0
0.48063
0
0.908325
0
1.89183
0
2.44875
0
0.440263
0
1.23059
0
2.55586
0
1.23234
0
0.578472
0
1.88229
0
0.374183
0
1.88428
0
2.00147
0
0.457838
0
1.7825
0
2.67788
0
0.260594
0
1.11773
0
2.37908
0
1.3766
0
0.648675
0
1.4653
0
1.65051
0
1.97592
0
0.131716
0
1.56753
0
2.27082
0
0.787355
0
1.91725
0
1.76447
0
0.0608142
0
2.48913
0
0.241804
0
1.13065
0
0.771236
0
1.17424
0
1.27487
0
1.65484
0
0.740405
0
1.56359
0
0.336425
0
0.658444
0
2.25129
0
2.66205
0
0.363555
0
0.921851
0
2.52095
0
1.83006
0
0.21023
0
0.0193173
0
0.0194042
0
1.77953
0
2.30741
0
2.39778
0
1.71479
0
1.70634
0
0.380373
0
2.15838
0
1.13892
0
0.163324
0
1.76635
0
1.51275
0
1.5163
0
2.54294
0
1.08309
0
2.20039
0
0.873251
0
0.924844
0
2.56978
0
2.05827
0
1.27792
0
2.63052
0
1.15282
0
2.17568
0
2.12549
0
2.47682
0
1.13715
0
2.32425
0
1.76081
0
0.959509
0
0.248035
0
1.91185
0
0.690065
0
1.55258
0
0.280916
0
2.27879
0
1.43597
0
1.24438
0
1.09836
0
2.14386
0
2.49915
0
1.02864
0
1.14311
0
1.27427
0
1.3141
0
1.51761
0
0.047144
0
2.59799
0
0.336123
0
1.05108
0
0.55476
0
0.686812
0
1.25975
0
2.55793
0
1.37534
0
1.62838
0
1.98213
0
0.19057
0
2.36013
0
1.70121
0
2.09556
0
1.32441
0
1.46298
0
0.779593
0
2.06154
0
1.95643
0
2.20885
0
0.133828
0
1.86081
0
1.09197
0
0.834406
0
1.13165
0
1.4275
0
0.0554125
0
2.1835
0
2.25451
0
0.0577798
0
0.592284
0
1.17658
0
0.775274
0
2.65344
0
1.16234
0
2.29317
0
1.18675
0
1.64702
0
0.901733
0
2.58033
0
0.662627
0
0.419682
0
1.63286
0
0.805024
0
2.3426
0
1.6386
0
2.24549
0
0.620687
0
0.226204
0
1.07268
0
1.50411
0
0.36842
0
0.578525
0
2.52375
0
0.974868
0
1.3531
0
0.260192
0
2.50872
0
0.0192519
0
1.23884
0
0.315345
0
1.62317
0
1.95686
0
2.45339
0
0.403421
0
1.76696
0
1.2932
0
1.52846
0
2.62285
0
2.27218
0
2.07118
0
0.873601
0
1.53046
0
2.38536
0
2.65566
0
2.36297
0
2.11813
0
1.10829
0
2.3346
0
1.14773
0
0.11974
0
1.55205
0
1.28372
0
0.862182
0
2.66603
0
1.49625
0
1.0836
0
1.31541
0
1.49177
0
1.30065
0
2.02504
0
1.33493
0
0.899175
0
1.33312
0
1.86441
0
0.753351
0
2.1101
0
2.64861
0
0.51962
0
1.90439
0
0.0464164
0
1.7671
0
2.10605
0
1.93298
0
0.626506
0
1.56424
0
1.31128
0
0.972483
0
0.520953
0
0.170393
0
1.47909
0
1.84098
0
1.19423
0
1.29666
0
2.16515
0
1.95916
0
1.92927
0
1.14699
0
0.616034
0
0.648847
0
2.29491
0
0.90452
0
1.29457
0
0.75968
0
1.87336
0
1.50583
0
2.2018
0
2.43898
0
2.30069
0
2.40835
0
0.330024
0
0.367371
0
2.60078
0
0.491673
0
0.977288
0
0.132671
0
1.51344
0
1.0136
0
0.440985
0
0.136387
0
1.38808
0
1.52523
0
2.59004
0
2.44084
0
1.03752
0
0.471039
0
0.832773
0
2.06842
0
1.81494
0
2.25071
0
1.11496
0
1.00506
0
1.64556
0
1.14039
0
2.60174
0
1.35551
0
1.73984
0
2.65827
0
0.0881646
0
0.419077
0
1.5298
0
0.58895
0
1.93576
0
2.11109
0
0.112041
0
1.32743
0
1.23957
0
1.43318
0
2.65574
0
1.53817
0
0.847556
0
2.04271
0
0.253561
0
2.33009
0
0.995852
0
0.1553
0
0.951339
0
2.23485
0
1.95211
0
0.0889477
0
0.898182
0
0.0409086
0
2.26753
0
0.478848
0
1.54496
0
1.17197
0
1.10911
0
1.47652
0
1.12463
0
1.67568
0
2.29926
0
2.46698
0
1.04386
0
1.10666
0
0.76532
0
0.160446
0
1.18379
0
0.712438
0
1.52378
0
2.38288
0
0.666585
0
2.28921
0
2.44765
0
1.48464
0
0.856004
0
1.27228
0
1.36073
0
1.54953
0
2.12432
0
1.84965
0
2.52843
0
2.19123
0
0.593842
0
1.14574
0
1.06845
0
1.75508
0
0.311796
0
2.38536
0
0.905856
0
0.641915
0
0.58246
0
0.606288
0
2.1924
0
0.263252
0
2.16655
0
1.74731
0
0.957694
0
1.48261
0
1.80632
0
1.01911
0
1.49389
0
1.34169
0
2.01935
0
2.50323
0
2.53353
0
0.44421
0
1.01548
0
0.592269
0
2.20849
0
1.34488
0
0.513957
0
0.100959
0
0.362297
0
2.60856
0
0.461415
0
2.04842
0
1.04028
0
1.64901
0
2.37513
0
1.89529
0
0.689691
0
0.744392
0
2.47925
0
2.50171
0
1.2908
0
0.964897
0
2.1561
0
2.62911
0
2.3343
0
0.219517
0
1.93583
0
2.25539
0
1.76364
0
1.95865
0
2.45807
0
1.03292
0
2.04062
0
0.499096
0
2.49711
0
0.551097
0
1.93674
0
1.23208
0
2.59176
0
0.953498
0
0.946462
0
1.32874
0
2.49117
0
2.18093
0
2.57036
0
1.14266
0
2.47986
0
0.812623
0
0.416354
0
1.26943
0
1.053
0
1.09818
0
0.882467
0
1.60976
0
0.116768
0
0.65758
0
0.939743
0
2.18875
0
2.63647
0
1.41659
0
0.937323
0
0.866157
0
2.30917
0
1.81
0
2.47377
0
1.59241
0
2.56816
0
1.84443
0
0.852683
0
2.14458
0
2.5852
0
2.13769
0
1.13853
0
2.11485
0
0.640857
0
1.21099
0
2.14011
0
2.31201
0
1.75331
0
0.529104
0
1.51305
0
2.36259
0
2.26509
0
0.303238
0
2.33451
0
0.309677
0
0.120016
0
1.03298
0
0.676791
0
1.28917
0
0.579958
0
0.117007
0
0.715748
0
0.584815
0
0.635063
0
2.58887
0
0.990771
0
0.980442
0
1.42371
0
1.56287
0
1.66129
0
1.39293
0
2.04881
0
2.39115
0
1.73267
0
0.709237
0
1.39843
0
0.835961
0
0.215994
0
1.61436
0
2.57735
0
1.64888
0
1.44712
0
0.510962
0
2.19179
0
0.691349
0
0.788039
0
0.414481
0
1.88134
0
1.65596
0
1.85436
0
2.63212
0
0.566406
0
2.16442
0
1.00993
0
0.899458
0
1.23384
0
1.29889
0
1.72808
0
0.316197
0
1.47215
0
1.42859
0
1.96796
0
1.71273
0
2.53212
0
2.67257
0
1.2991
0
0.460292
0
2.32246
0
2.30271
0
0.0326147
0
0.803047
0
0.0554282
0
1.60926
0
1.34998
0
1.35061
0
0.576094
0
1.52303
0
0.551719
0
0.159799
0
2.56218
0
1.98782
0
1.33364
0
1.20286
0
2.25379
0
1.07573
0
2.01017
0
1.92537
0
1.72581
0
1.37443
0
1.83065
0
0.863946
0
0.314423
0
1.51371
0
1.15071
0
1.26169
0
0.316969
0
0.762109
0
0.762221
0
0.693298
0
1.14491
0
0.29038
0
2.38181
0
1.91959
0
1.0907
0
2.191
0
2.61111
0
1.59559
0
2.50333
0
2.18162
0
1.81056
0
0.628519
0
2.13287
0
0.944027
0
0.334135
0
0.279515
0
1.38847
0
0.648534
0
2.42601
0
1.62157
0
0.911221
0
1.22598
0
0.360809
0
1.32364
0
1.9106
0
0.988892
0
1.02085
0
0.139427
0
2.44886
0
2.22489
0
1.53422
0
0.39557
0
1.42378
0
0.725411
0
1.31481
0
1.22429
0
2.04902
0
1.53129
0
2.574
0
1.11983
0
0.00985461
0
2.27765
0
0.798919
0
0.668187
0
0.643036
0
2.39581
0
0.899184
0
0.510981
0
0.59655
0
2.18731
0
1.10397
0
2.43202
0
1.844
0
0.536498
0
2.13397
0
0.61784
0
2.09519
0
2.02759
0
0.683038
0
0.125375
0
2.39511
0
2.55328
0
1.13609
0
1.11999
0
0.928989
0
1.24403
0
0.775586
0
0.38304
0
1.45042
0
0.991143
0
2.67349
0
0.982942
0
0.412902
0
0.533687
0
2.62961
0
0.152609
0
1.95501
0
2.03992
0
1.7249
0
1.95237
0
0.526283
0
2.60827
0
1.57407
0
1.68868
0
1.64167
0
2.50515
0
0.991843
0
2.4455
0
1.027
0
2.6421
0
0.584973
0
0.218609
0
1.55717
0
1.71269
0
1.82548
0
2.28226
0
2.02306
0
1.87611
0
0.754093
0
1.37299
0
0.376442
0
0.60739
0
0.546827
0
0.829851
0
1.26896
0
1.78074
0
1.56191
0
1.81715
0
0.0759714
0
0.205718
0
0.239339
0
0.639352
0
0.36512
0
0.579673
0
0.144085
0
0.037973
0
1.06839
0
0.568529
0
0.621792
0
0.495323
0
2.03483
0
1.5848
0
1.60472
0
0.494221
0
0.954478
0
0.521587
0
0.423144
0
0.992403
0
1.86584
0
2.12942
0
0.451802
0
2.6499
0
0.997405
0
0.431545
0
1.24698
0
0.733027
0
2.35576
0
2.33148
0
0.553846
0
0.0402159
0
0.080292
0
2.1375
0
1.29318
0
1.86353
0
2.45597
0
0.758973
0
0.931688
0
1.17659
0
0.756451
0
0.642803
0
0.332863
0
0.713842
0
1.56499
0
0.278075
0
0.109576
0
2.5432
0
0.654015
0
1.0559
0
0.213982
0
1.93219
0
1.94165
0
1.12555
0
0.635877
0
2.0723
0
2.12166
0
2.29164
0
0.538214
0
1.5723
0
2.24042
0
2.44841
0
0.840946
0
0.777048
0
0.643136
0
0.359975
0
2.14587
0
0.0134038
0
1.71327
0
1.93393
0
1.94637
0
0.083842
0
1.97775
0
2.55763
0
0.849417
0
1.51918
0
0.380787
0
1.54484
0
2.27388
0
2.02005
0
1.93092
0
0.273052
0
0.471939
0
0.0404998
0
0.548863
0
0.4464
0
0.285372
0
1.03314
0
0.184333
0
1.43
0
2.6363
0
1.76196
0
0.142767
0
0.184355
0
0.271813
0
1.59167
0
1.35276
0
2.61007
0
1.83406
0
1.19211
0
1.84192
0
0.808523
0
2.03661
0
2.25242
0
2.53466
0
0.817467
0
1.62859
0
2.36273
0
0.326282
0
1.44445
0
2.35657
0
2.60808
0
2.12933
0
1.9976
0
2.4115
0
0.451244
0
0.550616
0
1.78155
0
2.0406
0
0.562812
0
0.965353
0
2.10927
0
1.14693
0
2.5943
0
0.494706
0
0.168813
0
2.52919
0
0.612994
0
1.21826
0
1.58134
0
2.57485
0
0.522255
0
0.375075
0
0.42892
0
1.61478
0
2.03569
0
1.30587
0
0.476025
0
1.12619
0
1.90967
0
1.54202
0
0.757142
0
1.79243
0
0.218258
0
0.326282
0
1.00321
0
1.97482
0
1.93244
0
2.0513
0
1.70139
0
1.88724
0
1.42121
0
0.109362
0
1.41118
0
0.608291
0
2.33396
0
0.285902
0
2.11934
0
2.40375
0
2.20398
0
0.452318
0
2.3075
0
2.23658
0
1.67955
0
1.40325
0
2.64154
0
0.248585
0
0.982405
0
1.35853
0
0.0931009
0
0.56526
0
0.767472
0
1.69932
0
1.91608
0
1.56127
0
1.61707
0
1.12433
0
2.22986
0
1.25128
0
2.08991
0
0.767483
0
0.50608
0
1.56497
0
1.12886
0
0.534254
0
1.3481
0
2.41207
0
0.557001
0
0.814245
0
1.96352
0
2.09184
0
0.46368
0
0.907519
0
0.955942
0
0.950984
0
1.38745
0
2.59558
0
0.976255
0
1.42201
0
0.451246
0
2.64241
0
1.556
0
0.713166
0
1.78007
0
0.621352
0
0.144564
0
2.30629
0
1.4726
0
2.2988
0
1.46544
0
1.19298
0
1.77886
0
1.26882
0
2.10949
0
1.29803
0
0.688855
0
2.48475
0
2.26078
0
2.26729
0
0.711041
0
0.962314
0
2.48505
0
0.0643359
0
1.90391
0
2.41549
0
1.67179
0
0.09704
0
0.0991278
0
1.33487
0
0.719962
0
1.62212
0
0.55545
0
1.1999
0
2.63451
0
0.328625
0
0.826651
0
1.17535
0
1.80361
0
2.10269
0
2.01422
0
1.7646
0
0.0575936
0
1.48516
0
2.26575
0
0.962388
0
1.3773
0
0.373139
0
1.5012
0
0.491705
0
2.48807
0
0.570022
0
2.28256
0
2.25969
0
0.163981
0
0.592752
0
0.199341
0
2.54189
0
1.81393
0
0.11746
0
2.264
0
0.204812
0
0.204773
0
1.63058
0
1.46093
0
0.25346
0
0.431899
0
1.60711
0
1.18129
0
2.37137
0
1.78597
0
0.896205
0
0.227922
0
0.594333
0
2.20582
0
1.58644
0
0.499335
0
0.499473
0
2.42548
0
0.807935
0
0.520057
0
2.33141
0
2.2785
0
0.282624
0
2.55665
0
1.0434
0
2.31007
0
1.1965
0
0.0503155
0
2.47807
0
2.35246
0
2.67495
0
2.17054
0
2.27564
0
0.995906
0
1.49251
0
1.70901
0
1.11073
0
0.791219
0
2.23271
0
1.34217
0
0.371277
0
1.7117
0
2.5712
0
2.52861
0
1.63008
0
0.376306
0
0.0554571
0
0.305488
0
1.24365
0
1.10697
0
1.00483
0
2.36978
0
0.815146
0
2.18221
0
2.34079
0
1.31053
0
0.152627
0
0.733762
0
0.545753
0
1.72716
0
0.962165
0
0.336178
0
2.27522
0
0.942814
0
0.715534
0
1.78999
0
1.67971
0
0.637298
0
0.952989
0
0.698072
0
1.29174
0
2.57587
0
0.930288
0
0.541924
0
1.13066
0
2.51039
0
1.82621
0
1.78062
0
1.81966
0
2.42545
0
0.807947
0
1.0342
0
1.65096
0
0.273121
0
1.3721
0
1.76449
0
1.74027
0
1.66953
0
2.37781
0
2.03544
0
0.955326
0
0.0718382
0
0.89905
0
2.40136
0
0.53585
0
0.0135899
0
0.0654965
0
1.38378
0
0.195135
0
2.31574
0
0.62382
0
1.39907
0
0.249034
0
0.0260521
0
0.755315
0
0.608574
0
0.255372
0
1.20608
0
1.91846
0
0.635562
0
2.28009
0
1.91144
0
2.62412
0
1.9208
0
0.580992
0
0.44741
0
2.53925
0
0.64691
0
1.06547
0
1.62325
0
1.95906
0
1.88582
0
1.39088
0
2.26947
0
2.35714
0
2.49496
0
1.84062
0
1.2136
0
1.46011
0
2.27744
0
1.83365
0
1.16953
0
1.2325
0
1.17461
0
1.16589
0
1.21124
0
0.138864
0
2.6651
0
2.35903
0
0.844496
0
2.62658
0
0.0663626
0
1.65413
0
1.07545
0
1.66855
0
1.18657
0
1.33692
0
0.270247
0
1.3031
0
0.697423
0
1.11767
0
0.459046
0
0.953141
0
2.36414
0
2.18513
0
0.544668
0
1.62305
0
0.0625902
0
0.529675
0
1.7928
0
2.21559
0
0.213631
0
2.13981
0
2.17005
0
1.02047
0
1.11822
0
1.89085
0
2.52894
0
1.08934
0
0.452674
0
1.69592
0
2.55088
0
1.55989
0
1.47479
0
1.78729
0
1.95193
0
2.19165
0
2.49559
0
1.03577
0
0.147842
0
0.738185
0
1.4993
0
1.51465
0
1.83954
0
1.71128
0
1.43698
0
0.979751
0
0.171052
0
2.60678
0
0.376095
0
1.01616
0
1.42853
0
2.1907
0
0.631905
0
2.42871
0
0.924491
0
0.668111
0
1.0939
0
1.157
0
0.667136
0
0.943196
0
1.72641
0
0.843991
0
0.65428
0
1.75597
0
1.45908
0
1.8568
0
0.11822
0
1.27715
0
1.44165
0
0.84446
0
1.8132
0
2.54316
0
2.61964
0
1.48243
0
0.414133
0
0.752266
0
2.18923
0
2.66546
0
2.40261
0
1.57928
0
2.59578
0
2.2225
0
1.78738
0
0.353874
0
1.38649
0
0.813925
0
1.4645
0
2.44908
0
1.6248
0
2.66817
0
2.65652
0
2.40964
0
2.10618
0
1.20409
0
2.60721
0
0.939635
0
2.2728
0
0.0791736
0
0.042532
0
0.777477
0
1.88363
0
0.784522
0
0.0594593
0
2.50545
0
0.369651
0
0.402883
0
0.0565017
0
1.56267
0
1.09971
0
1.54594
0
0.293355
0
1.42971
0
0.595325
0
1.08722
0
1.20509
0
1.63186
0
0.505309
0
1.24869
0
1.59597
0
1.16574
0
0.271291
0
2.36433
0
1.68111
0
1.19607
0
1.87353
0
0.355871
0
0.610967
0
0.632805
0
1.95471
0
0.709599
0
1.35026
0
0.698875
0
2.12294
0
0.237559
0
0.954847
0
2.25081
0
0.269137
0
0.426011
0
2.59794
0
1.39662
0
1.98712
0
1.83445
0
2.17297
0
2.03297
0
1.34343
0
0.347167
0
1.52336
0
1.71476
0
1.09382
0
0.459237
0
0.0373123
0
0.988272
0
0.874421
0
0.631012
0
1.79635
0
2.01998
0
2.63212
0
2.08566
0
0.852802
0
1.28031
0
2.19944
0
0.0373025
0
0.371178
0
0.373455
0
1.33061
0
1.10788
0
2.11361
0
0.775422
0
1.16178
0
2.5137
0
0.699823
0
2.21752
0
0.533251
0
2.00632
0
0.934026
0
0.35633
0
2.06845
0
1.77108
0
0.225587
0
0.493062
0
0.433525
0
0.115377
0
0.199043
0
0.208983
0
2.05618
0
1.64771
0
1.36639
0
0.34263
0
0.711633
0
2.02336
0
0.717488
0
1.18597
0
1.66257
0
0.229543
0
1.59306
0
1.70415
0
2.11726
0
0.932476
0
2.30533
0
1.94772
0
0.488596
0
1.03792
0
1.29457
0
0.0838453
0
0.996749
0
0.860224
0
2.29606
0
2.45276
0
0.910248
0
2.01567
0
2.03002
0
1.62046
0
0.251599
0
2.20196
0
0.764722
0
0.598007
0
2.40271
0
2.43523
0
1.54143
0
2.63407
0
0.714078
0
0.250708
0
1.01786
0
0.516562
0
1.35765
0
0.895095
0
0.716096
0
0.998208
0
0.994371
0
2.64393
0
2.54416
0
2.61159
0
0.789873
0
1.82213
0
0.216476
0
2.26379
0
1.3874
0
0.505765
0
0.934005
0
1.1757
0
2.31302
0
2.35984
0
1.13545
0
0.470581
0
1.38058
0
2.0096
0
0.700516
0
0.00798215
0
1.2286
0
1.88421
0
2.21585
0
1.17813
0
1.78677
0
1.38988
0
1.36212
0
1.88542
0
2.5985
0
2.25527
0
1.6383
0
1.65536
0
1.29652
0
1.34984
0
0.878886
0
1.25791
0
0.320619
0
0.0939919
0
1.98837
0
0.190253
0
2.19219
0
1.31694
0
1.90916
0
0.678063
0
0.72745
0
1.38966
0
2.10362
0
2.51754
0
0.7757
0
0.899883
0
0.837965
0
0.539852
0
2.62314
0
1.43467
0
1.63465
0
1.56449
0
0.0148843
0
1.64188
0
0.91855
0
1.89659
0
2.36069
0
2.42249
0
1.66058
0
1.20663
0
2.25821
0
0.946979
0
2.62065
0
2.59268
0
2.21241
0
2.28469
0
0.949345
0
0.826467
0
0.368089
0
2.63125
0
1.58271
0
2.09076
0
0.816298
0
1.61908
0
0.891249
0
1.42425
0
0.441729
0
0.22843
0
1.92241
0
1.0678
0
0.609968
0
1.95611
0
0.435503
0
1.58831
0
1.37109
0
0.225731
0
1.4062
0
0.764349
0
0.41902
0
2.03361
0
1.95181
0
1.06162
0
1.84461
0
0.0184398
0
1.31102
0
1.50187
0
2.06233
0
1.99081
0
2.57386
0
2.4293
0
0.915309
0
0.0103215
0
0.931319
0
0.430208
0
0.075863
0
0.987401
0
1.99616
0
0.944246
0
1.89471
0
2.52619
0
2.0512
0
2.14875
0
1.63597
0
2.36583
0
1.55855
0
0.62918
0
2.36163
0
1.71444
0
1.06941
0
2.18805
0
0.398109
0
1.94202
0
0.668853
0
2.59748
0
0.580703
0
1.93991
0
1.39324
0
1.37882
0
0.400782
0
2.39231
0
2.03715
0
1.61389
0
1.93467
0
0.810381
0
1.62576
0
0.259994
0
0.187165
0
0.096045
0
0.395582
0
1.82953
0
1.97775
0
1.25295
0
1.87892
0
0.790081
0
0.536101
0
1.62696
0
2.51984
0
2.61007
0
1.54305
0
2.25454
0
2.03705
0
1.30632
0
0.732236
0
0.371825
0
0.246556
0
0.420677
0
0.749485
0
1.09322
0
0.769271
0
0.80879
0
2.60001
0
1.14567
0
1.03315
0
1.88523
0
2.2189
0
1.65761
0
0.225693
0
0.494617
0
1.3
0
1.8639
0
0.0835629
0
1.44798
0
1.58862
0
2.19479
0
2.62326
0
0.772857
0
1.57662
0
1.48888
0
1.05764
0
1.15831
0
1.78684
0
1.71533
0
1.76482
0
0.604177
0
1.16666
0
2.0422
0
0.0525952
0
2.19235
0
2.05287
0
0.802001
0
1.23224
0
0.872048
0
2.4733
0
1.07184
0
0.287738
0
0.734368
0
0.804517
0
2.35861
0
0.633109
0
0.539245
0
1.2255
0
0.11052
0
1.01992
0
0.117339
0
1.51774
0
0.97278
0
1.90701
0
0.917273
0
2.53301
0
2.0655
0
1.87865
0
0.243626
0
1.12518
0
1.54962
0
2.173
0
0.438672
0
2.26442
0
0.808762
0
0.540227
0
2.08713
0
0.49067
0
2.4285
0
0.579656
0
0.116521
0
1.56031
0
1.70753
0
0.35439
0
0.801053
0
1.65216
0
2.21272
0
1.81186
0
2.16168
0
1.49209
0
1.50778
0
0.567444
0
0.969576
0
2.62366
0
0.529773
0
0.904795
0
1.60014
0
0.0742758
0
1.48894
0
0.963519
0
0.239458
0
0.322788
0
1.32495
0
0.462971
0
1.15798
0
0.362692
0
2.20676
0
0.243045
0
0.723721
0
0.552044
0
1.96415
0
0.451198
0
1.78452
0
1.37442
0
1.24607
0
1.50489
0
1.31261
0
1.63204
0
1.51538
0
2.38641
0
1.76504
0
0.98391
0
0.134577
0
1.28073
0
1.52047
0
2.19513
0
0.318312
0
0.870314
0
2.46558
0
0.574852
0
0.770328
0
0.626312
0
0.109651
0
1.3017
0
0.329585
0
0.629955
0
0.898776
0
0.563128
0
0.212882
0
0.921412
0
1.34164
0
0.293494
0
0.749058
0
2.19882
0
0.268962
0
2.08764
0
2.59687
0
1.34535
0
2.16945
0
1.92467
0
2.63521
0
1.7122
0
2.1297
0
2.23582
0
1.90939
0
0.73134
0
1.0778
0
2.48356
0
0.669967
0
0.904233
0
1.28147
0
0.0531877
0
0.764058
0
0.941395
0
0.711453
0
0.0838277
0
1.88723
0
0.872776
0
0.863031
0
0.155395
0
2.4372
0
0.331779
0
0.123094
0
1.11514
0
0.609673
0
0.0620804
0
1.92251
0
1.66713
0
0.829747
0
2.00018
0
1.09147
0
2.31389
0
0.821794
0
1.27988
0
2.60709
0
2.59015
0
2.4096
0
0.418591
0
1.23765
0
1.73898
0
0.532338
0
1.90114
0
1.29911
0
0.077041
0
1.04502
0
2.53319
0
1.15587
0
0.949813
0
0.613574
0
0.360589
0
0.317581
0
1.26479
0
0.223622
0
2.6549
0
0.666888
0
2.521
0
0.424104
0
0.445007
0
0.748963
0
1.37694
0
1.02703
0
2.639
0
2.13843
0
1.13773
0
1.79245
0
0.246319
0
2.65526
0
1.82676
0
0.93954
0
1.26873
0
0.812598
0
2.62627
0
1.94867
0
1.2041
0
0.469502
0
1.91901
0
1.64495
0
2.12123
0
2.58354
0
2.31972
0
1.12183
0
1.97401
0
1.10437
0
0.0224613
0
0.0424363
0
2.15824
0
0.649751
0
1.25408
0
2.52057
0
0.455882
0
0.907636
0
0.529859
0
2.42967
0
0.130006
0
2.64599
0
1.26745
0
1.24824
0
1.05835
0
2.59695
0
0.0428429
0
1.57006
0
1.93002
0
2.48202
0
1.1908
0
2.03314
0
1.60919
0
1.82987
0
1.89876
0
0.760606
0
1.06571
0
1.90341
0
0.674009
0
0.193776
0
1.16018
0
1.93676
0
1.41474
0
1.29351
0
1.9273
0
2.37035
0
0.378373
0
0.25513
0
2.24935
0
2.0532
0
1.65283
0
2.50408
0
0.54083
0
1.42321
0
0.59678
0
2.43517
0
0.888719
0
2.26206
0
1.25644
0
1.70902
0
1.61165
0
1.22747
0
0.296173
0
1.04514
0
2.22007
0
2.11236
0
1.11411
0
1.43338
0
0.556248
0
0.163963
0
0.114597
0
0.742284
0
2.1029
0
0.159921
0
2.63159
0
2.39445
0
0.621341
0
1.66882
0
1.15937
0
1.49216
0
1.79797
0
1.88308
0
0.491419
0
1.27966
0
2.35987
0
2.26865
0
1.71491
0
0.697528
0
1.02227
0
0.422271
0
2.57888
0
1.08548
0
2.12811
0
0.631785
0
0.160852
0
0.969716
0
0.897717
0
1.73928
0
0.0212448
0
1.00566
0
2.52293
0
0.982898
0
0.644786
0
0.978277
0
1.75408
0
0.423664
0
0.0850644
0
0.618788
0
1.79032
0
0.118822
0
0.555682
0
0.65918
0
1.03616
0
0.270015
0
1.86078
0
1.39876
0
2.57627
0
0.660281
0
0.734776
0
0.72323
0
0.470349
0
0.203359
0
0.83378
0
0.153414
0
0.890677
0
0.175384
0
2.42932
0
1.29371
0
2.29381
0
0.240252
0
0.847251
0
1.05234
0
1.40134
0
0.107221
0
0.355352
0
1.2547
0
1.77156
0
0.176795
0
0.414683
0
1.56653
0
2.32689
0
1.23669
0
1.63272
0
1.16595
0
2.59949
0
2.26113
0
0.773353
0
1.74634
0
1.70232
0
1.77828
0
2.19271
0
0.101447
0
0.997978
0
0.185532
0
0.772361
0
1.56608
0
1.91116
0
2.14879
0
0.480454
0
2.14536
0
1.60019
0
1.45822
0
1.895
0
0.0471555
0
2.1766
0
2.55956
0
2.40076
0
1.88005
0
2.0679
0
1.23067
0
1.41275
0
1.98288
0
1.99826
0
0.287098
0
0.390158
0
0.805002
0
2.28287
0
0.231588
0
0.797853
0
2.08437
0
2.25964
0
1.42789
0
1.3001
0
1.26732
0
0.386825
0
0.261076
0
1.81461
0
0.415805
0
1.21511
0
1.57535
0
0.47566
0
1.37367
0
1.44492
0
0.925925
0
1.62681
0
2.55826
0
1.17613
0
2.06582
0
1.20221
0
0.144465
0
2.12886
0
2.53082
0
1.75087
0
2.41388
0
0.36832
0
0.592376
0
1.41044
0
0.856354
0
0.794015
0
1.95151
0
0.852836
0
1.80772
0
0.115657
0
1.07785
0
0.641233
0
2.13276
0
0.910905
0
1.74242
0
1.99096
0
1.40725
0
0.798765
0
0.747516
0
0.214252
0
0.806417
0
1.62494
0
1.49941
0
0.259205
0
2.41121
0
1.80354
0
2.21928
0
0.397519
0
0.314936
0
1.51714
0
0.356602
0
0.454534
0
0.982555
0
2.21726
0
1.40973
0
1.41854
0
1.72667
0
1.13366
0
0.581048
0
0.534336
0
2.31611
0
0.0952563
0
0.954077
0
2.35136
0
2.29091
0
1.77769
0
1.59194
0
1.99481
0
1.10045
0
1.79884
0
0.403345
0
0.258115
0
0.555251
0
0.162299
0
0.458453
0
1.83146
0
0.244657
0
1.20106
0
0.913676
0
1.09874
0
2.0589
0
1.8548
0
1.90611
0
1.50531
0
0.0273735
0
1.3962
0
1.83528
0
1.88064
0
2.50024
0
1.24316
0
0.957331
0
0.460413
0
1.50533
0
0.466308
0
1.24068
0
1.3565
0
0.871061
0
1.52737
0
0.0608738
0
2.01595
0
1.42576
0
1.01843
0
2.43122
0
0.696257
0
0.175837
0
1.31976
0
1.84139
0
0.598929
0
0.75567
0
1.23113
0
1.54955
0
1.2502
0
1.26208
0
2.39779
0
2.33575
0
0.672272
0
0.722246
0
2.04623
0
0.234513
0
1.56469
0
0.94866
0
2.22659
0
0.624547
0
1.97453
0
2.5052
0
1.16501
0
0.575874
0
1.77762
0
2.61387
0
2.35057
0
1.06985
0
1.34038
0
1.70183
0
2.37465
0
2.37243
0
0.272211
0
1.08163
0
0.962947
0
1.05419
0
0.170614
0
2.12485
0
2.29567
0
2.05984
0
1.66186
0
1.02292
0
2.12373
0
2.07666
0
1.31833
0
0.977978
0
0.515747
0
0.433017
0
0.359205
0
1.79898
0
2.41397
0
0.866241
0
1.8224
0
1.37478
0
2.63518
0
1.51216
0
0.835326
0
2.47531
0
2.20271
0
1.15449
0
0.807605
0
0.108982
0
1.39628
0
2.18593
0
1.10834
0
0.552449
0
1.27956
0
2.52165
0
1.22198
0
2.21093
0
2.14774
0
1.48105
0
0.740949
0
1.62618
0
1.24058
0
1.18574
0
1.45123
0
0.205081
0
0.126636
0
2.60135
0
2.14428
0
0.029142
0
0.779111
0
2.1245
0
0.393524
0
0.976712
0
0.491956
0
0.189607
0
1.28897
0
1.91153
0
0.706363
0
2.29716
0
0.469219
0
0.93075
0
2.50952
0
1.80449
0
0.477552
0
0.355585
0
0.395038
0
1.74396
0
1.01837
0
2.0957
0
0.0202666
0
2.03189
0
0.892006
0
0.390324
0
2.57323
0
0.860209
0
1.4622
0
1.6715
0
2.45233
0
1.09068
0
0.694669
0
1.40109
0
1.428
0
1.1849
0
0.0840123
0
1.89039
0
2.13889
0
2.4163
0
0.660927
0
1.73735
0
2.65476
0
0.778178
0
0.544886
0
1.21622
0
0.169132
0
0.285082
0
2.36526
0
1.07655
0
2.00833
0
0.782607
0
1.99802
0
1.61518
0
1.1716
0
1.47668
0
1.93218
0
0.892716
0
0.125571
0
1.59089
0
1.70437
0
2.07789
0
2.04429
0
0.671089
0
2.37268
0
2.63503
0
1.39379
0
0.502368
0
0.68158
0
1.76747
0
1.13673
0
1.50158
0
2.62005
0
1.59421
0
2.41279
0
0.52316
0
1.35188
0
1.88283
0
1.26163
0
1.00598
0
1.40866
0
2.02303
0
1.46706
0
0.775994
0
2.26472
0
0.512739
0
1.93102
0
0.178004
0
0.272193
0
1.58897
0
1.34777
0
1.18811
0
1.10801
0
2.67024
0
2.08155
0
1.63573
0
2.07235
0
1.63216
0
1.33264
0
1.28684
0
1.89928
0
2.01661
0
2.54952
0
1.07839
0
1.0794
0
1.54506
0
1.56413
0
0.359976
0
1.64944
0
1.25477
0
2.06403
0
2.61912
0
1.75688
0
1.73513
0
0.0868369
0
0.837646
0
2.16281
0
0.591991
0
0.470402
0
1.3958
0
2.59716
0
0.147053
0
2.64456
0
2.53202
0
1.12136
0
0.0318994
0
1.51755
0
0.996556
0
1.11954
0
2.1872
0
1.24933
0
1.00029
0
0.9544
0
2.65391
0
2.00636
0
1.43588
0
0.106033
0
0.177258
0
1.41373
0
0.425572
0
0.85845
0
0.283533
0
1.08166
0
2.04942
0
1.23873
0
0.868264
0
1.59717
0
0.468594
0
1.32364
0
1.19005
0
1.93696
0
1.45601
0
0.895333
0
1.39563
0
2.31889
0
1.48036
0
1.91182
0
1.80687
0
0.756729
0
1.55823
0
1.15456
0
0.258636
0
2.56835
0
2.659
0
0.710134
0
2.28873
0
2.36412
0
2.63958
0
2.29009
0
1.9288
0
2.46282
0
2.02626
0
0.707032
0
0.394347
0
0.328907
0
1.48812
0
2.31083
0
2.25876
0
2.03683
0
2.47427
0
0.540661
0
1.878
0
2.177
0
1.56991
0
2.11987
0
0.523983
0
0.875049
0
2.32786
0
1.33903
0
0.926741
0
0.756311
0
2.07079
0
0.628881
0
0.325288
0
1.42415
0
2.6253
0
2.58927
0
1.0148
0
1.96998
0
1.55735
0
0.362817
0
1.0698
0
2.25181
0
2.48299
0
0.632695
0
2.52612
0
0.284151
0
1.41743
0
0.779542
0
0.658493
0
2.04546
0
1.7341
0
0.362373
0
0.0755687
0
2.53703
0
0.750607
0
2.17955
0
0.461902
0
2.05317
0
2.49277
0
1.38581
0
0.0668446
0
1.32838
0
1.35958
0
2.12815
0
1.83911
0
1.74876
0
0.0852522
0
1.47674
0
1.83555
0
0.74801
0
0.716925
0
0.27016
0
1.63672
0
0.259677
0
2.48705
0
2.13012
0
0.638489
0
1.05951
0
0.0225768
0
1.97137
0
1.08923
0
1.53766
0
0.016712
0
1.86825
0
1.08381
0
2.43037
0
0.787201
0
2.44804
0
1.81796
0
2.66242
0
1.54783
0
1.17265
0
0.259722
0
1.26168
0
2.27105
0
2.41604
0
0.105794
0
0.959191
0
0.31242
0
1.83532
0
2.30428
0
0.0950635
0
0.882795
0
1.10619
0
1.45584
0
1.32157
0
1.68052
0
2.15722
0
0.749152
0
1.79842
0
0.047005
0
0.394062
0
2.01544
0
0.831833
0
1.36578
0
0.771522
0
1.48948
0
1.27485
0
2.24149
0
0.904591
0
1.01651
0
0.185337
0
2.65827
0
2.34083
0
1.40533
0
1.47746
0
2.05113
0
0.475041
0
2.1756
0
1.23982
0
0.204866
0
0.598937
0
0.557836
0
2.47467
0
2.35212
0
1.78609
0
1.1931
0
0.12638
0
1.39798
0
1.75999
0
0.182627
0
2.34806
0
2.24051
0
2.29828
0
2.46682
0
1.48803
0
0.539076
0
0.758524
0
2.65922
0
1.85584
0
0.31831
0
1.58983
0
2.5785
0
2.60088
0
1.90068
0
2.59915
0
0.480834
0
1.92679
0
2.3455
0
2.60683
0
0.383099
0
0.303307
0
1.99577
0
2.07033
0
1.76811
0
1.21661
0
1.56357
0
1.09846
0
0.158528
0
1.95086
0
1.59904
0
1.39731
0
0.150084
0
1.37111
0
1.17213
0
0.678303
0
2.36711
0
0.513942
0
1.41905
0
1.76037
0
0.307812
0
2.07387
0
1.52334
0
1.71439
0
2.67833
0
0.694829
0
0.0085274
0
1.409
0
2.34092
0
1.89147
0
2.36432
0
1.29986
0
1.00213
0
0.660845
0
0.31089
0
2.4524
0
2.09988
0
0.562663
0
2.16941
0
1.04959
0
1.04097
0
0.536626
0
2.17609
0
1.39561
0
1.30916
0
1.56987
0
0.467304
0
1.38083
0
0.494374
0
0.379037
0
2.09336
0
2.47787
0
1.86763
0
2.16882
0
1.57889
0
0.135203
0
1.2049
0
0.232789
0
1.31549
0
1.70176
0
1.88634
0
0.791349
0
1.36187
0
2.10533
0
2.30805
0
1.37452
0
0.282948
0
1.70153
0
0.12
0
1.81122
0
2.65734
0
1.22321
0
0.440547
0
2.62399
0
0.308431
0
1.3786
0
2.24205
0
1.73337
0
0.713071
0
2.5018
0
0.807435
0
2.1514
0
1.97164
0
0.16628
0
2.57082
0
1.28531
0
1.04943
0
1.49069
0
2.23553
0
0.758591
0
1.94713
0
1.84856
0
0.362914
0
0.887252
0
1.42972
0
2.6007
0
2.60881
0
2.60129
0
1.10824
0
0.494275
0
0.0607369
0
0.18163
0
1.12652
0
0.776094
0
0.445866
0
1.36329
0
0.0710025
0
1.1084
0
1.58307
0
1.32927
0
1.25777
0
2.11789
0
1.76457
0
2.23919
0
1.63938
0
1.16097
0
1.94496
0
2.27135
0
0.583026
0
1.9382
0
0.790945
0
2.02277
0
1.39592
0
0.173529
0
0.727146
0
0.75576
0
2.12921
0
0.201131
0
0.140547
0
1.42419
0
2.58361
0
1.82892
0
1.99643
0
1.2904
0
0.169669
0
2.422
0
0.0114671
0
1.96307
0
0.617416
0
0.124719
0
2.53152
0
0.0928163
0
1.52629
0
1.05258
0
2.02175
0
0.118728
0
1.87668
0
1.07827
0
1.84667
0
1.69608
0
2.28251
0
1.5819
0
0.136766
0
1.41393
0
0.271477
0
1.89007
0
2.59328
0
0.940437
0
0.802052
0
1.35175
0
2.15947
0
1.96943
0
1.88905
0
1.90252
0
1.05325
0
2.30626
0
1.59719
0
2.51639
0
0.0701969
0
1.55349
0
2.28852
0
1.71414
0
2.48129
0
1.26497
0
1.55741
0
1.23801
0
1.56889
0
0.59443
0
1.37513
0
0.669739
0
1.94125
0
1.79182
0
1.48504
0
1.46955
0
0.417912
0
1.84497
0
1.58641
0
0.775711
0
2.37888
0
1.15701
0
0.87878
0
0.443723
0
0.524425
0
0.549057
0
1.20941
0
2.17062
0
1.7678
0
0.728573
0
0.67209
0
0.669156
0
0.909176
0
1.68382
0
1.94436
0
1.17461
0
2.47625
0
0.610455
0
0.716434
0
1.03648
0
2.50714
0
1.77343
0
0.948026
0
1.71179
0
2.05059
0
0.491161
0
2.07471
0
2.3622
0
2.47784
0
1.65739
0
0.654038
0
2.48986
0
0.407018
0
1.56271
0
2.45034
0
2.42591
0
1.51361
0
1.25599
0
1.10799
0
0.700061
0
2.6276
0
0.935006
0
2.58278
0
1.82705
0
1.2823
0
1.20182
0
2.63765
0
1.84491
0
0.916737
0
1.77364
0
2.50938
0
1.7613
0
0.709679
0
0.247792
0
0.176726
0
1.1354
0
1.46659
0
1.54805
0
2.09579
0
0.951643
0
0.213091
0
2.06043
0
1.39447
0
1.41722
0
0.163121
0
0.440325
0
2.32875
0
0.273979
0
0.283025
0
2.30803
0
0.137693
0
0.457081
0
0.838965
0
2.0716
0
1.59697
0
1.80566
0
1.04036
0
0.974118
0
1.79684
0
0.874184
0
0.0734423
0
0.460219
0
1.48401
0
0.164243
0
1.61839
0
2.61208
0
1.99625
0
2.65791
0
1.47584
0
0.0424166
0
0.470178
0
1.45565
0
2.65048
0
0.293062
0
2.43665
0
0.0766971
0
0.793246
0
1.02014
0
2.48866
0
2.16682
0
0.565439
0
1.25361
0
0.0593045
0
2.12184
0
2.50495
0
2.20996
0
2.43914
0
0.434152
0
1.96237
0
0.12352
0
2.6372
0
1.80344
0
1.15479
0
0.940124
0
1.1609
0
1.38369
0
2.50267
0
2.35448
0
2.64247
0
2.18272
0
0.654028
0
1.17863
0
0.601123
0
0.892268
0
2.52522
0
1.88808
0
0.436435
0
1.35766
0
0.671805
0
0.723813
0
1.20068
0
1.37573
0
1.97151
0
1.14942
0
2.33273
0
0.78474
0
1.61129
0
1.20038
0
0.33791
0
0.094662
0
1.41066
0
1.05266
0
1.57564
0
0.384524
0
0.89048
0
1.61267
0
2.62683
0
2.469
0
0.062488
0
1.84353
0
1.36519
0
1.22294
0
2.53568
0
0.171439
0
0.00565518
0
2.31618
0
0.816574
0
1.22194
0
0.105366
0
2.55852
0
0.216162
0
1.48599
0
0.676887
0
0.121436
0
1.05601
0
1.21833
0
1.31159
0
0.321318
0
1.55972
0
1.54849
0
2.42076
0
2.34992
0
0.720356
0
0.674525
0
2.00324
0
0.663089
0
0.661663
0
2.66479
0
0.261437
0
1.2037
0
2.29856
0
0.825882
0
0.102222
0
1.31528
0
1.96443
0
2.54777
0
0.910973
0
2.42908
0
2.66867
0
1.11601
0
1.04918
0
1.54766
0
0.296666
0
2.59408
0
0.383011
0
1.60479
0
1.55357
0
0.876656
0
1.62992
0
2.29196
0
1.48041
0
0.077441
0
2.65554
0
0.526746
0
2.61456
0
1.6835
0
0.359076
0
2.44511
0
0.510141
0
0.718355
0
2.25913
0
2.05173
0
2.54967
0
2.14028
0
1.49133
0
2.6073
0
0.175872
0
2.56365
0
1.15526
0
2.17829
0
2.03166
0
0.351904
0
0.497451
0
1.56375
0
1.40671
0
2.39272
0
1.43604
0
0.902936
0
1.07786
0
2.43148
0
0.685113
0
1.43127
0
2.19356
0
2.36718
0
0.684009
0
0.711272
0
1.44069
0
2.50599
0
1.3609
0
2.56238
0
0.615712
0
0.394112
0
1.69777
0
2.12238
0
1.45218
0
0.416259
0
2.46319
0
1.41133
0
0.0403543
0
0.842241
0
2.48129
0
0.279695
0
0.175999
0
0.265815
0
1.41318
0
1.49069
0
1.65997
0
2.19833
0
0.0456739
0
1.77909
0
2.66425
0
2.57744
0
1.7481
0
1.63068
0
1.05031
0
1.67306
0
1.13623
0
2.4862
0
1.1642
0
2.23689
0
0.417645
0
1.55178
0
1.55574
0
0.471034
0
2.19116
0
0.618328
0
2.37344
0
2.32233
0
0.617361
0
2.29354
0
2.60458
0
2.24923
0
0.601682
0
2.30462
0
2.06023
0
2.41099
0
1.03422
0
1.07691
0
2.29855
0
0.0170978
0
0.544665
0
2.67911
0
0.0669915
0
1.82861
0
1.52645
0
0.364516
0
1.21775
0
0.506089
0
1.78401
0
0.0397343
0
1.28377
0
0.564117
0
0.927932
0
0.469215
0
0.660973
0
0.561189
0
1.37371
0
0.736922
0
0.474944
0
2.59995
0
2.55319
0
1.94961
0
2.53578
0
0.222074
0
2.38236
0
1.58369
0
1.25939
0
1.60378
0
0.460856
0
2.18101
0
2.45841
0
1.97693
0
1.89518
0
0.670989
0
1.54726
0
1.81466
0
2.14332
0
1.61883
0
1.94372
0
0.923623
0
2.23127
0
0.346382
0
1.96459
0
2.10241
0
2.34746
0
0.604402
0
1.52489
0
2.62866
0
1.97822
0
0.24501
0
0.990917
0
1.03863
0
0.653111
0
1.25482
0
0.559936
0
1.87492
0
0.814152
0
0.164338
0
0.488431
0
0.470086
0
0.995393
0
2.50202
0
0.378337
0
0.835329
0
2.57475
0
1.74835
0
0.256932
0
0.599893
0
0.627056
0
0.315127
0
0.320618
0
0.121351
0
2.45855
0
0.754644
0
0.490162
0
0.522782
0
1.19056
0
0.777342
0
1.27921
0
1.15285
0
1.48206
0
1.43731
0
2.0647
0
2.28285
0
1.84807
0
1.05421
0
1.91507
0
2.22343
0
0.758626
0
0.190569
0
0.692657
0
1.67727
0
0.34185
0
1.37283
0
1.67315
0
0.0835852
0
1.89
0
0.716384
0
2.19355
0
1.86724
0
1.9234
0
0.821965
0
2.26579
0
1.68391
0
0.855781
0
0.253775
0
1.92437
0
2.17676
0
2.5403
0
1.82595
0
2.64686
0
0.504522
0
0.286063
0
1.11484
0
1.86416
0
1.43345
0
1.11887
0
0.511197
0
0.504175
0
2.19487
0
0.868531
0
2.54962
0
2.12229
0
0.397137
0
0.898507
0
2.22093
0
2.46227
0
1.25252
0
0.352749
0
2.42871
0
1.05139
0
1.81875
0
1.79372
0
2.36209
0
1.51433
0
2.16094
0
0.162392
0
2.37621
0
0.849971
0
0.0280895
0
0.146061
0
2.30713
0
1.78202
0
1.34806
0
2.4931
0
1.4317
0
2.23061
0
1.56862
0
0.496203
0
0.467932
0
1.47439
0
0.0204115
0
0.625502
0
1.2579
0
2.29344
0
1.07561
0
1.077
0
0.060106
0
1.22894
0
2.30473
0
2.0167
0
0.881448
0
2.33234
0
2.03104
0
0.823079
0
2.43804
0
0.735259
0
0.581859
0
1.34724
0
0.106861
0
0.0600487
0
1.53725
0
2.31105
0
0.830963
0
0.390587
0
1.20933
0
2.46152
0
0.589548
0
1.49549
0
0.97978
0
1.09918
0
1.08831
0
0.850933
0
1.39525
0
2.0529
0
1.91288
0
0.597971
0
2.30129
0
0.795063
0
0.574134
0
2.23934
0
2.29629
0
0.322857
0
0.394897
0
2.03139
0
2.29716
0
1.67854
0
1.54306
0
1.40656
0
2.54259
0
2.36909
0
1.5226
0
0.717025
0
1.37715
0
0.25813
0
2.61916
0
0.0102292
0
2.15274
0
0.545346
0
1.72223
0
0.133413
0
1.86758
0
0.60591
0
1.17442
0
0.124357
0
0.929538
0
0.752272
0
0.391035
0
2.60943
0
1.41036
0
1.751
0
1.01269
0
0.850204
0
0.0389775
0
0.472435
0
0.919248
0
2.05825
0
0.453075
0
1.04504
0
1.96136
0
1.72852
0
1.98252
0
1.02332
0
2.04219
0
1.73941
0
2.2419
0
2.37633
0
0.664597
0
1.00865
0
0.0665329
0
0.458843
0
0.242643
0
2.2931
0
2.27427
0
0.163718
0
1.85995
0
2.29629
0
2.41637
0
1.74061
0
2.46932
0
2.15422
0
1.47614
0
0.216728
0
1.51686
0
0.108194
0
1.14402
0
1.68536
0
2.27793
0
0.721454
0
0.395192
0
0.288738
0
0.127049
0
0.398506
0
2.18704
0
1.46167
0
1.51998
0
2.43523
0
1.21673
0
0.589263
0
1.04091
0
1.86334
0
0.251983
0
0.311466
0
1.29011
0
0.596409
0
0.271619
0
0.817351
0
2.57094
0
2.16472
0
0.718269
0
0.798372
0
0.975721
0
1.0883
0
2.27796
0
0.15274
0
1.72529
0
0.454274
0
2.21127
0
1.65639
0
1.63931
0
1.45318
0
1.92881
0
1.79903
0
1.21314
0
2.35838
0
2.15846
0
2.05005
0
2.02809
0
1.83921
0
0.933012
0
0.18233
0
0.708441
0
2.17141
0
2.30297
0
1.49464
0
1.90403
0
1.12115
0
1.83428
0
0.899822
0
0.927179
0
2.3961
0
1.24484
0
0.670054
0
0.63911
0
0.826392
0
1.50102
0
2.1731
0
0.555389
0
0.988941
0
0.816727
0
2.53141
0
1.14017
0
1.53423
0
2.55071
0
1.43219
0
0.550962
0
0.274189
0
1.67312
0
1.60053
0
2.55307
0
1.30077
0
1.47956
0
1.4554
0
2.6119
0
1.20259
0
0.0292537
0
0.503089
0
1.94655
0
1.13216
0
1.6304
0
1.40185
0
1.54341
0
0.649488
0
0.0835649
0
0.73374
0
2.26319
0
1.54641
0
0.218391
0
1.82075
0
1.15903
0
0.448166
0
1.27001
0
2.31047
0
1.78979
0
1.15208
0
0.855776
0
0.716448
0
1.59975
0
1.56004
0
1.01482
0
0.631721
0
1.72771
0
2.19192
0
0.882056
0
1.27579
0
0.18827
0
1.47682
0
2.58052
0
2.44391
0
1.22002
0
0.180342
0
1.18214
0
0.312811
0
1.42855
0
2.15851
0
1.41032
0
1.81211
0
2.38613
0
1.23228
0
0.350178
0
2.04942
0
1.55766
0
1.4732
0
0.98223
0
0.306335
0
0.445823
0
2.39665
0
0.905373
0
0.575572
0
2.18982
0
1.11069
0
2.5736
0
1.49289
0
1.68166
0
0.460692
0
1.97776
0
0.556084
0
1.54365
0
2.26789
0
1.59731
0
1.77169
0
1.95216
0
0.199871
0
2.40482
0
0.451915
0
1.34503
0
2.36656
0
0.849744
0
2.37508
0
2.5846
0
1.40457
0
0.138483
0
1.12732
0
1.99515
0
1.16473
0
0.344843
0
0.505209
0
2.00189
0
1.67254
0
0.247637
0
1.5287
0
0.755732
0
2.19108
0
0.306431
0
1.00628
0
0.923099
0
1.67494
0
0.450833
0
0.651406
0
1.44869
0
0.180958
0
0.484054
0
2.12843
0
1.80503
0
2.25751
0
0.678054
0
1.52401
0
1.36448
0
1.57075
0
1.97369
0
0.895179
0
1.71517
0
0.66963
0
0.506497
0
2.10102
0
1.47602
0
2.32061
0
0.172117
0
0.971635
0
0.985744
0
0.0164234
0
0.284268
0
1.99314
0
0.811159
0
2.05179
0
2.35623
0
1.44055
0
0.968655
0
2.15835
0
0.811516
0
0.726107
0
0.993663
0
1.44911
0
1.5966
0
0.051826
0
1.03351
0
1.11733
0
0.782871
0
0.384446
0
0.833354
0
2.13365
0
2.51836
0
1.58844
0
2.61842
0
0.952476
0
0.570583
0
1.07868
0
1.98455
0
1.4214
0
2.02496
0
0.220477
0
1.17279
0
2.24111
0
0.782829
0
1.27363
0
2.36335
0
0.794968
0
1.37345
0
0.679231
0
2.3996
0
1.77238
0
1.31619
0
0.375748
0
0.729934
0
2.46098
0
1.47988
0
1.92937
0
0.460004
0
2.56826
0
0.501267
0
2.02262
0
0.419375
0
0.753253
0
0.383212
0
1.20133
0
0.732546
0
1.97787
0
1.60326
0
0.382786
0
1.1006
0
2.3507
0
1.61953
0
0.323655
0
2.32821
0
2.33561
0
0.916454
0
1.76103
0
2.15276
0
0.664828
0
1.45303
0
0.844834
0
0.730702
0
0.302843
0
1.86511
0
1.15303
0
2.31509
0
1.23891
0
2.13018
0
0.885229
0
1.96655
0
1.23904
0
0.853958
0
0.158219
0
0.544877
0
1.15514
0
1.76417
0
0.281833
0
1.37071
0
0.585731
0
0.30394
0
2.65882
0
2.15614
0
0.696396
0
1.13788
0
1.32287
0
1.87575
0
0.727316
0
0.0361202
0
2.23867
0
1.05116
0
1.54423
0
1.47031
0
1.83066
0
1.5491
0
0.561496
0
0.458962
0
1.52676
0
1.64732
0
1.18295
0
1.9686
0
0.179332
0
1.81284
0
1.30375
0
1.0562
0
0.484747
0
1.3878
0
1.7818
0
0.442478
0
1.73189
0
0.576838
0
2.53638
0
0.700573
0
0.549913
0
1.73061
0
0.780708
0
0.693298
0
0.241906
0
2.46245
0
0.31694
0
0.466661
0
1.64278
0
1.80107
0
0.447738
0
0.406891
0
0.733696
0
0.379255
0
2.2253
0
1.64268
0
1.35276
0
2.02274
0
1.226
0
0.434493
0
0.763225
0
0.704765
0
0.649827
0
2.55214
0
2.48648
0
2.03699
0
1.35108
0
0.0344973
0
0.272146
0
0.206577
0
2.22764
0
0.575171
0
2.01982
0
1.64763
0
0.0585581
0
2.12586
0
1.47346
0
1.85506
0
1.62226
0
0.384796
0
0.248386
0
0.603005
0
0.578714
0
1.42017
0
0.296113
0
2.1095
0
1.6989
0
0.557354
0
2.30942
0
1.69549
0
0.610359
0
1.5594
0
0.494158
0
0.524729
0
0.681153
0
2.50917
0
1.50733
0
1.36169
0
2.46387
0
0.967611
0
0.564112
0
1.76666
0
0.874045
0
1.9892
0
1.48415
0
1.56473
0
0.870165
0
0.77432
0
2.29788
0
1.89413
0
0.358791
0
1.7955
0
0.340124
0
2.25485
0
1.96208
0
1.47178
0
2.31347
0
2.34198
0
1.4326
0
2.30224
0
1.92004
0
2.39964
0
1.14163
0
1.34155
0
1.78231
0
0.370738
0
0.859415
0
0.832231
0
1.9463
0
1.9189
0
1.40919
0
2.18939
0
2.54976
0
0.755277
0
0.111518
0
1.98921
0
0.796993
0
2.65102
0
1.31614
0
2.09647
0
1.07955
0
2.53452
0
0.169946
0
0.907509
0
0.152692
0
2.40716
0
1.9705
0
1.18836
0
0.976019
0
1.10042
0
1.50789
0
0.393344
0
1.7496
0
2.39422
0
2.63224
0
2.50579
0
2.40245
0
1.16008
0
0.35776
0
2.09671
0
2.67957
0
2.12189
0
2.01596
0
2.64874
0
1.34663
0
2.58996
0
0.937671
0
2.27962
0
0.815205
0
2.56461
0
2.127
0
0.170441
0
1.50026
0
2.27394
0
1.81441
0
0.0891885
0
2.45754
0
2.22266
0
0.120109
0
0.996441
0
2.07437
0
0.324654
0
0.533577
0
1.91514
0
1.97974
0
0.508086
0
2.27334
0
0.185958
0
1.65433
0
1.57055
0
2.12573
0
0.98941
0
1.01406
0
0.889768
0
2.58643
0
2.48072
0
0.581584
0
1.99841
0
2.65306
0
1.58178
0
1.21184
0
0.164134
0
0.519143
0
1.8196
0
1.93459
0
2.25752
0
0.624561
0
0.23877
0
0.372014
0
0.541611
0
0.65974
0
2.62264
0
0.821648
0
2.07513
0
1.23144
0
2.11024
0
1.22349
0
2.41547
0
0.740284
0
0.905894
0
0.539934
0
1.60025
0
0.887454
0
0.476191
0
0.358482
0
1.26405
0
2.49451
0
2.02186
0
2.33062
0
1.56445
0
2.38362
0
1.33869
0
1.9443
0
1.83831
0
0.684359
0
0.590779
0
1.23795
0
2.04015
0
1.62755
0
1.0523
0
1.45313
0
2.40735
0
2.2335
0
0.43797
0
1.84843
0
1.60651
0
1.1169
0
1.50245
0
0.0757118
0
2.31761
0
0.105373
0
1.25841
0
2.41253
0
1.43088
0
1.79782
0
2.02863
0
0.811988
0
2.66188
0
2.48887
0
1.25465
0
1.1025
0
0.032828
0
2.29681
0
0.676999
0
2.15911
0
0.485198
0
0.885557
0
1.15489
0
0.949271
0
1.59708
0
2.56647
0
0.397011
0
2.66884
0
2.65364
0
1.48924
0
0.695765
0
2.19182
0
0.577603
0
1.71952
0
0.918251
0
2.313
0
2.67199
0
1.07112
0
2.02965
0
2.35252
0
2.3346
0
1.97742
0
1.38922
0
1.18856
0
0.100128
0
0.469616
0
1.96037
0
0.183023
0
0.650411
0
0.577438
0
1.59408
0
1.14523
0
1.4349
0
0.224328
0
1.66657
0
2.07918
0
0.43915
0
2.67461
0
1.16627
0
1.35784
0
1.16078
0
2.25177
0
0.656579
0
1.30897
0
2.53628
0
2.1805
0
2.57754
0
2.57593
0
0.545715
0
0.589999
0
0.669505
0
2.44256
0
2.0956
0
0.549409
0
0.418558
0
1.34566
0
0.651898
0
0.442546
0
2.36431
0
0.850938
0
1.00086
0
1.83194
0
0.763129
0
2.16299
0
1.9587
0
0.686761
0
0.449026
0
1.7598
0
2.54215
0
0.016721
0
1.32627
0
1.48286
0
1.59432
0
2.0123
0
2.09396
0
1.42725
0
0.545406
0
2.50767
0
2.09156
0
0.618267
0
1.87749
0
1.31345
0
1.87983
0
2.61487
0
2.25577
0
2.20321
0
2.38687
0
2.27562
0
1.36227
0
1.97799
0
2.09535
0
2.46804
0
1.94986
0
0.104392
0
0.820781
0
1.72812
0
0.97214
0
0.520145
0
1.53437
0
0.82198
0
1.17591
0
2.43979
0
1.36656
0
1.62262
0
0.374209
0
2.24556
0
1.27375
0
1.36567
0
0.733644
0
0.944866
0
1.84843
0
1.61164
0
2.63609
0
1.12662
0
1.49527
0
0.862915
0
1.11798
0
0.743172
0
1.709
0
1.83093
0
2.34742
0
0.972684
0
1.64361
0
1.43533
0
0.743982
0
1.00888
0
0.724548
0
2.64773
0
0.0192333
0
2.55066
0
1.20144
0
2.04638
0
1.55027
0
2.1852
0
0.561945
0
1.55668
0
0.774952
0
1.31806
0
0.86738
0
1.41133
0
0.798121
0
1.98647
0
2.34201
0
1.77119
0
0.394329
0
1.41181
0
1.0754
0
1.61297
0
1.48641
0
2.43929
0
1.08023
0
0.79392
0
1.38236
0
0.476027
0
0.0420013
0
0.264517
0
1.30143
0
0.980792
0
0.687403
0
1.29988
0
0.752134
0
0.153648
0
0.603933
0
0.474907
0
1.46398
0
2.67766
0
0.678774
0
1.55866
0
0.477131
0
0.176065
0
1.44133
0
1.16554
0
0.1913
0
1.24221
0
1.58833
0
0.537285
0
0.053836
0
0.759222
0
0.939067
0
0.67553
0
0.57372
0
0.183583
0
1.68769
0
0.221225
0
0.609623
0
0.698057
0
1.43178
0
2.05921
0
1.23438
0
0.0548424
0
2.25852
0
2.06361
0
0.930384
0
1.85866
0
2.09457
0
0.563723
0
2.25833
0
1.66591
0
0.400591
0
0.383574
0
0.481938
0
0.299317
0
1.33839
0
1.37541
0
0.490675
0
0.210891
0
1.97826
0
1.8692
0
2.18905
0
1.26413
0
0.828161
0
2.56491
0
0.327405
0
2.2677
0
1.93373
0
1.8715
0
2.41453
0
0.454198
0
2.12517
0
0.277477
0
1.22494
0
1.62214
0
2.51837
0
2.58525
0
0.53375
0
0.179229
0
1.87219
0
0.160412
0
1.30173
0
0.725783
0
1.15323
0
2.29436
0
2.49572
0
2.26305
0
1.70433
0
0.367013
0
0.510372
0
2.52132
0
1.64804
0
2.2677
0
2.02282
0
0.179925
0
2.52276
0
0.577452
0
1.4181
0
0.409142
0
0.702828
0
0.0770094
0
2.45431
0
2.06628
0
1.56637
0
2.58256
0
1.29962
0
1.08608
0
2.59603
0
0.460597
0
0.801633
0
0.0703901
0
1.04238
0
0.634682
0
1.36009
0
2.00928
0
1.2544
0
1.83551
0
2.63013
0
1.58521
0
0.836029
0
1.77669
0
1.67955
0
2.06865
0
2.60606
0
1.36883
0
1.78677
0
2.29523
0
0.85533
0
0.0300509
0
1.89902
0
1.87131
0
1.43592
0
2.53177
0
1.27806
0
2.0318
0
0.494607
0
1.13392
0
2.47715
0
0.969928
0
2.24925
0
0.194371
0
2.16991
0
1.57259
0
0.799205
0
1.19333
0
0.845384
0
2.29796
0
2.3302
0
0.441972
0
2.04138
0
2.30417
0
0.165542
0
0.0112075
0
2.56613
0
2.6272
0
0.262139
0
1.44783
0
0.115682
0
2.26682
0
2.28901
0
1.11783
0
1.9566
0
2.52968
0
0.120882
0
0.303159
0
1.6388
0
1.34666
0
1.48399
0
0.326554
0
1.60966
0
2.58041
0
1.33062
0
0.824459
0
1.7999
0
1.52754
0
0.854427
0
1.89431
0
2.33332
0
0.244597
0
0.941063
0
0.485777
0
2.149
0
2.206
0
2.40216
0
0.139199
0
1.98314
0
1.55641
0
0.453493
0
1.91077
0
1.71883
0
0.71321
0
2.09597
0
0.948135
0
0.454589
0
0.828796
0
1.27804
0
1.87385
0
1.60202
0
2.28023
0
1.01337
0
0.970346
0
2.21305
0
1.85538
0
1.1327
0
1.24276
0
0.358591
0
0.433573
0
0.49447
0
1.38323
0
0.957216
0
1.52499
0
0.402853
0
2.0649
0
2.12892
0
1.54513
0
0.362341
0
1.15389
0
0.725311
0
1.80743
0
2.11254
0
2.51399
0
0.925719
0
0.16926
0
2.01047
0
2.07716
0
0.498994
0
1.51363
0
0.0685852
0
2.53076
0
0.233594
0
2.08029
0
0.385772
0
1.85521
0
0.284692
0
1.84561
0
0.55871
0
1.57039
0
0.040958
0
0.58866
0
2.53624
0
1.52353
0
1.41893
0
2.29965
0
1.58655
0
0.799744
0
2.6259
0
1.21033
0
1.37534
0
0.850471
0
1.33449
0
1.57965
0
0.277241
0
2.49093
0
1.07254
0
2.04491
0
1.51604
0
1.84654
0
1.61386
0
2.38655
0
0.545328
0
1.51562
0
0.970816
0
0.363622
0
0.850826
0
0.15272
0
0.640223
0
2.67678
0
1.10986
0
1.70713
0
0.3989
0
2.01781
0
0.0643938
0
0.219845
0
0.905408
0
0.757756
0
0.576156
0
0.114514
0
1.74817
0
1.28416
0
1.33467
0
1.68354
0
0.972046
0
1.32222
0
2.49197
0
0.946111
0
0.253755
0
1.54444
0
0.86895
0
1.97133
0
1.26519
0
1.06483
0
1.79627
0
1.19703
0
1.48099
0
0.680787
0
0.995289
0
1.26839
0
0.337064
0
0.646388
0
2.07791
0
0.318687
0
0.930714
0
1.41465
0
0.0785941
0
0.858829
0
0.507948
0
2.33422
0
1.34696
0
1.02163
0
1.61265
0
2.64818
0
0.897153
0
1.05404
0
1.4362
0
0.581856
0
0.697495
0
2.48598
0
1.15499
0
0.110802
0
1.91334
0
1.43751
0
1.34859
0
2.65027
0
1.58125
0
0.660246
0
0.694551
0
1.71479
0
1.60841
0
1.65538
0
0.792691
0
0.778203
0
1.74209
0
2.57711
0
0.168357
0
2.35494
0
2.55813
0
0.833674
0
0.0378727
0
0.546497
0
0.716565
0
0.568475
0
0.827003
0
0.0272716
0
1.83823
0
0.181366
0
0.108698
0
0.325485
0
1.12749
0
1.11209
0
0.0461148
0
1.23829
0
2.2368
0
0.95267
0
0.107811
0
1.96781
0
2.53534
0
0.33548
0
1.2819
0
0.479593
0
2.55035
0
0.441386
0
2.63896
0
1.01546
0
0.0946528
0
1.92275
0
1.57866
0
2.1618
0
1.5416
0
2.41445
0
0.81971
0
1.62631
0
1.8272
0
1.42854
0
1.97154
0
0.828854
0
1.26775
0
0.886227
0
2.39415
0
2.64247
0
0.164194
0
1.55234
0
1.62913
0
1.29548
0
2.10978
0
1.58542
0
2.12128
0
1.93055
0
0.876945
0
2.5236
0
1.25055
0
0.671999
0
2.64433
0
2.64572
0
0.467625
0
2.22567
0
2.53057
0
0.0546383
0
1.05115
0
2.29068
0
1.26873
0
0.220669
0
1.48051
0
1.1105
0
1.28319
0
2.13513
0
1.61392
0
1.901
0
1.30189
0
0.357988
0
1.86673
0
1.97116
0
2.02975
0
0.647488
0
1.40867
0
1.26215
0
1.2632
0
1.14092
0
1.14912
0
0.386184
0
1.38153
0
2.62415
0
2.21947
0
1.78429
0
0.485877
0
0.435961
0
1.11812
0
1.3334
0
0.406757
0
0.687963
0
1.6899
0
1.48215
0
2.03367
0
0.65115
0
0.463303
0
2.45346
0
0.674895
0
1.47661
0
1.91654
0
1.87792
0
1.99715
0
2.05413
0
2.52713
0
0.175546
0
2.32388
0
0.284372
0
1.9345
0
2.42476
0
2.45105
0
2.65939
0
1.90551
0
0.302598
0
0.759804
0
1.83526
0
0.525569
0
1.6207
0
2.25923
0
2.60142
0
1.09507
0
1.39595
0
1.95796
0
1.54176
0
1.45946
0
1.56129
0
0.0615192
0
1.9662
0
1.30703
0
1.2151
0
1.29916
0
0.127877
0
1.40119
0
1.82756
0
1.25449
0
2.18557
0
1.44161
0
2.20565
0
0.275499
0
0.0983407
0
0.598298
0
2.55124
0
0.831779
0
0.432744
0
1.90728
0
0.276728
0
1.11081
0
0.104827
0
0.216085
0
0.00561863
0
1.58023
0
0.821679
0
2.1225
0
2.55408
0
1.90319
0
2.18505
0
1.50277
0
2.42466
0
2.42105
0
2.59251
0
2.42773
0
1.70604
0
1.5354
0
2.05643
0
1.30434
0
1.98983
0
2.38056
0
0.720715
0
1.56597
0
1.78549
0
2.42738
0
1.99949
0
1.96573
0
0.224677
0
2.67151
0
1.18933
0
1.23337
0
2.29618
0
1.9169
0
1.68746
0
1.00848
0
0.422401
0
1.2694
0
2.50175
0
0.998146
0
2.39542
0
0.612761
0
0.169255
0
1.84054
0
2.62681
0
1.49494
0
1.11903
0
1.04073
0
0.244429
0
0.308781
0
2.06278
0
0.139334
0
0.698632
0
1.60692
0
1.08068
0
0.152844
0
0.70424
0
2.60484
0
0.431139
0
0.394542
0
2.23016
0
1.49776
0
1.33294
0
2.15259
0
1.12765
0
1.34676
0
1.43228
0
0.0275844
0
1.33796
0
1.40967
0
0.217475
0
0.10687
0
1.98924
0
0.211231
0
0.134235
0
0.916782
0
1.69269
0
1.94603
0
2.1258
0
0.900873
0
1.54872
0
1.72789
0
0.745346
0
0.195221
0
0.39791
0
1.49682
0
1.24087
0
1.57417
0
2.18614
0
1.11871
0
2.16114
0
1.73099
0
0.532705
0
2.36171
0
1.10655
0
1.74056
0
2.00665
0
1.37449
0
2.47907
0
0.735129
0
0.192069
0
2.38179
0
2.37987
0
1.48367
0
0.0810203
0
1.55559
0
0.0880226
0
1.66047
0
1.45862
0
0.891574
0
0.700792
0
0.755207
0
0.21391
0
1.29492
0
0.049592
0
2.60029
0
0.0522634
0
1.19771
0
0.31518
0
0.282311
0
0.2348
0
2.34122
0
0.680935
0
2.48886
0
2.15615
0
0.550275
0
0.044692
0
0.567008
0
1.7744
0
2.51941
0
2.60595
0
1.22422
0
0.709857
0
1.68928
0
1.13079
0
1.30956
0
2.27449
0
0.247681
0
0.439973
0
2.56881
0
0.0504699
0
2.34208
0
2.46364
0
0.755703
0
2.46653
0
0.911356
0
1.02486
0
2.38816
0
0.696622
0
2.30561
0
1.12849
0
0.330084
0
2.4336
0
2.35207
0
0.76469
0
1.53507
0
2.15823
0
1.00596
0
2.62987
0
0.810753
0
2.46275
0
0.277489
0
0.967126
0
0.342019
0
0.556538
0
2.18134
0
1.93406
0
1.87415
0
0.915767
0
0.197135
0
0.429533
0
2.21847
0
1.44541
0
0.122984
0
2.09492
0
1.00205
0
0.198494
0
1.80965
0
1.30932
0
0.814799
0
1.05892
0
2.5263
0
2.53218
0
0.572398
0
2.2472
0
2.00015
0
1.95881
0
1.00207
0
1.26538
0
1.64276
0
1.02421
0
1.72476
0
1.1884
0
0.596308
0
0.812472
0
0.937748
0
0.372144
0
0.754728
0
1.51176
0
1.32245
0
1.40268
0
1.17553
0
0.102889
0
0.267342
0
0.39249
0
1.56655
0
1.92899
0
0.818563
0
0.904649
0
1.67
0
0.458643
0
1.03895
0
1.52774
0
1.1144
0
1.81596
0
1.13721
0
2.63814
0
0.154097
0
1.43522
0
0.696104
0
0.561374
0
0.242741
0
1.93073
0
1.22708
0
0.188553
0
1.72165
0
1.0539
0
1.17395
0
0.407421
0
1.75185
0
1.72579
0
0.212984
0
0.0950275
0
0.039407
0
1.901
0
1.76528
0
0.449584
0
1.22718
0
2.27025
0
0.794177
0
1.4101
0
2.55125
0
0.614116
0
1.03974
0
2.00581
0
1.01094
0
0.315403
0
1.10131
0
0.385767
0
2.37243
0
2.62498
0
0.234947
0
2.57469
0
2.34191
0
0.888741
0
2.65715
0
2.35009
0
0.320632
0
0.64489
0
1.57242
0
0.49468
0
1.63346
0
1.13084
0
1.8549
0
2.68012
0
0.486855
0
1.36067
0
1.80818
0
0.527406
0
1.27599
0
0.669757
0
0.929691
0
1.52723
0
0.900564
0
2.6593
0
1.24185
0
0.177888
0
2.27376
0
1.49027
0
1.23174
0
0.46311
0
1.5734
0
0.879618
0
1.9628
0
2.2688
0
1.01195
0
0.562839
0
0.724069
0
0.00836507
0
1.94322
0
0.579171
0
0.0718234
0
0.647345
0
0.268851
0
2.6557
0
1.54704
0
1.68852
0
2.25572
0
0.0372016
0
0.267773
0
1.36273
0
1.72694
0
1.13349
0
2.11961
0
0.959378
0
0.447745
0
0.439131
0
2.07554
0
0.545782
0
0.805989
0
0.218286
0
0.271238
0
0.459005
0
1.64463
0
0.424332
0
0.368691
0
0.0785149
0
1.9745
0
1.70255
0
1.0854
0
1.29201
0
0.0720877
0
1.28473
0
1.6631
0
0.398475
0
0.125607
0
1.64282
0
1.75925
0
0.0888801
0
1.27983
0
1.28736
0
2.29842
0
0.0867868
0
1.36359
0
2.60885
0
1.83165
0
0.467666
0
0.0639916
0
0.830298
0
2.61999
0
1.21571
0
2.02999
0
0.68853
0
0.170316
0
1.57698
0
1.60849
0
1.45813
0
1.20152
0
1.48028
0
1.22377
0
0.613414
0
1.03748
0
2.15458
0
1.67389
0
1.16704
0
0.594352
0
0.652207
0
1.26979
0
2.07764
0
1.64516
0
2.46409
0
2.32968
0
0.408454
0
2.63491
0
0.841506
0
0.95844
0
1.83331
0
1.09905
0
2.24076
0
0.367602
0
1.98718
0
2.13931
0
1.50811
0
0.00666604
0
1.25431
0
0.937766
0
0.390224
0
2.20049
0
0.310307
0
0.737891
0
1.90637
0
0.413901
0
0.507366
0
0.652176
0
2.40264
0
1.04643
0
0.73009
0
1.04848
0
2.48682
0
2.18049
0
1.13362
0
1.21328
0
0.975252
0
2.03403
0
0.341007
0
0.593239
0
2.28068
0
2.27896
0
0.671169
0
0.537609
0
2.29113
0
0.342716
0
0.356271
0
1.99216
0
1.307
0
1.29274
0
0.920675
0
1.64541
0
0.848532
0
1.10674
0
1.92757
0
1.82503
0
1.53926
0
1.70519
0
0.00891616
0
0.587264
0
0.120869
0
1.9413
0
0.692838
0
2.56112
0
0.801838
0
2.07328
0
2.37108
0
1.73392
0
2.2628
0
0.44786
0
1.87808
0
2.46999
0
2.60966
0
0.374672
0
2.26144
0
2.33635
0
1.76296
0
1.4582
0
1.27172
0
0.252662
0
2.65503
0
0.602681
0
0.300095
0
1.35624
0
1.14532
0
2.39376
0
0.521338
0
0.193677
0
0.985622
0
1.58717
0
1.07927
0
0.334866
0
1.16799
0
0.938734
0
0.148083
0
1.93739
0
0.963783
0
1.95579
0
0.0470411
0
2.45147
0
0.833238
0
0.571875
0
2.51203
0
0.0238012
0
2.4597
0
1.885
0
0.0723137
0
1.71694
0
0.243664
0
1.10994
0
0.527163
0
0.952259
0
1.63455
0
0.637375
0
1.63444
0
0.0653526
0
2.39973
0
0.311807
0
0.161347
0
1.85915
0
0.992947
0
2.02502
0
0.0592604
0
1.07199
0
0.064636
0
2.17757
0
2.2949
0
0.0695748
0
2.43137
0
0.584239
0
0.437969
0
2.26151
0
1.27345
0
1.71905
0
1.93145
0
0.958219
0
0.760529
0
2.07869
0
1.71914
0
2.01399
0
1.80408
0
0.0424743
0
0.875068
0
1.88527
0
1.33994
0
1.24766
0
1.61147
0
0.725338
0
2.0505
0
1.20736
0
1.92912
0
0.0527969
0
2.4364
0
0.34885
0
1.73711
0
2.53476
0
2.63775
0
1.34041
0
0.594638
0
2.18275
0
2.5553
0
0.577393
0
0.312276
0
2.60059
0
1.94129
0
1.08711
0
2.35723
0
1.64561
0
0.657868
0
1.69779
0
2.29431
0
1.73375
0
1.28947
0
2.32856
0
0.687476
0
2.60964
0
1.67756
0
1.3968
0
0.89651
0
1.91079
0
0.50928
0
1.43204
0
2.13726
0
1.70995
0
1.92121
0
1.16139
0
0.244672
0
2.48422
0
0.883522
0
1.8326
0
1.36246
0
1.25327
0
1.70054
0
2.31579
0
0.829577
0
2.51213
0
1.8926
0
2.24939
0
0.503272
0
1.41866
0
0.697632
0
1.00377
0
1.01168
0
0.640817
0
0.773483
0
2.66133
0
0.547497
0
1.62613
0
2.02732
0
0.744958
0
1.12382
0
0.927221
0
2.55004
0
2.19453
0
1.93602
0
0.575671
0
1.15501
0
1.34571
0
2.58865
0
0.746003
0
0.268628
0
2.07605
0
2.34238
0
2.11508
0
0.539229
0
0.115319
0
0.884679
0
1.15694
0
1.28314
0
0.457938
0
2.35301
0
2.53885
0
1.10492
0
0.484371
0
0.949433
0
1.28804
0
0.725782
0
1.3789
0
0.244378
0
2.19864
0
2.55219
0
1.74594
0
1.13889
0
0.27983
0
1.42653
0
2.26125
0
1.47098
0
2.15086
0
0.203094
0
1.97476
0
2.63173
0
0.918162
0
2.00223
0
0.553467
0
1.01589
0
0.505745
0
2.0587
0
1.1322
0
1.87882
0
2.2727
0
2.45081
0
0.634993
0
0.0480472
0
0.036255
0
1.90399
0
2.123
0
1.60079
0
2.60208
0
1.26591
0
1.08058
0
2.3573
0
1.88895
0
2.60117
0
0.595615
0
2.3778
0
0.396875
0
1.25102
0
0.334963
0
0.208103
0
1.81036
0
1.4627
0
2.16819
0
2.00621
0
0.223874
0
0.729019
0
1.74493
0
2.53666
0
0.0867703
0
0.480738
0
1.24519
0
1.49077
0
1.6127
0
0.401044
0
1.10646
0
0.556123
0
0.605227
0
2.155
0
2.25749
0
2.57376
0
2.37816
0
2.45431
0
2.4319
0
0.166135
0
0.777246
0
1.34797
0
2.0643
0
2.22857
0
1.4539
0
0.0992628
0
1.89461
0
0.453496
0
0.172511
0
0.0882691
0
0.807251
0
2.16662
0
2.18187
0
1.45661
0
0.88081
0
0.473733
0
0.98677
0
0.0890682
0
0.500446
0
0.213718
0
1.13672
0
0.841878
0
0.661369
0
1.53483
0
0.935249
0
2.16182
0
0.507319
0
2.46603
0
2.48966
0
2.30615
0
2.61574
0
2.47715
0
0.636292
0
2.16601
0
0.411344
0
0.698971
0
1.45702
0
0.977364
0
1.38784
0
2.67102
0
0.17805
0
0.324633
0
1.26101
0
1.3561
0
0.395752
0
0.284144
0
0.0612712
0
0.0510333
0
1.07888
0
2.40205
0
1.32612
0
1.28704
0
2.56271
0
1.84742
0
2.5719
0
0.0292111
0
0.589221
0
1.50762
0
1.66566
0
1.0805
0
1.64037
0
2.29154
0
1.96487
0
1.18835
0
0.732914
0
2.10865
0
2.20472
0
0.381145
0
2.37485
0
1.45414
0
0.638833
0
2.39534
0
0.439103
0
1.29482
0
2.5339
0
2.41411
0
2.58736
0
2.06288
0
2.50544
0
1.95242
0
2.33375
0
1.162
0
1.24379
0
0.506088
0
1.3023
0
0.430511
0
1.80798
0
1.68786
0
0.700252
0
1.03432
0
2.41627
0
2.48238
0
0.598068
0
1.60497
0
0.843528
0
0.987033
0
0.911399
0
1.4322
0
0.182034
0
0.935807
0
2.62255
0
1.07666
0
1.70443
0
1.74819
0
0.69206
0
0.271634
0
0.41897
0
0.644237
0
1.24983
0
0.237834
0
0.67839
0
0.112281
0
0.262751
0
1.4469
0
1.09274
0
0.502811
0
0.713271
0
1.63851
0
1.03086
0
0.0636871
0
2.60688
0
2.09314
0
1.01816
0
0.981709
0
1.49759
0
1.80589
0
0.778846
0
0.405503
0
1.25493
0
0.51698
0
1.86283
0
1.84517
0
1.8291
0
2.00791
0
1.82346
0
0.150288
0
1.0152
0
1.75085
0
2.112
0
0.128086
0
2.18635
0
1.70295
0
0.463293
0
0.132449
0
0.438899
0
0.542966
0
0.997066
0
1.85331
0
1.28506
0
0.990112
0
1.93167
0
2.65536
0
1.25037
0
0.875925
0
1.90934
0
1.14185
0
1.34964
0
2.67927
0
2.62828
0
0.169617
0
1.49892
0
2.45247
0
0.0908192
0
2.34076
0
2.09726
0
0.882248
0
2.45229
0
2.46656
0
1.49113
0
0.855183
0
0.586782
0
1.00482
0
2.67595
0
1.05146
0
0.375022
0
1.03505
0
1.72843
0
0.394363
0
0.0372265
0
1.42833
0
1.52923
0
0.497432
0
2.49609
0
1.33527
0
1.63052
0
1.97257
0
0.409331
0
0.600702
0
1.91948
0
1.2488
0
1.81961
0
2.13627
0
2.17299
0
1.85282
0
0.40569
0
1.92574
0
1.82826
0
0.950818
0
2.4609
0
1.45725
0
0.451408
0
1.08046
0
0.671506
0
0.97216
0
0.974879
0
1.88613
0
2.54859
0
2.16134
0
2.66427
0
2.5553
0
2.10508
0
2.12098
0
1.91096
0
0.0972279
0
2.57223
0
1.06234
0
1.44079
0
0.0760679
0
0.0667021
0
1.76102
0
1.92276
0
0.5078
0
0.663909
0
1.25332
0
1.90064
0
2.31622
0
0.605325
0
2.5406
0
1.75281
0
0.236836
0
0.584216
0
2.58271
0
1.22668
0
1.35292
0
0.356433
0
1.20465
0
2.42735
0
0.112922
0
1.71332
0
0.216108
0
2.29553
0
2.57323
0
0.115464
0
2.62369
0
0.993539
0
1.40331
0
1.11547
0
0.22158
0
0.260053
0
2.43623
0
2.41143
0
2.53475
0
1.82671
0
0.271598
0
1.59343
0
2.40806
0
0.280824
0
1.30034
0
0.229816
0
1.62511
0
0.203266
0
1.12456
0
2.22216
0
2.41613
0
1.8939
0
2.24084
0
1.68377
0
1.88498
0
2.65999
0
0.109966
0
2.18955
0
0.011744
0
0.252488
0
2.1234
0
2.39289
0
0.854483
0
0.52668
0
0.96022
0
0.331282
0
2.31221
0
0.660155
0
0.783372
0
0.664403
0
1.85434
0
1.42275
0
1.25638
0
2.66085
0
0.251682
0
0.0506889
0
1.12663
0
0.872587
0
2.48893
0
0.933605
0
2.57967
0
1.96928
0
1.53562
0
1.57631
0
1.40962
0
0.349
0
0.812092
0
1.17881
0
1.97423
0
1.95437
0
0.108176
0
1.53405
0
0.0972017
0
0.220514
0
1.79747
0
2.0124
0
0.474642
0
0.498516
0
0.191893
0
0.507131
0
1.44179
0
2.22276
0
0.995451
0
2.14881
0
0.330681
0
1.34965
0
2.20774
0
1.95274
0
1.69188
0
1.82671
0
1.17601
0
2.12241
0
0.28257
0
2.05318
0
1.94313
0
2.48919
0
0.219836
0
1.11606
0
1.8984
0
0.524049
0
0.13125
0
0.154899
0
0.540779
0
1.27163
0
1.05317
0
2.17245
0
2.39266
0
0.290939
0
1.1312
0
0.864737
0
1.60765
0
1.53009
0
1.80742
0
1.83308
0
0.367441
0
0.211877
0
0.865745
0
1.22802
0
2.42068
0
2.18594
0
0.047773
0
1.47271
0
1.23908
0
1.95134
0
0.476838
0
1.27085
0
1.21909
0
0.204526
0
0.21226
0
0.480867
0
1.38668
0
0.23507
0
1.6546
0
0.34022
0
2.37862
0
0.910395
0
1.11582
0
1.46561
0
0.354595
0
0.455306
0
1.93248
0
1.02584
0
0.502506
0
1.15158
0
1.4225
0
0.697181
0
0.908839
0
2.58251
0
1.50394
0
0.847971
0
2.1214
0
0.855111
0
0.74935
0
1.1784
0
0.130366
0
0.0740032
0
2.33825
0
1.716
0
1.58345
0
0.642218
0
0.901152
0
1.33782
0
1.44571
0
0.603807
0
0.419989
0
1.90527
0
0.387399
0
1.78043
0
0.417784
0
2.49996
0
0.0949371
0
0.424963
0
0.589706
0
0.786178
0
1.96569
0
1.09833
0
0.582183
0
1.82706
0
2.32376
0
2.21932
0
1.69495
0
1.35557
0
1.62248
0
1.30038
0
0.235391
0
0.464051
0
0.196021
0
1.42698
0
1.97011
0
0.636287
0
1.1943
0
2.06175
0
2.48675
0
1.52143
0
1.94932
0
1.12414
0
2.63693
0
0.764708
0
0.286247
0
0.0679624
0
1.94313
0
0.70804
0
1.73733
0
2.27061
0
1.98306
0
0.812507
0
2.09587
0
2.19762
0
0.3874
0
0.6528
0
0.582779
0
1.28691
0
1.87526
0
2.54246
0
0.786287
0
2.00811
0
0.0297669
0
2.30189
0
0.59803
0
0.923124
0
1.98433
0
0.0516609
0
2.0678
0
0.866823
0
1.00566
0
0.758811
0
0.0334504
0
1.90815
0
0.782706
0
2.59829
0
1.02243
0
0.467426
0
1.7302
0
0.989923
0
0.99527
0
1.1143
0
0.956977
0
0.132513
0
0.944028
0
1.7686
0
1.43488
0
1.6935
0
0.21312
0
1.59372
0
1.44019
0
2.4266
0
2.35062
0
1.74712
0
0.101972
0
1.39562
0
1.16254
0
0.997828
0
2.38584
0
0.102695
0
1.8813
0
0.455772
0
1.04443
0
1.49173
0
2.58152
0
1.55207
0
1.82397
0
1.94656
0
2.52318
0
2.21867
0
0.0925772
0
0.257502
0
2.105
0
1.65922
0
1.58939
0
1.85248
0
1.06227
0
0.226231
0
1.65139
0
0.688313
0
1.76508
0
0.205326
0
0.505102
0
2.49971
0
1.55714
0
1.69811
0
1.85784
0
0.892352
0
0.380602
0
0.908614
0
2.33972
0
1.68384
0
1.74927
0
1.04046
0
2.01762
0
0.106575
0
0.901267
0
2.49126
0
1.51395
0
2.38007
0
0.98982
0
2.17686
0
2.15774
0
0.160749
0
2.32989
0
1.29146
0
2.12078
0
0.812647
0
0.958833
0
0.455182
0
2.30657
0
0.496344
0
2.49149
0
0.505423
0
1.43737
0
2.63918
0
1.17683
0
1.62745
0
0.890341
0
0.0600245
0
0.803276
0
1.36158
0
2.38274
0
1.52919
0
1.52309
0
1.74652
0
1.46125
0
2.55339
0
1.86914
0
1.82128
0
0.249161
0
2.51895
0
0.0187319
0
2.34635
0
2.34684
0
0.621707
0
0.895243
0
2.63599
0
0.496389
0
1.44114
0
1.12062
0
2.01107
0
2.33542
0
2.39062
0
2.54874
0
1.20276
0
1.53641
0
1.692
0
0.170795
0
1.78788
0
2.03459
0
0.329988
0
1.20059
0
0.644621
0
2.04328
0
1.17579
0
2.12617
0
2.51805
0
0.293132
0
0.385269
0
0.638247
0
1.88526
0
2.29669
0
2.10515
0
0.81042
0
0.690646
0
0.788049
0
1.08766
0
1.3989
0
1.08432
0
1.77034
0
2.17895
0
1.86828
0
0.518724
0
2.43658
0
1.70391
0
1.19492
0
2.31493
0
2.62019
0
0.355481
0
0.814675
0
2.56604
0
0.518134
0
2.2872
0
1.43857
0
1.28898
0
2.44512
0
1.59108
0
2.54349
0
2.54522
0
1.1842
0
0.899481
0
1.30963
0
0.0270837
0
1.31541
0
1.20554
0
1.66083
0
1.69945
0
2.52876
0
2.47854
0
1.56918
0
2.42808
0
0.759236
0
1.85426
0
0.67443
0
0.517156
0
1.06103
0
1.50221
0
2.16349
0
0.0626065
0
0.763779
0
2.15546
0
1.26063
0
0.31669
0
0.185377
0
0.793775
0
1.49288
0
1.79491
0
2.37236
0
2.49278
0
2.23089
0
1.97025
0
1.64099
0
0.941835
0
0.863876
0
1.86893
0
0.136084
0
0.208564
0
2.33565
0
1.86258
0
1.20643
0
2.11679
0
0.384413
0
2.63161
0
0.263882
0
1.82548
0
1.26299
0
1.57153
0
1.79291
0
0.130804
0
2.23282
0
0.212609
0
1.03369
0
1.14265
0
1.93583
0
2.15477
0
1.1348
0
1.06781
0
0.36229
0
0.196812
0
2.20094
0
0.671107
0
2.15232
0
1.56439
0
0.291871
0
0.635713
0
0.888764
0
0.949001
0
1.48999
0
2.10454
0
2.05997
0
1.00645
0
0.167207
0
1.73001
0
1.2782
0
2.17186
0
0.330649
0
2.21343
0
2.07222
0
2.24132
0
2.61974
0
1.65989
0
2.35374
0
2.47239
0
1.819
0
1.12301
0
2.61311
0
2.07918
0
1.99615
0
1.49421
0
2.25316
0
2.07107
0
1.65814
0
1.45088
0
1.23505
0
2.26259
0
2.46436
0
2.54339
0
1.16705
0
2.66894
0
0.891564
0
2.30439
0
0.581362
0
0.200539
0
0.855948
0
2.28594
0
0.223313
0
1.48352
0
0.2137
0
2.46698
0
0.482523
0
1.42566
0
1.19553
0
1.7425
0
2.41143
0
0.510378
0
1.0716
0
0.0878121
0
0.879758
0
2.61427
0
2.4506
0
2.17609
0
0.402152
0
2.38848
0
2.49013
0
0.69074
0
0.598579
0
2.58689
0
1.5598
0
2.17756
0
1.54451
0
0.628349
0
1.02155
0
2.38431
0
2.62727
0
2.12979
0
0.100864
0
0.885505
0
0.474571
0
0.81108
0
1.12015
0
2.3895
0
1.83185
0
0.117201
0
1.70119
0
0.94574
0
0.339169
0
1.87128
0
0.508888
0
2.07848
0
1.72729
0
0.729398
0
0.917035
0
0.435468
0
1.77016
0
1.33805
0
2.64315
0
0.632593
0
1.63104
0
1.02065
0
1.38264
0
1.49663
0
0.134684
0
1.7066
0
0.344046
0
0.873235
0
2.58735
0
2.62256
0
1.33277
0
0.554897
0
2.06638
0
1.03447
0
0.365675
0
2.63984
0
1.16777
0
1.03794
0
2.28596
0
2.37645
0
1.77648
0
0.922584
0
0.571981
0
1.35483
0
0.80631
0
1.79648
0
0.462117
0
1.05824
0
0.462933
0
1.91351
0
2.34333
0
0.933893
0
0.536767
0
2.29104
0
1.64633
0
0.451526
0
2.14836
0
0.448761
0
0.291902
0
2.32801
0
1.24684
0
1.21782
0
1.18682
0
2.44922
0
0.125261
0
0.807569
0
1.85307
0
2.33608
0
0.311158
0
0.910267
0
2.26996
0
0.654583
0
1.47089
0
2.33308
0
2.50042
0
1.01554
0
1.40367
0
0.829483
0
2.51322
0
1.84444
0
1.46881
0
2.53484
0
1.30457
0
0.968299
0
2.41168
0
1.21618
0
1.03661
0
0.214109
0
2.22259
0
2.33509
0
0.19302
0
0.523998
0
0.897305
0
1.03063
0
1.73467
0
0.213091
0
0.392127
0
1.32916
0
2.59706
0
2.38466
0
2.51186
0
0.0528884
0
0.259014
0
1.71255
0
1.92495
0
0.669886
0
0.248796
0
0.146165
0
0.731895
0
1.16031
0
2.04812
0
0.771318
0
1.6364
0
0.866049
0
2.38025
0
1.2902
0
0.0504966
0
2.0934
0
1.08973
0
1.47959
0
2.32796
0
0.666551
0
1.69684
0
2.22304
0
0.552975
0
2.51172
0
1.71684
0
2.3608
0
0.600243
0
1.32716
0
0.515764
0
0.0170357
0
2.53676
0
1.74259
0
0.929194
0
0.285934
0
0.317495
0
2.15622
0
2.09543
0
0.756877
0
2.20823
0
2.42484
0
0.906699
0
1.67201
0
0.306469
0
1.75991
0
0.149306
0
1.66237
0
2.19407
0
1.53295
0
2.44905
0
2.31466
0
1.82526
0
0.649552
0
0.90336
0
0.931163
0
0.553376
0
1.851
0
0.787315
0
1.06726
0
0.278537
0
0.0791127
0
1.6855
0
0.922995
0
0.576821
0
1.78541
0
0.798504
0
0.329394
0
0.601822
0
1.19077
0
1.36841
0
1.93831
0
1.64605
0
2.24529
0
1.98063
0
1.22676
0
1.62608
0
2.55127
0
2.49151
0
1.4022
0
0.738725
0
1.62308
0
0.713661
0
0.643964
0
1.60349
0
0.727244
0
1.63211
0
2.66709
0
0.296642
0
0.910057
0
1.44396
0
1.60216
0
1.42668
0
2.50501
0
2.40277
0
2.12119
0
2.40857
0
1.8455
0
2.46621
0
1.59616
0
0.794652
0
2.05387
0
1.42892
0
0.58188
0
1.35004
0
0.364594
0
2.46696
0
1.25298
0
2.47931
0
1.44602
0
2.46152
0
1.80562
0
0.253018
0
1.52761
0
0.328351
0
0.176705
0
0.580905
0
1.59232
0
1.34863
0
1.88765
0
2.26593
0
2.0404
0
0.420644
0
0.445664
0
2.60349
0
2.01139
0
2.60537
0
2.03935
0
0.758015
0
2.26228
0
0.114985
0
2.09833
0
2.42393
0
0.688515
0
1.26964
0
1.81862
0
0.0627422
0
0.0452048
0
2.59429
0
0.914238
0
0.512733
0
1.9335
0
0.0880874
0
2.58156
0
1.11246
0
2.45961
0
0.776203
0
0.909021
0
0.271846
0
1.05153
0
2.6418
0
0.129339
0
0.0354621
0
0.800805
0
2.08851
0
1.66405
0
1.71163
0
0.200745
0
1.04255
0
0.134
0
0.546776
0
0.811078
0
1.99037
0
0.85736
0
0.281878
0
1.34146
0
2.3283
0
0.723156
0
2.22018
0
0.755083
0
0.299253
0
0.355321
0
0.221828
0
2.47231
0
2.10808
0
1.12513
0
0.856809
0
2.09726
0
2.65926
0
0.357653
0
1.21234
0
0.593501
0
0.131789
0
0.0872203
0
1.92008
0
0.360617
0
0.44438
0
0.360232
0
2.50335
0
1.0918
0
2.61781
0
2.25185
0
0.797349
0
2.24866
0
0.659978
0
0.0463255
0
2.37203
0
2.50384
0
0.586969
0
0.894271
0
0.972718
0
1.38367
0
0.790727
0
0.474469
0
0.622209
0
2.43344
0
2.28183
0
2.59298
0
0.224617
0
0.379993
0
0.0968936
0
1.55117
0
0.277217
0
0.745829
0
1.34197
0
2.20699
0
1.01644
0
1.95502
0
2.6452
0
0.477319
0
1.78718
0
0.879651
0
0.619439
0
1.40981
0
0.856439
0
0.0725162
0
2.32186
0
1.28345
0
2.53175
0
2.25873
0
1.38798
0
1.42891
0
0.991985
0
0.270625
0
0.581333
0
1.46532
0
1.3537
0
1.85997
0
0.983103
0
2.56691
0
1.00122
0
0.307658
0
0.531208
0
0.0438727
0
0.911021
0
1.62184
0
0.571001
0
0.356973
0
1.47572
0
0.717905
0
1.91385
0
1.68104
0
1.41429
0
2.02839
0
2.43895
0
2.34593
0
0.775702
0
1.44433
0
0.0221307
0
2.59418
0
0.985306
0
2.19302
0
1.05301
0
2.49021
0
0.850175
0
1.33294
0
2.08242
0
0.55726
0
0.445138
0
0.866708
0
0.336357
0
0.111368
0
1.89549
0
0.327426
0
2.56417
0
2.59442
0
1.17109
0
0.470654
0
0.802237
0
1.08662
0
1.39959
0
1.83879
0
0.878729
0
1.66993
0
0.135751
0
2.5373
0
2.16431
0
1.48389
0
2.16637
0
0.349514
0
2.08046
0
1.15336
0
0.585357
0
1.16267
0
2.52247
0
2.37154
0
1.40451
0
2.01466
0
0.949643
0
0.491688
0
0.810322
0
0.859843
0
2.02648
0
1.99141
0
0.77076
0
2.34384
0
2.08491
0
0.225356
0
0.177274
0
2.53762
0
1.78409
0
0.734328
0
1.49221
0
1.73757
0
0.113793
0
0.252691
0
0.155964
0
0.706973
0
1.55996
0
1.78371
0
1.74484
0
2.13501
0
1.12046
0
2.51268
0
1.27679
0
1.41757
0
2.60147
0
2.12256
0
0.018412
0
0.456976
0
0.195844
0
1.4278
0
0.236846
0
1.56941
0
1.09445
0
0.165733
0
1.56501
0
1.32951
0
0.676813
0
1.43871
0
0.717134
0
0.587282
0
2.48156
0
2.31939
0
0.525466
0
0.835203
0
1.71115
0
1.71553
0
1.2216
0
2.57654
0
2.56068
0
2.46059
0
0.0267129
0
1.68646
0
2.08439
0
2.5925
0
2.15918
0
0.949953
0
0.404838
0
1.6582
0
2.49926
0
1.97717
0
2.03611
0
0.877868
0
1.17496
0
0.341709
0
1.36963
0
1.73051
0
0.484912
0
1.60409
0
0.859375
0
1.18892
0
2.65539
0
0.625976
0
0.0850204
0
1.6943
0
0.00714998
0
1.47451
0
0.391486
0
0.48915
0
0.373482
0
0.00594283
0
1.29798
0
1.41174
0
1.19446
0
0.334426
0
0.0737105
0
1.87135
0
1.06204
0
2.00857
0
0.0808256
0
1.63296
0
2.48174
0
0.376315
0
0.989493
0
1.29895
0
1.18479
0
0.330393
0
1.19537
0
1.33289
0
0.551949
0
0.49707
0
1.68808
0
0.335833
0
1.10472
0
0.0265208
0
1.54607
0
1.81684
0
1.79631
0
1.49225
0
2.27501
0
2.01177
0
2.5822
0
0.136851
0
2.39335
0
1.17406
0
0.0750897
0
0.858577
0
0.686961
0
1.51718
0
0.512071
0
0.128418
0
0.500952
0
0.41477
0
1.76706
0
2.35912
0
0.521967
0
2.27396
0
1.2093
0
2.55428
0
1.5557
0
1.72973
0
1.9998
0
0.0200183
0
0.34302
0
1.69525
0
2.24251
0
0.763962
0
0.565183
0
2.22428
0
1.1434
0
0.963779
0
0.473775
0
2.03495
0
2.22167
0
0.252683
0
1.11943
0
0.0428433
0
1.7873
0
1.00184
0
1.49322
0
0.441489
0
2.49819
0
0.947942
0
2.58588
0
0.200257
0
0.430057
0
1.82914
0
0.465669
0
0.283556
0
2.61238
0
1.38463
0
1.26179
0
1.2347
0
0.180263
0
0.892816
0
1.18135
0
0.93363
0
1.36369
0
0.118748
0
1.59609
0
0.0299498
0
1.06941
0
1.0228
0
0.786187
0
2.40209
0
1.63774
0
0.275827
0
0.928813
0
1.49846
0
1.52902
0
1.00508
0
0.972547
0
2.55982
0
1.644
0
2.4618
0
2.19113
0
0.458399
0
2.14404
0
0.543467
0
0.870207
0
0.911422
0
0.318084
0
1.25998
0
0.379327
0
1.31646
0
1.18418
0
1.28661
0
0.604301
0
1.46574
0
0.266629
0
0.352122
0
2.57571
0
1.94621
0
0.0253945
0
1.92643
0
2.28252
0
2.42567
0
1.85721
0
1.78577
0
0.510091
0
1.84775
0
2.23511
0
0.434666
0
2.44241
0
0.733964
0
0.550253
0
0.154808
0
0.876635
0
2.5291
0
2.59847
0
1.90428
0
0.532508
0
0.225674
0
1.55245
0
0.508023
0
0.315911
0
1.63
0
0.451675
0
1.62179
0
1.89917
0
2.23333
0
0.834552
0
2.67798
0
0.578314
0
1.09502
0
1.21826
0
0.437022
0
0.995484
0
1.09654
0
0.444459
0
0.44317
0
1.08349
0
1.66007
0
2.48779
0
2.54261
0
1.59747
0
0.833378
0
1.98955
0
0.448041
0
1.70321
0
0.199251
0
0.29362
0
2.52432
0
1.05157
0
1.11928
0
0.611115
0
2.32521
0
1.00988
0
1.93231
0
2.55197
0
0.569774
0
1.90138
0
1.84665
0
1.60942
0
2.29136
0
0.979375
0
1.60083
0
1.33655
0
0.571478
0
2.1146
0
0.75552
0
1.26348
0
2.56065
0
0.0486345
0
0.941437
0
1.43315
0
1.33209
0
1.32672
0
0.743136
0
1.57488
0
0.0902802
0
1.61291
0
0.777765
0
1.28913
0
1.86816
0
1.85948
0
2.59678
0
0.707139
0
2.06778
0
1.30557
0
1.38694
0
1.09577
0
1.43725
0
2.2113
0
0.680852
0
1.25181
0
2.56935
0
1.39338
0
1.6543
0
1.37756
0
2.44262
0
2.5157
0
1.56898
0
2.08341
0
2.11512
0
1.39732
0
0.566466
0
0.0934781
0
1.36625
0
0.244476
0
0.509516
0
0.595231
0
1.6406
0
2.22147
0
0.586861
0
0.208672
0
1.42619
0
1.34747
0
1.82852
0
1.59994
0
2.33307
0
0.245204
0
1.51677
0
1.92911
0
1.348
0
0.785948
0
1.19962
0
2.57797
0
1.09448
0
1.75897
0
1.76774
0
2.64515
0
0.980707
0
0.222028
0
1.6364
0
2.38477
0
1.89855
0
1.03647
0
2.32959
0
2.26457
0
2.36843
0
1.59229
0
0.881444
0
2.41538
0
0.154384
0
2.07042
0
2.44329
0
1.14366
0
0.0120329
0
0.580451
0
0.782795
0
0.614805
0
0.310178
0
0.281514
0
0.740968
0
0.604775
0
1.60379
0
0.746335
0
0.577029
0
2.51403
0
1.79894
0
1.94416
0
1.56449
0
0.190091
0
1.96164
0
2.41353
0
0.848064
0
0.540157
0
1.92494
0
1.07652
0
1.09935
0
1.06432
0
1.15807
0
0.789391
0
2.0936
0
1.00399
0
0.431495
0
1.19505
0
1.47122
0
0.822196
0
2.67463
0
0.965628
0
1.73015
0
2.28877
0
0.364154
0
1.99081
0
1.70895
0
1.3723
0
0.0307255
0
0.871657
0
0.981776
0
0.826981
0
1.42359
0
1.43589
0
1.4207
0
2.33051
0
1.72941
0
0.197207
0
1.19934
0
1.44634
0
0.442835
0
0.638818
0
1.17516
0
0.864838
0
0.386539
0
1.98288
0
0.161141
0
0.207181
0
1.26446
0
1.48065
0
0.345745
0
1.17672
0
2.14578
0
1.32707
0
0.669031
0
0.750179
0
1.29682
0
1.26275
0
1.20104
0
1.29614
0
0.108806
0
1.16098
0
0.39835
0
1.254
0
0.318412
0
2.19372
0
1.40356
0
0.75309
0
1.73306
0
0.226816
0
2.4277
0
1.69164
0
0.287513
0
2.02933
0
0.270244
0
2.04139
0
2.61519
0
1.84122
0
2.31061
0
0.43944
0
1.46285
0
0.154135
0
0.844166
0
0.112415
0
2.46289
0
2.53641
0
1.12879
0
0.918702
0
1.29387
0
0.846892
0
2.1076
0
1.33916
0
1.04656
0
0.680282
0
0.570099
0
0.965229
0
0.398392
0
1.0744
0
0.357474
0
1.64797
0
2.15309
0
1.73917
0
0.988919
0
0.689077
0
2.66198
0
0.828903
0
1.83105
0
1.00163
0
2.50243
0
2.36402
0
1.22985
0
2.54578
0
0.379314
0
1.23965
0
0.167409
0
0.969574
0
0.822438
0
0.280547
0
1.97678
0
0.0701268
0
0.972729
0
0.925553
0
1.51567
0
0.566758
0
0.360874
0
0.900995
0
2.50171
0
0.677055
0
2.01125
0
0.109758
0
1.2325
0
2.37732
0
0.393035
0
2.21653
0
2.45125
0
1.89074
0
0.945989
0
2.64368
0
1.62417
0
2.20575
0
1.43136
0
0.0397556
0
1.65047
0
2.50101
0
0.534876
0
1.99652
0
1.44552
0
0.639779
0
1.89537
0
0.682267
0
0.284774
0
0.746588
0
1.40794
0
2.36579
0
1.80866
0
1.86519
0
1.20022
0
1.55012
0
1.10709
0
0.0733794
0
1.06311
0
1.60219
0
1.65715
0
0.795981
0
2.09221
0
1.24227
0
1.75245
0
0.620641
0
0.275591
0
1.41582
0
1.64311
0
2.19839
0
0.430939
0
1.33182
0
0.0371019
0
1.22151
0
2.09901
0
2.13297
0
1.28336
0
1.22566
0
0.0187998
0
2.11973
0
2.27235
0
1.16003
0
2.2092
0
0.325612
0
2.30586
0
2.57485
0
1.94707
0
0.497259
0
2.56455
0
0.945682
0
1.22491
0
1.60498
0
2.34631
0
2.35787
0
0.53731
0
0.0561347
0
0.598118
0
2.27536
0
1.78635
0
0.812675
0
1.7981
0
0.61827
0
1.16966
0
0.666491
0
1.78631
0
0.431324
0
0.809172
0
2.0124
0
1.44733
0
1.24084
0
1.88245
0
0.0454429
0
0.477758
0
0.0300825
0
1.98103
0
1.84762
0
1.76155
0
0.0835774
0
2.08773
0
0.529629
0
0.333824
0
2.59006
0
1.03122
0
0.231893
0
0.406434
0
2.32637
0
1.26819
0
1.01028
0
0.0712429
0
1.38666
0
1.58156
0
0.0961957
0
2.15768
0
2.65851
0
0.641877
0
0.180572
0
0.350614
0
0.0533518
0
1.29223
0
2.11956
0
1.50345
0
1.40535
0
1.06992
0
1.43901
0
1.51998
0
2.57037
0
2.38757
0
1.57053
0
0.360542
0
0.0987442
0
0.498975
0
2.45086
0
2.05711
0
0.425012
0
0.407242
0
1.32475
0
1.30412
0
2.56965
0
0.480034
0
1.21791
0
0.544416
0
0.149793
0
1.66249
0
0.611376
0
0.10523
0
0.515761
0
0.201674
0
1.15511
0
0.21774
0
2.28812
0
1.63938
0
0.118839
0
2.54907
0
2.63728
0
0.297495
0
2.02508
0
2.47223
0
1.70823
0
0.340763
0
1.14369
0
1.71468
0
1.12847
0
0.564992
0
1.62406
0
2.05146
0
1.78511
0
0.327537
0
0.126483
0
2.27417
0
0.332221
0
0.38166
0
0.824536
0
0.434381
0
0.673925
0
1.53826
0
0.956344
0
2.50166
0
1.53074
0
1.6589
0
0.0419239
0
1.47329
0
1.70207
0
2.17623
0
1.52764
0
0.843472
0
1.47765
0
1.20484
0
0.794719
0
2.30584
0
1.95115
0
1.83962
0
0.333283
0
2.54827
0
2.50916
0
2.30082
0
0.522309
0
1.14828
0
2.5284
0
2.11203
0
1.87892
0
2.41951
0
1.63075
0
1.46402
0
1.31026
0
1.85602
0
1.73686
0
1.77767
0
0.841547
0
1.21609
0
1.19185
0
1.34153
0
1.19947
0
0.863247
0
0.328765
0
1.66497
0
1.59129
0
0.170806
0
0.942649
0
1.7992
0
2.50803
0
1.18887
0
2.53501
0
0.56073
0
2.19301
0
1.16703
0
1.98834
0
1.58759
0
0.980704
0
1.60876
0
0.590003
0
2.02663
0
0.965677
0
2.31295
0
1.5427
0
0.273228
0
0.255973
0
1.96972
0
0.510607
0
2.11466
0
0.102078
0
0.634768
0
1.71467
0
0.183576
0
2.24194
0
0.964112
0
1.14039
0
0.396142
0
2.28557
0
1.28581
0
2.28534
0
1.1672
0
2.47763
0
1.91461
0
1.55808
0
1.08052
0
0.0394122
0
2.0448
0
0.719976
0
0.547796
0
2.44418
0
1.59829
0
0.743921
0
0.8759
0
1.77702
0
2.55563
0
0.435995
0
1.44753
0
1.34079
0
0.466015
0
0.655167
0
0.509731
0
0.562042
0
0.230743
0
0.549457
0
0.575219
0
1.27652
0
0.103018
0
1.97107
0
1.27511
0
2.4136
0
2.63132
0
1.85206
0
2.33928
0
0.763096
0
0.497926
0
1.97977
0
1.3248
0
0.957529
0
1.37189
0
2.08074
0
0.775473
0
2.17629
0
2.23949
0
1.63493
0
0.372197
0
0.709426
0
2.3671
0
0.787251
0
1.95398
0
1.08915
0
0.592396
0
0.769258
0
2.45891
0
0.871327
0
1.35221
0
0.100981
0
2.18873
0
2.34725
0
0.604102
0
1.75536
0
1.63434
0
0.49061
0
2.48369
0
1.19452
0
1.99075
0
0.359011
0
2.34694
0
0.433246
0
1.50441
0
2.50187
0
0.840016
0
0.83472
0
1.18201
0
1.58196
0
1.45758
0
1.85343
0
1.56786
0
2.30661
0
0.375908
0
1.09362
0
0.122701
0
0.456824
0
0.677847
0
2.66537
0
1.589
0
0.18444
0
1.04978
0
0.124895
0
1.07548
0
0.215003
0
1.15907
0
0.015323
0
2.6211
0
0.358425
0
2.09984
0
1.52355
0
2.39855
0
2.08789
0
2.08509
0
1.83982
0
2.26283
0
2.17299
0
0.482808
0
1.8053
0
0.386386
0
0.190506
0
0.31989
0
2.10004
0
1.43371
0
0.284515
0
1.85981
0
0.817218
0
0.275928
0
1.55345
0
1.50881
0
0.815219
0
2.3111
0
0.804372
0
1.94403
0
1.30434
0
1.27772
0
0.444834
0
2.52028
0
0.569289
0
0.311368
0
0.113898
0
0.448156
0
2.45905
0
1.84791
0
0.270123
0
1.86231
0
1.09278
0
2.03185
0
1.00028
0
2.25891
0
2.44416
0
0.184882
0
0.291825
0
1.05687
0
1.3331
0
1.56768
0
2.37008
0
1.86514
0
2.29111
0
2.05177
0
1.00205
0
1.24864
0
2.45565
0
2.33835
0
2.63055
0
1.32636
0
0.774294
0
1.1263
0
0.764949
0
0.261509
0
1.31383
0
0.906323
0
2.14885
0
1.60966
0
1.70191
0
0.399579
0
2.54275
0
2.01971
0
0.216136
0
0.0086556
0
1.8797
0
2.36374
0
1.37607
0
2.54782
0
1.69858
0
0.305726
0
1.09448
0
0.754016
0
1.79466
0
1.37607
0
0.0709584
0
0.742651
0
2.50837
0
0.510506
0
1.34412
0
1.58067
0
1.39485
0
2.59439
0
2.11234
0
0.733607
0
1.03004
0
2.02866
0
1.0877
0
0.705272
0
2.17798
0
1.52732
0
0.68369
0
1.50014
0
2.22829
0
1.49415
0
2.22604
0
0.889583
0
2.58241
0
1.31947
0
1.21794
0
2.33813
0
2.62389
0
1.89885
0
2.27243
0
1.42769
0
0.308823
0
0.0791571
0
0.533346
0
1.71799
0
1.53617
0
1.96583
0
1.12058
0
0.762064
0
2.12456
0
0.327095
0
0.818313
0
2.22871
0
1.73902
0
1.07336
0
1.64001
0
0.413265
0
0.256041
0
1.6843
0
1.69011
0
1.98277
0
2.27908
0
0.247327
0
1.86282
0
2.58843
0
1.84052
0
0.972987
0
2.27824
0
0.690843
0
2.07363
0
1.46594
0
0.825409
0
2.35531
0
2.55162
0
2.37603
0
1.6925
0
0.277073
0
1.89639
0
1.97461
0
1.48914
0
2.38102
0
0.862449
0
0.277252
0
1.5618
0
0.520981
0
2.17263
0
0.867692
0
0.042008
0
0.193551
0
2.39734
0
1.96343
0
1.44207
0
0.682142
0
0.620881
0
1.26347
0
2.06155
0
1.98832
0
1.47661
0
0.153182
0
0.364465
0
2.49546
0
0.0785293
0
0.849267
0
1.18137
0
0.92569
0
1.27622
0
1.8301
0
0.808613
0
1.43733
0
0.957397
0
0.0720843
0
0.756606
0
2.46177
0
0.524889
0
2.12912
0
2.51642
0
1.8137
0
1.72864
0
1.39414
0
2.28038
0
1.91222
0
0.688559
0
0.185636
0
1.00893
0
2.46058
0
2.16767
0
0.227683
0
0.621605
0
1.46539
0
1.64531
0
1.31092
0
2.67284
0
2.27808
0
0.36802
0
2.09869
0
1.03423
0
0.64753
0
0.780493
0
1.15966
0
1.01422
0
2.41874
0
2.52749
0
2.37979
0
0.338801
0
1.37546
0
1.87524
0
1.84874
0
1.98861
0
2.07899
0
1.74244
0
1.76601
0
2.12484
0
1.42747
0
0.163955
0
1.21955
0
0.316424
0
2.4772
0
0.239607
0
0.540258
0
1.91704
0
2.59395
0
1.95817
0
0.459045
0
1.07022
0
1.87748
0
2.27288
0
0.311041
0
1.71
0
1.53956
0
1.61053
0
0.00852011
0
1.92454
0
0.198112
0
2.50924
0
2.51802
0
2.23399
0
0.164821
0
1.1162
0
2.04324
0
1.98477
0
1.14513
0
1.22454
0
2.49606
0
0.386537
0
0.802167
0
2.64783
0
1.94515
0
2.24771
0
2.58605
0
0.0406156
0
2.00105
0
0.959265
0
0.480648
0
0.356366
0
2.08508
0
1.58079
0
1.67681
0
0.859502
0
2.38751
0
0.17498
0
0.0842522
0
0.522649
0
2.07609
0
0.686929
0
0.759925
0
1.23059
0
1.20192
0
0.388514
0
0.281884
0
1.1994
0
2.54513
0
1.5507
0
1.77937
0
0.93777
0
1.2379
0
0.276873
0
0.732329
0
0.542126
0
0.0630713
0
0.0863684
0
0.873337
0
1.05226
0
1.17039
0
2.34093
0
1.1304
0
1.79633
0
1.88001
0
2.2423
0
2.49808
0
2.25538
0
2.06582
0
0.362186
0
2.55686
0
2.31357
0
2.38153
0
0.148594
0
2.57371
0
1.28786
0
0.354844
0
1.18307
0
2.23974
0
2.14479
0
2.40255
0
1.69425
0
0.262343
0
1.02458
0
1.74513
0
2.26417
0
1.20469
0
1.07642
0
1.00364
0
1.14048
0
1.42603
0
0.52507
0
2.46802
0
2.15418
0
2.10016
0
1.86325
0
0.539443
0
0.4707
0
0.371772
0
1.15338
0
2.16518
0
2.13873
0
2.13751
0
0.791474
0
2.31842
0
0.386009
0
2.55945
0
1.78593
0
2.25306
0
0.391075
0
0.258338
0
0.995286
0
2.22768
0
2.54753
0
0.628513
0
2.38443
0
0.723945
0
1.70206
0
1.87193
0
1.91349
0
1.06306
0
0.376075
0
0.143641
0
0.985802
0
0.943536
0
2.47218
0
1.65265
0
2.33608
0
1.9071
0
0.689975
0
0.470144
0
0.0989658
0
2.55915
0
0.687359
0
1.20072
0
2.57571
0
0.763734
0
1.67996
0
1.03168
0
0.586259
0
2.58921
0
1.45645
0
0.234016
0
1.67187
0
0.685283
0
0.810145
0
2.26431
0
0.151162
0
0.186585
0
0.81674
0
1.85218
0
1.26779
0
0.139724
0
2.55056
0
1.6498
0
0.00545558
0
1.94136
0
1.0216
0
0.667341
0
2.56817
0
1.66175
0
0.552854
0
1.61146
0
0.137652
0
2.41603
0
1.71507
0
0.694756
0
1.93062
0
1.79206
0
1.87956
0
1.78187
0
1.41145
0
1.4175
0
1.3826
0
1.39904
0
1.16545
0
1.51138
0
1.01166
0
0.384554
0
2.02794
0
0.453865
0
0.125124
0
2.29702
0
1.80308
0
2.33765
0
0.454233
0
2.00675
0
2.35421
0
0.882345
0
1.06976
0
0.529665
0
1.05483
0
0.970643
0
2.59047
0
0.681705
0
0.528573
0
2.40782
0
0.641487
0
0.321506
0
0.880025
0
1.86787
0
0.589923
0
2.16135
0
1.36026
0
2.10639
0
1.81866
0
0.462236
0
0.772705
0
1.65247
0
0.896239
0
0.3282
0
0.40818
0
1.65636
0
0.471904
0
1.36323
0
0.0652068
0
0.66311
0
2.01054
0
1.40585
0
2.19819
0
0.179277
0
1.58323
0
2.28746
0
1.36192
0
1.66368
0
0.377827
0
2.27915
0
2.14888
0
1.69895
0
0.0305565
0
1.53572
0
2.47087
0
0.601296
0
1.57219
0
2.38545
0
1.72509
0
2.43175
0
0.0550351
0
2.43605
0
0.261955
0
1.15413
0
0.761961
0
1.06878
0
2.67052
0
0.29645
0
1.05966
0
1.35324
0
1.97635
0
1.04712
0
1.53142
0
2.48753
0
2.55053
0
1.70575
0
2.01879
0
2.53544
0
2.14787
0
2.14956
0
0.147497
0
0.0454773
0
1.30498
0
0.108183
0
0.875725
0
1.10431
0
1.63232
0
1.13926
0
1.12827
0
0.27383
0
1.08285
0
0.268515
0
1.76428
0
0.470556
0
1.19011
0
1.18421
0
2.02642
0
2.48058
0
1.2224
0
0.200046
0
0.886639
0
1.21266
0
1.30245
0
0.615171
0
0.311572
0
2.41869
0
0.751664
0
0.217071
0
2.46349
0
0.233764
0
1.90539
0
0.525079
0
2.42706
0
0.448198
0
0.716968
0
2.15214
0
0.308622
0
2.18291
0
0.502609
0
1.16508
0
1.49024
0
0.816388
0
1.34661
0
0.353385
0
0.102453
0
2.12444
0
2.64663
0
1.58532
0
0.685584
0
0.513926
0
1.58098
0
1.30658
0
2.35101
0
0.552108
0
2.24949
0
0.753242
0
1.6763
0
0.0355313
0
1.77166
0
0.50088
0
0.145528
0
2.05319
0
0.401033
0
1.66683
0
1.09717
0
1.5281
0
0.256753
0
0.644423
0
1.85426
0
1.23852
0
2.3963
0
0.783237
0
1.6929
0
0.458663
0
2.09489
0
2.68026
0
0.238834
0
0.629275
0
0.682999
0
0.667812
0
1.27331
0
2.24538
0
2.10357
0
0.172908
0
2.64992
0
0.927592
0
0.884698
0
1.61677
0
0.714954
0
0.399184
0
1.29527
0
0.811613
0
1.88966
0
0.311046
0
0.234185
0
0.0464398
0
1.50823
0
2.48376
0
1.23852
0
2.18
0
1.32647
0
1.55461
0
2.66346
0
2.19473
0
1.28768
0
1.39598
0
2.35283
0
0.637328
0
1.42602
0
1.84913
0
0.207631
0
2.30098
0
0.784068
0
1.7189
0
1.72633
0
1.91317
0
2.28408
0
1.73621
0
1.47021
0
2.20395
0
1.87139
0
1.92064
0
1.59732
0
1.13924
0
1.51889
0
2.48397
0
0.730869
0
1.48352
0
1.89252
0
0.128908
0
1.42293
0
1.50624
0
1.76916
0
0.368893
0
1.40031
0
2.16512
0
1.05468
0
1.52444
0
2.02391
0
0.13192
0
1.07159
0
0.732975
0
0.802881
0
0.461052
0
1.00578
0
1.4203
0
1.96949
0
1.17283
0
1.72536
0
0.18375
0
1.37585
0
0.0904839
0
0.325087
0
0.406129
0
1.27892
0
1.72863
0
0.422797
0
1.66041
0
2.06695
0
1.15801
0
0.271625
0
0.9684
0
1.16461
0
1.28067
0
1.73084
0
2.5227
0
1.31675
0
1.01493
0
1.51695
0
1.55064
0
0.186517
0
2.16157
0
2.07721
0
0.233605
0
1.44241
0
2.07904
0
1.45922
0
2.24767
0
0.903819
0
0.776008
0
1.01042
0
0.081525
0
2.24853
0
0.234432
0
1.50229
0
2.35441
0
1.98594
0
1.16434
0
0.184817
0
1.31489
0
1.77202
0
1.45521
0
1.34708
0
1.78786
0
1.54076
0
1.98255
0
0.936497
0
1.70507
0
2.3017
0
1.55378
0
1.29532
0
1.89725
0
0.180914
0
2.31534
0
1.33298
0
1.34826
0
0.765344
0
1.25641
0
2.11417
0
1.32567
0
0.394531
0
0.685359
0
0.458051
0
1.34157
0
2.12995
0
1.3528
0
1.48761
0
1.71583
0
1.65852
0
1.56133
0
1.35145
0
0.248699
0
0.650557
0
2.1832
0
1.72796
0
2.3247
0
2.34395
0
0.00970551
0
1.83119
0
2.6791
0
0.477716
0
0.0403442
0
2.31501
0
1.01905
0
1.8347
0
1.89528
0
1.88824
0
0.0408092
0
2.213
0
2.59527
0
0.575468
0
1.86089
0
1.69736
0
0.327986
0
2.01497
0
0.539113
0
0.146999
0
2.54817
0
0.677343
0
2.00841
0
0.881861
0
1.93492
0
1.85553
0
1.52889
0
1.3113
0
2.10105
0
1.19808
0
1.20004
0
2.10271
0
0.514154
0
1.17236
0
0.920919
0
1.46944
0
0.914967
0
2.20963
0
2.54508
0
0.949554
0
0.782865
0
0.924609
0
2.51743
0
1.77475
0
1.39347
0
2.19831
0
0.793394
0
1.81798
0
0.994682
0
0.974428
0
1.00111
0
1.0235
0
0.309728
0
1.25926
0
1.90334
0
2.3847
0
1.86201
0
0.524875
0
2.48142
0
0.17122
0
2.1635
0
0.521746
0
1.86511
0
2.13839
0
1.72978
0
0.0157792
0
2.16062
0
0.787771
0
0.950313
0
0.408297
0
1.16809
0
0.861682
0
0.453615
0
1.36644
0
1.09641
0
2.14111
0
1.89054
0
1.43755
0
1.29667
0
1.91119
0
2.33
0
0.866061
0
0.324449
0
1.4326
0
1.48622
0
1.43798
0
0.842297
0
2.67906
0
1.35267
0
1.64645
0
0.805562
0
2.32662
0
1.00399
0
0.730564
0
1.02704
0
0.382069
0
2.41706
0
2.23598
0
1.39825
0
0.881147
0
1.43607
0
2.56294
0
1.80209
0
0.534501
0
2.64504
0
0.408409
0
1.71944
0
2.51238
0
1.42829
0
1.62261
0
0.253254
0
1.88235
0
2.64244
0
1.04929
0
1.02719
0
1.13233
0
0.340906
0
0.330811
0
2.38984
0
1.19512
0
2.46714
0
0.929012
0
0.593459
0
2.28947
0
1.91127
0
0.630567
0
0.933464
0
0.978605
0
1.12606
0
2.44931
0
2.639
0
1.34607
0
1.14184
0
1.51576
0
0.903468
0
1.43486
0
2.37025
0
0.0400861
0
1.94192
0
1.12302
0
2.43465
0
1.84607
0
2.1077
0
0.0363427
0
2.61664
0
0.500537
0
1.32501
0
0.603247
0
0.862642
0
0.959494
0
1.53784
0
1.34124
0
0.742027
0
0.030655
0
0.41105
0
0.0393746
0
2.16466
0
1.0686
0
0.992633
0
0.561248
0
0.117165
0
1.78297
0
0.0868442
0
1.12995
0
1.92038
0
2.5757
0
0.121552
0
0.765485
0
2.01165
0
2.37738
0
2.01137
0
2.01893
0
2.59204
0
0.90922
0
2.32155
0
1.80725
0
1.35599
0
1.02749
0
0.63654
0
1.92649
0
1.01065
0
1.50405
0
2.35978
0
1.50233
0
1.96136
0
0.716464
0
1.24487
0
1.96748
0
1.14742
0
0.841635
0
1.33244
0
1.02657
0
0.313827
0
2.65851
0
0.137096
0
0.958881
0
2.01907
0
0.663589
0
2.12962
0
1.40661
0
0.173158
0
2.53832
0
2.54405
0
2.67358
0
1.91019
0
2.60593
0
1.93036
0
1.15703
0
2.5539
0
2.00117
0
1.21668
0
1.90528
0
1.02737
0
0.0475369
0
0.377611
0
1.94124
0
0.883596
0
1.82531
0
0.608442
0
1.00078
0
1.35806
0
0.133394
0
2.65624
0
2.15766
0
1.45201
0
2.4001
0
2.30336
0
1.05827
0
0.159332
0
1.49324
0
1.10157
0
1.97387
0
2.16482
0
0.423479
0
2.35277
0
2.35551
0
0.465343
0
0.817539
0
0.430977
0
0.470349
0
1.12491
0
1.59806
0
0.348176
0
1.4118
0
0.498229
0
0.123292
0
1.29235
0
0.955031
0
0.772759
0
1.07958
0
2.48928
0
1.22585
0
1.21376
0
0.0698615
0
1.14983
0
0.979517
0
1.0712
0
1.02543
0
0.542491
0
1.31065
0
1.96356
0
0.583492
0
1.4674
0
1.94551
0
1.05421
0
0.121096
0
1.4633
0
1.78569
0
1.67732
0
2.08774
0
0.505095
0
1.36643
0
0.393182
0
0.399787
0
0.0977847
0
2.12599
0
1.9722
0
0.23867
0
1.40059
0
2.02501
0
0.787177
0
0.554889
0
1.10398
0
2.25559
0
0.731463
0
1.42102
0
1.18636
0
1.91025
0
1.7004
0
0.687198
0
2.49948
0
1.5395
0
1.65742
0
2.03356
0
2.65619
0
2.19529
0
0.172181
0
1.98974
0
1.66152
0
1.88441
0
2.20662
0
0.497408
0
2.05038
0
1.66323
0
1.41701
0
0.791243
0
2.14344
0
0.213366
0
1.05765
0
0.327621
0
1.08657
0
2.55948
0
0.570381
0
0.970511
0
1.12285
0
0.270613
0
2.16633
0
0.323117
0
0.625845
0
1.52128
0
2.28764
0
1.12184
0
1.04557
0
2.51518
0
0.575385
0
0.148469
0
0.602841
0
0.0354382
0
0.211281
0
2.16428
0
0.106911
0
2.1512
0
1.44524
0
1.87919
0
2.17414
0
0.072124
0
0.546828
0
1.03316
0
0.0401061
0
0.304712
0
2.17173
0
2.32101
0
0.793735
0
2.01048
0
0.374509
0
1.06101
0
2.2738
0
1.45616
0
2.53208
0
1.94268
0
0.945627
0
1.12637
0
0.721017
0
1.32652
0
2.38049
0
0.28405
0
1.07359
0
0.651097
0
0.535555
0
1.40246
0
1.62844
0
0.287585
0
0.135426
0
0.948521
0
1.33325
0
0.474816
0
2.25964
0
0.251572
0
0.72182
0
2.05797
0
1.01225
0
1.81663
0
1.34857
0
0.960418
0
0.0332343
0
1.48023
0
0.972585
0
1.24742
0
1.94735
0
0.450986
0
2.20428
0
1.40754
0
1.89372
0
1.99603
0
1.93095
0
0.566373
0
0.0354527
0
2.66451
0
0.0438678
0
0.222373
0
0.200347
0
0.141477
0
0.7597
0
2.16348
0
2.32369
0
0.414785
0
2.63183
0
2.23144
0
1.09008
0
0.132827
0
0.843706
0
1.76907
0
2.6635
0
1.33548
0
1.20739
0
2.13091
0
2.47764
0
0.924283
0
0.191606
0
1.06502
0
1.74854
0
2.18085
0
0.73048
0
1.64497
0
1.78661
0
1.11471
0
0.359624
0
2.36255
0
1.49259
0
0.881641
0
2.34171
0
0.629825
0
0.307194
0
1.87867
0
2.26833
0
2.57052
0
1.61633
0
2.49817
0
2.2388
0
2.39603
0
1.33221
0
1.65203
0
0.37818
0
1.46035
0
0.227683
0
1.16197
0
0.612425
0
2.47689
0
0.109388
0
0.839123
0
2.09504
0
0.195203
0
2.07301
0
1.44508
0
0.251268
0
1.27778
0
0.113532
0
1.65512
0
1.95897
0
2.18251
0
0.758254
0
0.789922
0
1.29582
0
1.10176
0
1.51016
0
0.229122
0
0.13479
0
2.07081
0
0.793413
0
0.947855
0
1.71343
0
1.03242
0
2.08973
0
0.400711
0
0.978845
0
1.27348
0
0.0103655
0
0.806989
0
1.10029
0
0.0606792
0
0.240202
0
2.34498
0
0.585718
0
0.187166
0
0.329751
0
1.41122
0
2.43277
0
0.665933
0
2.22777
0
1.16815
0
2.47146
0
0.586226
0
2.27614
0
2.26757
0
1.73695
0
2.27831
0
2.02961
0
0.982587
0
1.77181
0
2.36125
0
1.16535
0
1.44783
0
0.358017
0
0.585279
0
0.262654
0
0.334441
0
1.63768
0
0.162313
0
0.67793
0
0.432051
0
2.17851
0
2.42
0
2.14876
0
1.35134
0
0.0386658
0
1.6084
0
0.280644
0
0.37431
0
1.83669
0
1.75127
0
2.00836
0
1.40862
0
2.50783
0
1.97654
0
0.816185
0
0.0118053
0
1.68276
0
2.61094
0
2.0559
0
0.728663
0
1.5315
0
1.08725
0
2.54775
0
1.14926
0
2.53581
0
2.1198
0
0.705826
0
0.613857
0
2.59332
0
2.34623
0
1.09439
0
0.761983
0
1.22926
0
2.27926
0
0.782056
0
0.338346
0
0.221796
0
2.63304
0
2.24706
0
1.77669
0
1.99016
0
2.1052
0
2.2446
0
0.254857
0
0.919866
0
0.220898
0
1.86608
0
2.59268
0
0.220716
0
0.477623
0
1.14456
0
1.74259
0
0.671027
0
0.35721
0
2.10715
0
0.188302
0
2.62587
0
1.20778
0
1.51765
0
1.64563
0
1.46876
0
1.95569
0
0.494175
0
2.41182
0
2.59593
0
2.02897
0
0.106967
0
1.43436
0
2.22748
0
0.591735
0
0.710982
0
0.763375
0
1.00577
0
2.07074
0
1.03789
0
1.46807
0
1.48819
0
1.68856
0
0.710958
0
2.34347
0
1.56049
0
2.31324
0
1.05674
0
2.67048
0
0.922098
0
2.53428
0
1.62909
0
1.62637
0
1.47793
0
0.515572
0
1.83275
0
1.80013
0
2.25188
0
0.262159
0
2.46995
0
2.51702
0
2.05021
0
1.78846
0
2.67936
0
0.834148
0
0.96891
0
1.0242
0
0.999276
0
2.49221
0
2.55729
0
0.714893
0
1.04089
0
0.270776
0
0.810858
0
2.11227
0
1.1351
0
2.35054
0
0.0945207
0
1.05093
0
1.64409
0
0.450623
0
0.713918
0
1.11472
0
1.04764
0
2.12383
0
2.29331
0
2.53176
0
0.805695
0
1.66747
0
1.58073
0
0.827812
0
2.46807
0
2.46628
0
0.780049
0
1.33815
0
1.80079
0
1.10257
0
1.32769
0
0.456074
0
0.806912
0
0.0445715
0
0.221416
0
2.32942
0
1.03287
0
2.44539
0
0.818907
0
0.800615
0
0.280529
0
1.51605
0
1.72545
0
0.882203
0
2.53198
0
1.46797
0
1.33441
0
2.67856
0
0.56853
0
0.700103
0
1.27404
0
0.845697
0
1.63182
0
0.520286
0
0.0354
0
0.523624
0
2.6576
0
2.47637
0
0.681646
0
1.13128
0
1.117
0
0.426925
0
0.844854
0
0.765315
0
1.16923
0
0.300554
0
2.27698
0
0.187753
0
1.53945
0
1.05665
0
2.27262
0
1.25947
0
0.817122
0
0.78722
0
2.13527
0
0.311555
0
0.444169
0
0.862434
0
1.58463
0
0.858378
0
0.212473
0
2.2947
0
2.35399
0
2.01204
0
2.43347
0
0.336225
0
2.37372
0
1.60948
0
2.49266
0
1.29244
0
1.37601
0
1.7842
0
0.840119
0
2.46658
0
0.111819
0
2.1282
0
0.765005
0
1.00468
0
0.902865
0
0.678423
0
1.78626
0
2.17465
0
0.908184
0
0.396633
0
1.07231
0
2.64672
0
1.34454
0
1.75053
0
1.01804
0
0.685273
0
1.1476
0
0.109005
0
2.56212
0
0.802206
0
2.45321
0
0.726518
0
1.24607
0
2.23048
0
1.21401
0
2.52714
0
1.34281
0
0.321884
0
1.54619
0
0.103295
0
2.54883
0
2.31433
0
2.58872
0
1.86698
0
2.39966
0
2.2088
0
2.52493
0
1.57973
0
2.66073
0
1.52143
0
1.62585
0
1.3162
0
2.10381
0
1.8895
0
1.51472
0
0.671218
0
1.48477
0
2.20694
0
0.607766
0
1.73816
0
1.84994
0
0.822471
0
2.07477
0
2.49976
0
0.182076
0
1.07304
0
2.21387
0
1.16525
0
0.24028
0
1.33347
0
0.149203
0
1.03722
0
2.39006
0
2.09386
0
2.25871
0
0.528737
0
1.97434
0
1.33017
0
2.28302
0
0.338457
0
2.08468
0
2.24726
0
2.08815
0
2.03297
0
1.05798
0
0.479236
0
0.481408
0
1.65509
0
2.11542
0
0.377885
0
0.859212
0
2.05316
0
1.08783
0
0.560247
0
1.28026
0
2.13943
0
2.01207
0
2.4852
0
2.21916
0
0.0545281
0
0.761022
0
2.66515
0
0.465308
0
0.305822
0
1.37181
0
2.13087
0
1.79275
0
1.42529
0
2.18797
0
0.782352
0
1.51105
0
1.20658
0
2.27056
0
0.775421
0
1.32968
0
1.11633
0
0.614439
0
0.443051
0
2.47338
0
2.47261
0
0.712767
0
0.944747
0
1.09377
0
0.0583718
0
1.3572
0
1.20537
0
1.50542
0
2.23108
0
0.0807037
0
0.974672
0
0.316007
0
0.987179
0
2.11542
0
1.70767
0
1.71443
0
1.22211
0
1.29212
0
1.30729
0
1.4014
0
0.0645808
0
0.633952
0
2.65378
0
2.64249
0
1.38896
0
0.230567
0
0.528733
0
1.80897
0
1.60707
0
0.309399
0
0.653833
0
2.24507
0
0.152757
0
0.664728
0
1.3936
0
2.55497
0
0.640057
0
0.286036
0
0.244539
0
2.46573
0
2.33664
0
1.61666
0
1.03033
0
2.18894
0
1.31073
0
0.981756
0
2.1177
0
1.86499
0
2.1545
0
2.29329
0
1.14514
0
1.71217
0
1.10897
0
1.4108
0
0.234891
0
0.822823
0
0.89896
0
1.14034
0
1.88073
0
0.332471
0
2.15337
0
0.862772
0
1.02286
0
1.49958
0
0.40432
0
0.186534
0
0.464049
0
1.27815
0
0.523612
0
1.92022
0
1.42074
0
2.37097
0
1.32419
0
0.861412
0
0.526203
0
0.431933
0
0.784295
0
1.33854
0
1.96639
0
2.15757
0
0.806873
0
1.53569
0
1.13535
0
2.23286
0
1.00203
0
0.795637
0
0.105533
0
2.24222
0
0.654977
0
0.437101
0
1.89071
0
0.385799
0
0.773503
0
1.44987
0
1.30046
0
0.819793
0
0.500924
0
1.39178
0
0.327175
0
0.610762
0
2.64709
0
0.353685
0
0.370389
0
1.758
0
1.61801
0
1.72238
0
1.63794
0
2.07761
0
1.03684
0
2.59198
0
1.42866
0
2.43679
0
1.8705
0
2.22276
0
0.922576
0
1.81662
0
1.69231
0
0.0314352
0
1.36864
0
0.11048
0
1.95985
0
0.0727112
0
1.26634
0
2.53395
0
2.53227
0
1.61049
0
0.293672
0
2.02023
0
1.30283
0
0.702803
0
0.44791
0
0.463195
0
1.55755
0
2.27138
0
1.52162
0
2.35983
0
2.08618
0
1.27362
0
0.537937
0
1.0374
0
1.81964
0
1.79601
0
1.75308
0
1.5231
0
0.836458
0
2.44456
0
2.66736
0
2.48917
0
0.219257
0
0.172078
0
2.0237
0
1.91337
0
1.61271
0
1.77183
0
2.50651
0
1.5281
0
0.55514
0
2.27227
0
0.436483
0
2.56054
0
1.91902
0
1.28575
0
1.04235
0
0.579748
0
0.22381
0
2.58187
0
0.826475
0
1.17113
0
1.68372
0
1.27671
0
2.10154
0
0.686799
0
1.73064
0
0.946114
0
1.23846
0
1.58462
0
2.61495
0
2.25255
0
1.44188
0
1.84492
0
1.61791
0
2.15757
0
2.35977
0
1.45469
0
2.0515
0
2.22874
0
2.39996
0
0.590837
0
1.92753
0
2.45983
0
0.62034
0
2.32788
0
1.90007
0
0.188319
0
0.466393
0
0.706309
0
1.58717
0
1.56915
0
0.750534
0
0.0449352
0
1.33288
0
0.861605
0
2.48137
0
0.0126731
0
2.467
0
1.08799
0
0.388565
0
0.349654
0
1.39478
0
0.390226
0
1.54318
0
0.547305
0
1.00081
0
1.06877
0
2.36655
0
0.411991
0
0.314225
0
1.06846
0
1.32393
0
2.62457
0
1.57306
0
0.694475
0
0.0821811
0
1.33751
0
1.08104
0
1.69072
0
1.56831
0
1.43076
0
2.39821
0
0.384764
0
2.44579
0
0.986941
0
2.56566
0
0.509873
0
0.711898
0
1.44258
0
0.160836
0
0.816378
0
0.581483
0
2.45477
0
1.162
0
1.5337
0
0.765746
0
0.949267
0
0.953779
0
1.65219
0
0.564888
0
0.750282
0
0.808319
0
2.24918
0
0.279005
0
0.832386
0
2.21794
0
1.99504
0
0.581047
0
0.553563
0
0.8704
0
2.31578
0
2.63809
0
1.28844
0
1.88506
0
1.0435
0
0.403338
0
0.561603
0
2.04312
0
1.95665
0
0.218651
0
2.51718
0
1.77284
0
1.36765
0
1.67547
0
1.27371
0
0.816202
0
1.77654
0
2.05715
0
1.06855
0
1.27673
0
0.766126
0
0.439603
0
1.64016
0
2.2023
0
1.32335
0
2.66805
0
2.03193
0
0.168748
0
1.56784
0
1.87612
0
1.14262
0
0.0926491
0
1.31635
0
0.0750727
0
2.48145
0
0.665661
0
2.09847
0
1.51873
0
1.8598
0
0.303776
0
2.51351
0
0.128968
0
0.0285131
0
1.04677
0
0.858766
0
1.70193
0
0.92582
0
2.23403
0
1.95611
0
2.45525
0
0.960597
0
0.0097918
0
2.33378
0
2.00967
0
0.527143
0
1.01269
0
1.23477
0
0.263461
0
0.765618
0
1.19425
0
1.21301
0
0.783019
0
2.07398
0
2.59433
0
0.058278
0
0.784253
0
0.628214
0
2.22653
0
2.13046
0
1.12612
0
0.771675
0
2.25443
0
2.32077
0
1.91765
0
1.15341
0
2.64249
0
2.43478
0
1.93313
0
1.78375
0
1.27377
0
0.0592923
0
0.888321
0
1.65777
0
0.0186887
0
1.75109
0
0.824884
0
2.31489
0
1.4045
0
1.03276
0
0.195954
0
0.447402
0
1.8548
0
0.116883
0
1.45099
0
0.679315
0
1.18511
0
0.222601
0
1.77147
0
2.19887
0
0.50933
0
2.07337
0
1.10788
0
0.394523
0
1.13252
0
1.89364
0
2.21678
0
2.36101
0
0.208876
0
0.130453
0
1.76747
0
1.69848
0
0.665386
0
1.53443
0
1.75051
0
0.551268
0
1.73037
0
1.61472
0
1.5137
0
1.09697
0
2.42564
0
0.630699
0
2.12891
0
1.42863
0
2.58059
0
1.63531
0
1.43435
0
1.25373
0
1.81352
0
0.194893
0
0.339842
0
2.14375
0
1.97881
0
1.07752
0
2.40399
0
2.05997
0
1.32357
0
2.06148
0
2.63193
0
0.483768
0
2.04542
0
1.6107
0
0.249808
0
0.643173
0
0.528332
0
2.09283
0
1.43906
0
0.53596
0
1.46824
0
2.44813
0
2.08023
0
1.63507
0
1.20847
0
0.489904
0
1.08799
0
1.34403
0
2.20773
0
1.5093
0
1.73728
0
0.833091
0
2.58347
0
0.154695
0
1.70051
0
1.60823
0
1.16489
0
2.55682
0
1.24296
0
1.14079
0
1.83326
0
1.74681
0
1.02231
0
2.60732
0
1.64582
0
0.540613
0
1.15737
0
0.0709393
0
0.600819
0
1.45451
0
0.926307
0
2.06376
0
1.91369
0
1.42779
0
2.30699
0
1.08001
0
0.666591
0
1.98452
0
1.50377
0
0.276097
0
0.144906
0
0.611898
0
1.7956
0
0.0845965
0
0.571293
0
0.951932
0
0.718194
0
1.41777
0
0.521486
0
2.63454
0
1.18368
0
0.889072
0
0.945542
0
0.190463
0
1.5648
0
2.22058
0
2.45041
0
0.723558
0
1.34581
0
2.09448
0
2.49264
0
0.421054
0
0.552749
0
1.05649
0
1.21238
0
0.884976
0
0.621374
0
1.77084
0
0.392881
0
1.61886
0
2.40465
0
0.667209
0
2.00153
0
2.49617
0
0.308768
0
0.195064
0
1.62581
0
0.323688
0
1.81064
0
1.90027
0
1.94425
0
1.26602
0
0.532055
0
0.502578
0
0.867488
0
1.62877
0
1.2693
0
1.1265
0
2.147
0
2.25336
0
2.59601
0
1.54147
0
0.897643
0
0.205996
0
1.90633
0
0.342845
0
1.27036
0
0.402166
0
0.170772
0
1.75955
0
1.36013
0
2.0279
0
2.3232
0
1.38562
0
2.08683
0
1.59629
0
1.72413
0
1.79818
0
2.33342
0
0.454382
0
2.61747
0
0.446772
0
1.50601
0
2.36798
0
0.281489
0
0.789571
0
2.09829
0
0.341145
0
1.13799
0
1.04437
0
1.94637
0
2.18123
0
2.43059
0
0.704274
0
0.326903
0
1.74051
0
1.65376
0
2.48203
0
0.570237
0
0.822077
0
0.427695
0
0.459205
0
0.323414
0
0.896307
0
0.907771
0
0.88175
0
1.34993
0
0.2909
0
0.848507
0
0.29284
0
1.83363
0
1.61389
0
2.3279
0
2.52261
0
1.80776
0
1.96102
0
0.48133
0
1.39994
0
1.84464
0
2.1319
0
1.39344
0
0.207865
0
0.990552
0
0.878587
0
0.503767
0
0.0703051
0
0.425075
0
0.800872
0
0.87473
0
0.496882
0
0.677233
0
2.25926
0
2.66483
0
0.488885
0
0.141526
0
1.85443
0
2.4667
0
1.3653
0
1.56696
0
0.596767
0
0.900624
0
0.688698
0
0.125844
0
1.37424
0
2.48774
0
2.3118
0
0.494562
0
2.47316
0
1.88266
0
2.66533
0
0.560109
0
2.44288
0
2.53458
0
0.823713
0
0.71494
0
2.65331
0
0.445659
0
1.54143
0
2.50633
0
0.242786
0
2.47416
0
0.362707
0
2.63948
0
1.58708
0
0.945363
0
0.88295
0
2.28056
0
1.26905
0
1.12862
0
0.291406
0
2.16861
0
1.29282
0
0.0883172
0
1.1709
0
2.32309
0
1.81486
0
2.52409
0
2.59822
0
0.261696
0
0.245155
0
0.400732
0
0.380865
0
2.60943
0
0.127005
0
2.63001
0
0.229699
0
0.567479
0
2.51728
0
1.32807
0
0.991092
0
1.63067
0
1.13824
0
1.2411
0
1.02903
0
2.53187
0
2.17122
0
2.46994
0
0.166421
0
0.182729
0
0.987957
0
1.27587
0
1.24138
0
0.633521
0
0.939712
0
2.55991
0
0.881698
0
1.9351
0
0.00982239
0
2.5916
0
0.3339
0
2.28081
0
2.55258
0
0.881578
0
0.843814
0
1.25633
0
1.9248
0
1.2942
0
0.656858
0
0.383289
0
0.0649156
0
0.0110148
0
1.83799
0
1.91342
0
1.83115
0
0.216285
0
1.16048
0
0.738357
0
1.38115
0
1.59464
0
0.448978
0
0.781607
0
2.62874
0
2.58464
0
1.23158
0
1.51163
0
0.166147
0
0.855988
0
1.32646
0
2.67665
0
0.489056
0
1.04486
0
2.01421
0
2.45366
0
0.0580184
0
0.0468726
0
0.80364
0
0.319555
0
1.32384
0
0.586679
0
2.41109
0
1.91911
0
1.66982
0
1.54464
0
0.421945
0
1.40883
0
2.44303
0
1.77029
0
2.62968
0
0.618823
0
2.01692
0
2.04251
0
0.0974532
0
0.876732
0
0.494229
0
0.81074
0
1.2533
0
0.0723876
0
2.17081
0
0.54233
0
2.41523
0
2.25474
0
1.82998
0
0.572998
0
0.467269
0
1.06256
0
0.639559
0
0.161094
0
1.79953
0
0.899877
0
0.84324
0
0.297656
0
0.0423929
0
2.37314
0
2.15345
0
2.30567
0
1.20294
0
0.622138
0
0.529117
0
0.862952
0
0.141713
0
0.76547
0
0.920423
0
1.56648
0
0.365353
0
0.817022
0
2.18448
0
0.253687
0
2.62551
0
0.919149
0
0.915514
0
0.476996
0
2.02485
0
0.154819
0
0.0357668
0
1.50263
0
1.82932
0
1.93511
0
1.39264
0
2.34203
0
0.218646
0
0.425486
0
0.67146
0
0.888399
0
2.2991
0
0.132829
0
1.99534
0
2.40503
0
2.44661
0
2.22603
0
0.113739
0
0.150042
0
0.114819
0
1.34207
0
1.20916
0
1.80941
0
1.41285
0
0.570798
0
0.478067
0
0.378667
0
1.97607
0
0.906688
0
1.68041
0
2.48212
0
0.959882
0
1.28677
0
1.62957
0
1.81348
0
1.51652
0
1.91577
0
1.67616
0
1.06413
0
0.960603
0
1.41261
0
1.57135
0
1.97368
0
1.14394
0
0.0318984
0
2.33716
0
0.384266
0
2.5459
0
1.27812
0
1.90942
0
1.75555
0
0.158905
0
0.888553
0
0.244491
0
0.478732
0
1.23739
0
1.64371
0
1.82671
0
0.339087
0
0.918606
0
1.26603
0
2.33121
0
2.19147
0
0.289113
0
0.925297
0
1.8972
0
0.158269
0
2.67688
0
2.23383
0
0.816099
0
2.07471
0
2.13197
0
0.783593
0
0.665927
0
0.332696
0
0.285641
0
1.62961
0
0.777885
0
0.632507
0
1.52051
0
0.556087
0
2.12586
0
2.66562
0
2.48702
0
1.50148
0
1.69589
0
2.41761
0
1.89844
0
1.47146
0
1.26473
0
1.4328
0
0.592613
0
0.351956
0
0.522747
0
1.85663
0
0.0284914
0
2.1833
0
1.36334
0
0.194638
0
0.52702
0
2.28753
0
0.644423
0
0.72077
0
1.93062
0
0.635836
0
0.172096
0
0.137359
0
2.42505
0
2.56088
0
1.18407
0
0.963909
0
0.285265
0
1.83343
0
2.40937
0
1.68753
0
0.107238
0
0.710594
0
0.776566
0
0.873842
0
2.14545
0
0.131597
0
2.50149
0
0.602417
0
2.51474
0
1.18328
0
1.34165
0
2.38128
0
1.20555
0
1.39132
0
0.165996
0
2.3201
0
2.27564
0
0.00633465
0
1.36419
0
1.1685
0
0.193549
0
2.28088
0
1.18805
0
0.822221
0
1.03158
0
0.286114
0
1.60304
0
2.33083
0
0.640884
0
2.0276
0
0.378855
0
0.512405
0
1.30562
0
0.607207
0
0.0974404
0
2.2735
0
0.327754
0
2.41096
0
0.831748
0
1.4696
0
2.01089
0
1.77175
0
0.709857
0
1.57139
0
2.60721
0
1.46212
0
0.965571
0
0.882739
0
2.35383
0
2.02296
0
2.15065
0
1.64414
0
2.32035
0
0.19336
0
0.653244
0
1.9661
0
0.590463
0
0.156658
0
1.25261
0
1.95427
0
2.27098
0
1.33841
0
1.15697
0
2.13002
0
0.131486
0
0.249357
0
1.79158
0
0.61424
0
1.85366
0
1.70757
0
0.485344
0
2.2176
0
1.16491
0
2.31598
0
0.611994
0
0.236407
0
1.8331
0
0.687906
0
2.18762
0
2.35024
0
0.598208
0
0.347785
0
1.58373
0
0.912919
0
1.28605
0
0.852763
0
0.458368
0
1.0032
0
0.150409
0
0.375395
0
2.66831
0
0.853079
0
1.25712
0
0.631794
0
0.850095
0
1.74672
0
0.858809
0
1.77268
0
0.176706
0
0.253283
0
2.50912
0
0.502153
0
2.31339
0
0.456664
0
2.00272
0
1.05838
0
2.15554
0
2.02369
0
1.79738
0
1.00039
0
2.14908
0
2.32887
0
1.23167
0
1.38987
0
2.04235
0
0.41914
0
1.94736
0
1.23
0
2.12936
0
0.98964
0
0.0484968
0
1.47332
0
1.54971
0
2.42533
0
2.19982
0
2.07629
0
1.3231
0
1.92103
0
0.559431
0
1.86293
0
1.07346
0
0.396584
0
1.49447
0
0.648902
0
2.07444
0
1.31817
0
2.31427
0
0.490774
0
2.60142
0
0.318254
0
2.52141
0
0.481992
0
0.650634
0
2.14125
0
0.619477
0
1.69356
0
0.951371
0
2.63618
0
2.51418
0
0.885675
0
0.688282
0
0.938469
0
0.435331
0
1.42705
0
0.178793
0
1.91895
0
0.636182
0
1.54853
0
2.13031
0
2.13365
0
1.99491
0
1.89435
0
0.198222
0
0.711794
0
0.862532
0
0.45717
0
1.47721
0
1.58199
0
0.349744
0
0.615274
0
2.42811
0
2.03229
0
0.22074
0
2.53515
0
1.28219
0
0.486655
0
1.96873
0
0.533629
0
2.35237
0
0.318353
0
1.20708
0
1.0818
0
1.04775
0
1.40839
0
2.59613
0
1.17117
0
1.4742
0
2.32985
0
1.66437
0
0.153858
0
0.163916
0
0.496849
0
2.32605
0
1.32241
0
0.836588
0
1.65726
0
0.347053
0
1.89739
0
2.58837
0
0.499485
0
1.56652
0
0.237368
0
2.28406
0
0.232675
0
1.27597
0
2.37961
0
0.902096
0
2.24898
0
2.48288
0
1.22449
0
2.02931
0
0.914905
0
1.69692
0
1.43878
0
1.41526
0
0.326602
0
2.64655
0
1.8903
0
2.20583
0
2.63454
0
2.52476
0
2.58132
0
2.06851
0
1.08644
0
2.58722
0
1.75622
0
1.13269
0
0.333557
0
2.17898
0
1.02119
0
1.10096
0
1.64387
0
0.288959
0
2.62233
0
1.57287
0
0.86116
0
1.16876
0
1.26174
0
2.02407
0
1.7561
0
2.48827
0
1.33686
0
1.77407
0
0.885409
0
1.64161
0
0.227304
0
2.33561
0
2.45678
0
2.5407
0
1.39904
0
0.091741
0
2.55367
0
0.61426
0
2.1707
0
0.948937
0
0.685526
0
0.828361
0
2.1294
0
0.277052
0
2.20477
0
0.334983
0
1.75919
0
1.25445
0
0.0402218
0
1.10275
0
0.399388
0
2.45109
0
2.2747
0
0.0825995
0
2.1708
0
2.22901
0
2.03947
0
1.40854
0
1.82952
0
1.88253
0
2.29304
0
2.65797
0
2.6665
0
1.63837
0
1.96776
0
1.26887
0
1.01174
0
0.150782
0
1.08226
0
2.43582
0
1.98025
0
1.87939
0
1.33343
0
2.14157
0
1.67244
0
1.78127
0
2.28808
0
1.0833
0
1.55175
0
1.0225
0
1.9566
0
2.6695
0
1.76323
0
0.193286
0
1.83685
0
2.44095
0
1.8823
0
1.87976
0
1.50807
0
0.259939
0
2.41962
0
0.00968298
0
0.174036
0
1.40491
0
2.23576
0
1.10662
0
0.520748
0
0.562607
0
1.07541
0
2.43293
0
0.547763
0
1.84073
0
2.06698
0
2.23981
0
1.09896
0
2.06919
0
0.626256
0
1.21833
0
0.935224
0
1.51971
0
1.73263
0
0.50651
0
0.817224
0
0.55785
0
1.03174
0
1.93464
0
1.89981
0
0.554054
0
0.841437
0
1.90924
0
2.39773
0
1.46403
0
1.01345
0
2.50381
0
1.68872
0
0.00895507
0
1.52584
0
1.89851
0
1.82865
0
0.459984
0
0.508569
0
1.69654
0
0.64402
0
0.663383
0
0.967047
0
1.39957
0
0.915101
0
1.60975
0
0.31497
0
1.78048
0
0.189706
0
0.0598883
0
1.3447
0
0.216616
0
0.561832
0
2.16151
0
2.17373
0
1.84493
0
2.10299
0
1.52434
0
1.05464
0
0.634102
0
2.61328
0
0.973651
0
2.37816
0
0.621318
0
1.17346
0
2.48574
0
0.839292
0
1.45293
0
2.21255
0
2.36136
0
2.45878
0
1.44602
0
0.609261
0
1.08825
0
2.0648
0
0.95585
0
1.9437
0
2.43702
0
2.09209
0
0.759448
0
0.461709
0
1.6384
0
2.32845
0
0.51726
0
2.18033
0
2.42285
0
0.87076
0
0.554525
0
1.86795
0
1.29278
0
1.81088
0
0.884309
0
0.768404
0
1.84593
0
0.796451
0
0.0690352
0
0.165338
0
1.73387
0
0.635791
0
1.09863
0
0.461308
0
0.233808
0
1.47634
0
0.469131
0
0.839079
0
2.39842
0
1.46918
0
1.66938
0
2.34812
0
2.20789
0
1.19529
0
2.46071
0
1.25194
0
0.346894
0
1.22639
0
0.401343
0
2.03241
0
2.32109
0
1.15876
0
1.18369
0
0.280726
0
1.70529
0
0.0338601
0
1.8832
0
2.41407
0
0.956293
0
1.3379
0
0.792004
0
2.50078
0
1.6656
0
1.2221
0
1.43279
0
1.42058
0
1.43413
0
1.36594
0
2.381
0
0.993541
0
1.9318
0
0.547623
0
1.67773
0
2.13015
0
0.996065
0
0.385199
0
2.40449
0
1.22907
0
0.0329173
0
0.131404
0
0.813062
0
1.01206
0
2.28118
0
1.69756
0
1.89598
0
0.0239619
0
1.8504
0
1.08448
0
2.02366
0
0.335159
0
1.8025
0
0.310958
0
0.310205
0
2.13657
0
1.31386
0
2.56754
0
1.3115
0
0.791631
0
0.573168
0
0.966281
0
1.61093
0
1.73269
0
2.67928
0
0.455076
0
1.71805
0
2.64325
0
1.12825
0
1.81201
0
2.41014
0
2.12912
0
0.18662
0
1.3361
0
1.79203
0
1.23175
0
0.285679
0
1.51633
0
1.11683
0
2.57475
0
1.59125
0
2.57322
0
2.51782
0
2.24733
0
2.2009
0
2.46767
0
2.60975
0
1.88118
0
0.146136
0
1.43751
0
0.17058
0
0.594515
0
0.0405398
0
0.843079
0
0.548763
0
2.56502
0
0.339304
0
2.39214
0
0.713072
0
2.13517
0
0.286799
0
0.229666
0
1.98233
0
2.44464
0
0.424004
0
0.366509
0
1.31629
0
0.121358
0
0.955497
0
1.36458
0
1.41554
0
2.56997
0
0.223615
0
0.749541
0
1.95466
0
0.988835
0
0.228846
0
0.690234
0
0.700084
0
1.73937
0
1.48937
0
1.65155
0
1.09501
0
1.42978
0
1.03117
0
0.366116
0
1.40193
0
1.91846
0
0.78685
0
2.01662
0
2.44687
0
0.438359
0
1.68502
0
2.47989
0
1.56811
0
0.204513
0
1.02362
0
0.359916
0
2.53152
0
0.054471
0
0.172888
0
1.84981
0
0.984815
0
1.30654
0
0.376411
0
1.74225
0
1.00471
0
1.93359
0
0.329731
0
0.0365152
0
1.44959
0
0.9679
0
2.1931
0
2.60661
0
0.677273
0
1.27748
0
2.28706
0
0.0456004
0
1.73019
0
0.227503
0
2.34377
0
2.49039
0
1.94522
0
1.46343
0
0.840364
0
1.91623
0
0.827198
0
0.956678
0
0.683618
0
0.956201
0
2.02634
0
1.50168
0
1.64421
0
0.935642
0
0.922731
0
1.62226
0
1.30988
0
2.1144
0
2.61225
0
2.31068
0
0.917542
0
1.13794
0
2.4952
0
0.450433
0
2.21262
0
2.54885
0
1.9279
0
0.214573
0
0.480673
0
0.410524
0
2.29828
0
1.74453
0
1.56647
0
1.5687
0
0.546723
0
0.238173
0
2.66429
0
0.320848
0
1.71216
0
0.90292
0
2.47991
0
1.58591
0
1.62445
0
0.07535
0
1.97498
0
0.349508
0
1.5917
0
0.981054
0
0.690669
0
1.95892
0
0.847125
0
0.481332
0
0.278186
0
0.350185
0
2.45217
0
0.626764
0
2.1278
0
0.692981
0
0.932914
0
0.856507
0
1.39763
0
2.23098
0
1.57074
0
2.33051
0
1.36653
0
0.780755
0
1.19107
0
1.18996
0
2.38798
0
1.69007
0
1.56224
0
0.144265
0
0.432371
0
0.0324066
0
0.62964
0
2.17245
0
0.272068
0
2.41468
0
2.17189
0
2.66049
0
0.510169
0
1.62807
0
1.67758
0
0.726802
0
2.45049
0
0.459868
0
0.0202052
0
0.15535
0
2.50895
0
2.56369
0
2.58128
0
1.78512
0
1.46211
0
1.68586
0
1.12776
0
2.30807
0
2.16828
0
2.35408
0
1.6037
0
2.03954
0
0.463751
0
1.2477
0
0.31765
0
0.397009
0
1.47204
0
1.63643
0
1.46947
0
1.92953
0
1.82686
0
0.574498
0
0.180695
0
2.44748
0
1.59409
0
1.9061
0
2.53961
0
1.22745
0
2.57814
0
0.51285
0
1.84032
0
1.56453
0
0.0441605
0
0.441854
0
2.49969
0
0.165677
0
1.65162
0
2.09462
0
1.64352
0
1.45777
0
2.53041
0
0.538882
0
1.25355
0
2.63604
0
0.237016
0
2.48084
0
0.192929
0
1.21161
0
0.703768
0
1.18028
0
0.626945
0
1.97387
0
0.595809
0
1.39042
0
2.4288
0
0.0919991
0
1.75534
0
0.437247
0
1.35016
0
0.549295
0
1.14983
0
1.96272
0
0.599852
0
0.833878
0
1.72536
0
2.31886
0
1.45082
0
2.64194
0
0.653132
0
0.124999
0
0.863857
0
2.45136
0
1.40077
0
1.09354
0
1.32046
0
2.10984
0
1.90801
0
0.478971
0
0.381978
0
1.69854
0
1.35753
0
1.34409
0
0.730801
0
0.235385
0
1.12941
0
2.0783
0
1.30623
0
0.456754
0
0.166572
0
1.25134
0
0.655067
0
2.29168
0
0.18116
0
1.32208
0
0.428475
0
2.04624
0
2.14424
0
2.30909
0
1.65896
0
1.40438
0
0.626441
0
1.67578
0
2.61334
0
0.704687
0
1.3386
0
1.5573
0
0.152325
0
1.1839
0
2.46375
0
2.38667
0
0.898966
0
0.993563
0
0.0363676
0
1.9139
0
0.519816
0
2.33524
0
1.50069
0
1.80937
0
0.779872
0
0.249129
0
0.950902
0
0.341079
0
1.54852
0
1.617
0
2.48966
0
0.0179968
0
0.0188903
0
1.6477
0
1.24984
0
1.66627
0
1.51655
0
0.293927
0
0.310091
0
0.388524
0
0.400904
0
1.05174
0
2.05502
0
2.44574
0
1.81598
0
1.59828
0
2.44747
0
2.10437
0
1.36316
0
0.339502
0
0.307408
0
1.51535
0
0.1775
0
2.4036
0
1.29737
0
1.8876
0
2.3594
0
2.41541
0
0.318352
0
2.4965
0
0.142827
0
0.576956
0
0.670045
0
1.41507
0
1.23991
0
0.315225
0
1.63443
0
2.38285
0
2.51106
0
1.88446
0
0.28465
0
2.17507
0
2.23392
0
0.0468869
0
1.80876
0
1.65894
0
1.36767
0
2.66043
0
1.99598
0
1.59603
0
0.925378
0
2.34157
0
1.41412
0
1.22075
0
2.25498
0
2.08064
0
1.36415
0
1.93753
0
1.55438
0
0.321436
0
2.27957
0
1.79987
0
2.63422
0
2.14649
0
2.06864
0
2.24121
0
0.344718
0
2.62575
0
0.856162
0
1.19732
0
1.7328
0
1.50495
0
0.458112
0
2.13376
0
1.24349
0
1.42907
0
2.04458
0
2.21452
0
2.05979
0
0.456392
0
0.44722
0
0.840333
0
2.08482
0
1.9272
0
1.20511
0
0.0600312
0
2.50261
0
0.304846
0
1.35127
0
2.59684
0
1.30641
0
0.704701
0
0.625488
0
2.16462
0
2.46286
0
0.318246
0
2.26273
0
0.828058
0
0.590445
0
2.66541
0
2.45773
0
1.53348
0
2.01881
0
1.67448
0
2.19585
0
2.38229
0
0.343662
0
0.821777
0
0.297182
0
1.34017
0
2.54947
0
2.2531
0
0.0876178
0
1.97474
0
0.498816
0
2.59193
0
0.0359306
0
0.101622
0
2.19305
0
1.88991
0
1.38476
0
2.05316
0
0.660331
0
2.25507
0
2.40617
0
1.78813
0
0.329158
0
1.91392
0
0.0120347
0
0.569232
0
0.959732
0
0.60228
0
2.04551
0
0.31097
0
0.871213
0
0.453384
0
1.95927
0
0.400485
0
1.27172
0
1.29685
0
2.23214
0
1.38369
0
2.55025
0
0.23973
0
0.699451
0
0.144933
0
2.26177
0
1.25869
0
2.35912
0
0.534863
0
2.58739
0
0.798472
0
0.372839
0
0.469256
0
0.550973
0
0.183422
0
2.56282
0
0.626793
0
0.362382
0
1.86655
0
2.47726
0
0.94754
0
2.29053
0
1.07739
0
2.12499
0
2.60034
0
1.41941
0
1.50794
0
1.91701
0
2.52105
0
1.35639
0
0.126423
0
0.784233
0
0.618573
0
1.89285
0
1.45657
0
2.09073
0
2.52281
0
1.13585
0
1.67957
0
2.3352
0
1.36284
0
0.27552
0
1.09135
0
2.19199
0
1.57724
0
2.27552
0
1.19452
0
1.25041
0
1.44816
0
0.122005
0
2.10516
0
0.959907
0
0.393976
0
0.446495
0
2.29697
0
0.615974
0
0.628614
0
1.02674
0
2.16565
0
0.893131
0
2.44598
0
1.3795
0
1.43389
0
2.1889
0
1.4184
0
0.4182
0
0.405827
0
0.847319
0
2.07616
0
1.24055
0
1.90308
0
1.81923
0
1.09784
0
2.6467
0
0.476284
0
1.22142
0
0.376245
0
1.18288
0
0.179299
0
1.69178
0
1.23783
0
0.968304
0
1.42363
0
2.27666
0
1.92315
0
1.61431
0
2.60629
0
0.0994579
0
0.116337
0
0.409622
0
1.24711
0
0.612569
0
2.54035
0
1.1268
0
1.79072
0
0.489104
0
0.0480518
0
1.57381
0
2.08429
0
0.261926
0
1.13173
0
0.653759
0
2.4606
0
1.92773
0
1.34511
0
2.12045
0
1.35235
0
2.13945
0
0.930777
0
2.59456
0
2.30798
0
0.0618063
0
2.26437
0
0.3119
0
2.67005
0
0.649147
0
0.564554
0
2.0296
0
0.368934
0
1.61063
0
2.37111
0
0.765403
0
1.26957
0
0.597502
0
1.45069
0
0.551631
0
0.0220222
0
2.61369
0
1.46564
0
1.13239
0
1.18466
0
2.08595
0
1.22801
0
0.500031
0
0.00669328
0
1.14342
0
1.70701
0
1.70504
0
0.818512
0
0.8671
0
1.89786
0
0.45025
0
0.402477
0
1.25789
0
0.506521
0
2.33791
0
0.859834
0
0.214734
0
0.419006
0
0.136132
0
1.5049
0
1.27247
0
0.365956
0
2.15973
0
2.16772
0
0.0635373
0
0.290144
0
1.7055
0
1.50953
0
1.37489
0
0.470794
0
2.37234
0
1.01628
0
1.74395
0
1.11519
0
2.01519
0
0.974339
0
1.48926
0
2.42182
0
1.18718
0
0.592577
0
1.32203
0
2.00909
0
2.2788
0
2.64913
0
1.10452
0
0.719207
0
0.483147
0
0.413972
0
0.518975
0
2.62305
0
1.69866
0
0.451732
0
1.84521
0
1.13115
0
1.97541
0
2.32144
0
1.33161
0
1.36565
0
2.09604
0
1.83871
0
1.40381
0
0.262715
0
1.88635
0
0.877939
0
0.616761
0
1.36877
0
0.121888
0
1.10197
0
1.78394
0
1.73918
0
2.35876
0
0.602154
0
1.44223
0
1.89826
0
2.55872
0
2.20235
0
2.66344
0
0.8109
0
0.189372
0
2.15563
0
2.49653
0
2.32606
0
1.83592
0
1.63549
0
1.72921
0
1.02187
0
0.882129
0
2.63773
0
1.30178
0
1.62389
0
1.02323
0
0.0982429
0
0.901657
0
2.56362
0
0.331737
0
0.460906
0
0.879477
0
2.33897
0
0.711956
0
0.641816
0
0.896096
0
1.76139
0
1.11188
0
0.821951
0
1.61465
0
2.04612
0
0.151716
0
2.54766
0
0.720319
0
1.79481
0
0.511119
0
0.629285
0
1.57432
0
1.44148
0
1.42166
0
1.00587
0
2.5508
0
1.46448
0
1.78747
0
1.58317
0
1.30267
0
1.38934
0
0.672332
0
2.62779
0
1.75604
0
0.709333
0
2.18087
0
0.926021
0
1.4802
0
1.6615
0
0.204554
0
1.82824
0
0.475055
0
0.0384534
0
1.9695
0
0.694933
0
1.99414
0
1.12867
0
0.952632
0
2.02155
0
2.23135
0
0.551535
0
2.60119
0
1.28473
0
0.997676
0
1.73522
0
0.0583051
0
0.360474
0
0.637902
0
0.655531
0
0.956956
0
2.49844
0
1.79272
0
0.0305177
0
1.54503
0
1.57369
0
2.22251
0
0.879518
0
2.05934
0
0.618247
0
2.04122
0
0.663302
0
2.23446
0
1.38766
0
1.25211
0
2.21866
0
0.891799
0
0.383128
0
1.32548
0
0.142621
0
2.61183
0
1.06751
0
1.51586
0
2.35327
0
2.04277
0
1.87484
0
0.809461
0
0.183628
0
2.09859
0
2.4469
0
0.249357
0
2.12948
0
0.893072
0
0.989535
0
1.69148
0
2.23986
0
1.13292
0
0.868653
0
2.11344
0
0.0641895
0
1.51997
0
0.670916
0
1.60357
0
2.07255
0
1.69492
0
1.32833
0
2.52833
0
2.5699
0
2.01282
0
2.46282
0
1.75648
0
0.0338939
0
0.633616
0
1.34225
0
2.52689
0
0.602701
0
1.84066
0
1.0423
0
2.16234
0
2.17149
0
2.62314
0
1.54636
0
0.856606
0
1.50422
0
0.315706
0
1.4788
0
0.366283
0
0.805172
0
2.08617
0
2.27157
0
2.48603
0
0.0692367
0
1.25945
0
1.61677
0
0.349121
0
1.5033
0
0.379837
0
2.53869
0
2.03989
0
0.129334
0
0.480167
0
2.32157
0
1.56053
0
1.9988
0
0.112778
0
2.66278
0
1.79499
0
1.86852
0
2.22019
0
2.51592
0
0.911846
0
1.02642
0
1.05847
0
0.463418
0
1.32509
0
1.34771
0
0.915158
0
2.07252
0
1.41515
0
1.85188
0
2.10521
0
0.315408
0
0.671897
0
0.137762
0
1.57626
0
1.56633
0
2.483
0
1.18708
0
2.37289
0
2.48323
0
1.59777
0
0.368168
0
2.28172
0
2.62987
0
2.61556
0
2.50622
0
2.4018
0
0.880732
0
1.19636
0
2.02011
0
0.453986
0
0.0448189
0
0.0590011
0
0.564826
0
2.10162
0
2.36378
0
1.6902
0
0.845912
0
0.736065
0
0.0450445
0
0.703913
0
0.0609565
0
1.9416
0
2.6062
0
0.140831
0
1.84795
0
0.179281
0
0.138007
0
1.3228
0
1.62635
0
2.05989
0
0.770983
0
1.53357
0
1.83827
0
1.37273
0
1.14962
0
0.499416
0
0.582422
0
0.940439
0
2.60692
0
0.657452
0
0.86973
0
2.65392
0
2.60464
0
2.2193
0
1.61483
0
1.87075
0
0.520516
0
1.70191
0
0.583724
0
2.65932
0
2.34153
0
0.983359
0
1.45917
0
1.13944
0
1.84656
0
1.6499
0
2.23345
0
2.34563
0
0.0449404
0
2.25709
0
2.37087
0
2.17468
0
2.43886
0
1.52663
0
2.14196
0
2.49276
0
1.29595
0
0.227642
0
2.59785
0
2.41821
0
0.616088
0
0.0904573
0
2.22454
0
1.05584
0
0.900494
0
2.4587
0
1.33448
0
1.57757
0
2.56305
0
0.473656
0
0.332668
0
1.30588
0
2.01368
0
1.28292
0
1.22718
0
1.7973
0
2.66843
0
2.12071
0
2.08109
0
1.91553
0
1.2195
0
2.60371
0
1.87808
0
2.4317
0
1.96017
0
0.75803
0
0.749897
0
1.75139
0
2.08048
0
2.59073
0
0.0415016
0
1.04233
0
1.96317
0
2.09172
0
0.444928
0
1.85351
0
0.755841
0
0.987085
0
0.153599
0
1.12875
0
2.10946
0
2.48627
0
1.99277
0
0.543142
0
2.28143
0
0.906817
0
0.13924
0
0.782333
0
1.97674
0
0.802427
0
2.55597
0
1.22519
0
0.684864
0
2.63439
0
2.37385
0
1.27646
0
2.32721
0
2.64411
0
0.0403186
0
0.445685
0
1.8545
0
0.303391
0
2.21043
0
0.196747
0
1.60765
0
1.76823
0
0.520902
0
0.536876
0
1.92979
0
1.28227
0
2.36711
0
0.701973
0
1.91098
0
2.19749
0
2.5271
0
1.80016
0
1.59556
0
2.56128
0
0.730392
0
2.29118
0
0.168589
0
0.659678
0
1.45022
0
1.03794
0
0.825905
0
2.30402
0
0.1737
0
2.19785
0
2.16424
0
2.64304
0
2.40036
0
2.61093
0
1.1284
0
0.808868
0
0.782615
0
2.00109
0
2.61479
0
1.60139
0
1.17861
0
1.35022
0
1.77565
0
1.113
0
0.296304
0
1.28907
0
1.96415
0
0.396861
0
0.205149
0
2.25172
0
0.390916
0
0.294167
0
2.42949
0
0.237321
0
1.93451
0
0.338754
0
0.238706
0
1.48078
0
0.691314
0
0.708609
0
0.545735
0
1.58234
0
0.243968
0
2.23197
0
1.05699
0
0.424238
0
0.470219
0
2.09522
0
0.118743
0
0.5096
0
1.30987
0
0.63847
0
0.635133
0
1.94423
0
1.50728
0
1.01164
0
2.2326
0
1.4716
0
2.07007
0
1.0661
0
2.56126
0
2.01947
0
1.18537
0
0.0067028
0
2.1425
0
2.48753
0
2.38189
0
1.79242
0
2.47164
0
0.527103
0
0.427975
0
0.106614
0
0.949794
0
1.67615
0
2.59189
0
1.51144
0
1.51005
0
1.43737
0
2.66074
0
0.0454339
0
1.66649
0
0.997159
0
1.65394
0
1.75563
0
2.31642
0
1.28589
0
1.10971
0
0.8203
0
0.646834
0
0.39253
0
1.25918
0
1.2579
0
1.17074
0
2.48443
0
2.62254
0
0.410558
0
0.868233
0
2.22668
0
0.238012
0
2.21445
0
2.28543
0
2.12637
0
1.95029
0
1.93795
0
1.48906
0
1.81858
0
2.0979
0
1.18926
0
2.51712
0
2.37929
0
0.738966
0
2.0082
0
2.40699
0
0.573526
0
2.3224
0
0.643391
0
0.701917
0
0.809829
0
0.967424
0
2.5365
0
0.456504
0
0.305188
0
0.0348119
0
1.28788
0
2.42182
0
2.60149
0
0.457132
0
1.40251
0
0.95883
0
2.22558
0
0.819571
0
1.90592
0
1.04714
0
1.74163
0
1.96186
0
0.766113
0
2.63929
0
2.18486
0
2.44665
0
1.82922
0
1.09286
0
0.694888
0
2.04954
0
2.40383
0
1.07267
0
1.19842
0
2.3786
0
1.01904
0
0.724908
0
2.50805
0
2.57341
0
1.61052
0
2.51604
0
0.529901
0
2.21877
0
0.280568
0
1.87281
0
0.454511
0
2.09828
0
2.21004
0
0.609786
0
0.451446
0
0.253444
0
2.44117
0
0.213972
0
0.815343
0
2.41422
0
0.422454
0
2.56025
0
0.143561
0
2.36509
0
0.333704
0
0.846233
0
0.405512
0
2.31225
0
1.26868
0
1.72637
0
1.71649
0
1.28772
0
0.699379
0
0.107483
0
0.184623
0
1.78266
0
1.87491
0
0.282691
0
0.36594
0
0.165988
0
2.02769
0
0.926327
0
1.64098
0
0.181508
0
0.879221
0
0.0443666
0
0.931858
0
0.630859
0
0.441466
0
1.08686
0
0.84777
0
1.68572
0
1.01719
0
0.965618
0
1.32866
0
2.66133
0
2.19518
0
0.474264
0
1.61493
0
1.3551
0
0.625944
0
0.503065
0
2.51638
0
1.73412
0
2.62445
0
2.21352
0
1.73672
0
0.990453
0
2.5514
0
0.467561
0
1.9864
0
1.57722
0
1.01352
0
0.584486
0
2.00827
0
0.423483
0
1.48015
0
1.06978
0
2.47269
0
1.17728
0
0.56338
0
2.33757
0
1.43584
0
0.819508
0
2.67941
0
0.944174
0
2.49866
0
1.54316
0
2.29039
0
0.78332
0
2.03802
0
1.74744
0
2.30981
0
0.124525
0
0.481846
0
1.96013
0
1.19282
0
2.26557
0
2.65496
0
0.8082
0
0.757143
0
1.89723
0
2.61527
0
0.356558
0
0.799809
0
1.63731
0
0.258646
0
2.06256
0
1.58637
0
1.55044
0
2.52876
0
0.370959
0
2.65895
0
2.10884
0
2.35436
0
2.6292
0
2.59378
0
1.0139
0
2.08104
0
2.11265
0
0.86292
0
1.24293
0
0.461412
0
1.77815
0
1.62399
0
0.412981
0
2.18636
0
1.4793
0
0.842235
0
0.29814
0
1.38621
0
2.46288
0
0.897744
0
2.45813
0
0.326
0
0.76471
0
1.02161
0
0.46549
0
2.67384
0
0.33398
0
1.3337
0
1.92519
0
2.64758
0
0.707787
0
2.60712
0
2.57248
0
2.43698
0
1.11849
0
1.80007
0
0.0734873
0
2.13544
0
0.65921
0
0.743401
0
0.238157
0
0.580601
0
2.05279
0
1.3586
0
1.52218
0
0.658243
0
0.0579213
0
0.230705
0
1.48732
0
1.07379
0
2.0484
0
0.56125
0
1.5774
0
0.780122
0
2.04201
0
0.779874
0
2.65366
0
2.36367
0
1.50117
0
2.23619
0
2.66131
0
1.77603
0
0.79597
0
1.44869
0
2.29079
0
1.29666
0
1.15293
0
1.14011
0
0.0171726
0
0.37981
0
1.16113
0
1.08024
0
0.360734
0
0.809902
0
1.45566
0
2.38887
0
2.25054
0
1.63465
0
1.01601
0
0.540954
0
0.731573
0
0.538837
0
0.465036
0
0.447574
0
0.437545
0
0.449548
0
1.60669
0
0.336907
0
1.36933
0
0.104554
0
1.33681
0
2.46431
0
2.11367
0
0.0693177
0
1.99788
0
2.46467
0
1.478
0
0.0770993
0
0.500412
0
0.296163
0
2.26576
0
1.92191
0
1.00813
0
1.13482
0
0.715377
0
1.72954
0
0.145339
0
1.23561
0
1.87825
0
2.36555
0
2.07665
0
1.81003
0
1.99644
0
1.23277
0
0.310431
0
1.26613
0
0.143895
0
2.52116
0
2.3627
0
0.344695
0
0.551763
0
1.51591
0
0.80964
0
2.04101
0
2.08018
0
0.96874
0
0.96798
0
0.825283
0
2.5128
0
0.380137
0
1.46848
0
1.20746
0
1.24097
0
0.439417
0
2.67918
0
0.0746874
0
2.01616
0
1.87031
0
2.54205
0
0.679484
0
1.36008
0
0.149046
0
0.634748
0
1.60125
0
2.43888
0
1.43071
0
2.51532
0
1.60891
0
2.56061
0
0.9971
0
1.06417
0
2.1099
0
0.591307
0
2.23813
0
0.62663
0
1.19395
0
2.0931
0
2.59915
0
1.42523
0
2.63603
0
1.95566
0
0.930662
0
0.266141
0
1.74127
0
1.20403
0
0.585118
0
1.84547
0
1.29358
0
2.6428
0
0.662047
0
0.5182
0
0.27502
0
1.99108
0
1.80167
0
2.12021
0
0.975154
0
0.585848
0
0.927521
0
2.0561
0
0.243541
0
2.1974
0
2.3037
0
1.87891
0
1.59655
0
2.56413
0
2.51112
0
0.394882
0
0.548697
0
1.24032
0
2.48812
0
0.150943
0
1.04487
0
2.53713
0
0.906819
0
1.90635
0
0.0642665
0
1.1961
0
0.090161
0
1.95505
0
0.188221
0
1.4287
0
0.768129
0
1.56362
0
1.1346
0
1.29981
0
2.66575
0
2.52716
0
0.0209412
0
0.42664
0
2.00534
0
2.51489
0
1.22442
0
0.944588
0
0.345968
0
0.914863
0
1.3426
0
1.67456
0
1.06549
0
2.50082
0
1.59044
0
0.14522
0
0.48369
0
2.11683
0
1.79668
0
2.04362
0
2.16212
0
1.52497
0
0.291081
0
1.64085
0
2.57194
0
0.811234
0
0.710206
0
1.31664
0
1.19905
0
0.848005
0
0.219433
0
2.28159
0
1.16987
0
0.219748
0
1.4307
0
2.11185
0
2.11299
0
2.35422
0
0.0306792
0
2.34059
0
0.134866
0
0.0449339
0
1.45215
0
1.867
0
1.49085
0
2.07498
0
0.512205
0
1.96573
0
0.398572
0
0.781133
0
2.02837
0
0.643669
0
0.226379
0
1.84928
0
0.256966
0
0.640431
0
1.81059
0
1.54311
0
1.40169
0
2.29307
0
1.53758
0
2.36654
0
0.76738
0
0.189573
0
1.42654
0
1.15986
0
1.2067
0
2.67161
0
0.0342536
0
2.5987
0
1.4893
0
0.934988
0
0.0635403
0
0.76595
0
1.40968
0
2.55242
0
0.196835
0
0.0883693
0
0.62697
0
0.837888
0
0.51757
0
2.31836
0
1.00862
0
0.176808
0
2.21723
0
0.467581
0
2.65457
0
0.194769
0
0.149623
0
2.63503
0
0.47081
0
1.23143
0
0.590983
0
2.35547
0
0.227477
0
2.29257
0
0.410555
0
1.48636
0
0.0842217
0
2.1789
0
1.56521
0
0.792863
0
2.23383
0
0.96499
0
1.55171
0
0.943354
0
1.53557
0
1.2408
0
1.96222
0
0.337202
0
1.54296
0
1.38022
0
0.672822
0
1.68244
0
1.91509
0
2.66731
0
0.91373
0
0.802339
0
0.859245
0
0.475043
0
2.12832
0
1.41356
0
0.913591
0
1.70288
0
1.28327
0
1.25995
0
2.01464
0
0.544628
0
0.315707
0
2.28995
0
1.67771
0
0.184463
0
2.10768
0
2.20801
0
0.281204
0
0.0322189
0
0.122737
0
1.21171
0
2.3795
0
0.814525
0
1.06932
0
2.65521
0
1.83061
0
1.492
0
0.0696763
0
2.02767
0
0.817605
0
1.89245
0
1.46517
0
1.05344
0
1.58788
0
0.601181
0
1.55842
0
1.98968
0
0.378961
0
2.4532
0
0.100151
0
0.254915
0
0.692433
0
2.56231
0
2.03265
0
0.122038
0
2.09013
0
1.21879
0
0.0458859
0
1.91318
0
1.79673
0
0.568703
0
1.65888
0
1.33209
0
1.65371
0
1.09639
0
1.45634
0
0.397241
0
1.07714
0
1.50215
0
0.747101
0
0.237004
0
2.0329
0
0.201143
0
1.51469
0
1.34884
0
1.12727
0
1.63386
0
0.450505
0
1.97454
0
2.63457
0
2.21257
0
1.51246
0
2.20887
0
1.0164
0
1.57116
0
2.00176
0
1.60236
0
0.617609
0
1.30257
0
2.00403
0
2.64945
0
0.982764
0
1.22359
0
2.18804
0
2.53013
0
2.38275
0
0.732443
0
2.27298
0
2.02213
0
2.63151
0
1.29273
0
0.75229
0
2.3834
0
1.38415
0
2.53541
0
2.08057
0
2.14452
0
1.62963
0
1.68589
0
2.03063
0
1.71559
0
1.38886
0
2.05649
0
0.932106
0
1.48651
0
2.4827
0
0.600067
0
1.66825
0
0.22864
0
1.26798
0
0.659611
0
1.55876
0
0.957447
0
0.155671
0
0.993961
0
2.29212
0
1.04674
0
0.533831
0
0.457881
0
0.701755
0
0.304607
0
2.37241
0
0.468965
0
2.07829
0
1.4395
0
0.43004
0
2.06263
0
2.25032
0
0.854244
0
0.685711
0
1.43128
0
0.0565095
0
0.790662
0
2.07017
0
2.44159
0
0.432066
0
2.29162
0
0.64651
0
0.00429185
0
1.93853
0
0.982743
0
1.67572
0
2.32184
0
1.23776
0
0.674534
0
1.72279
0
1.12365
0
1.48934
0
1.59721
0
1.31516
0
0.781113
0
1.31074
0
2.19981
0
1.26758
0
1.6345
0
2.07624
0
1.21206
0
1.926
0
1.06951
0
1.78045
0
1.63731
0
2.35983
0
0.112204
0
1.96978
0
0.285112
0
2.49854
0
1.35284
0
0.978586
0
2.46562
0
2.27859
0
1.60739
0
1.04419
0
0.970784
0
1.8702
0
0.226627
0
1.58504
0
1.02098
0
2.14011
0
1.43259
0
1.82042
0
2.11698
0
1.73767
0
1.27701
0
0.394505
0
1.71347
0
0.876497
0
0.153374
0
1.53677
0
0.877324
0
1.96629
0
0.798376
0
0.735727
0
1.33753
0
0.448704
0
1.41021
0
2.14465
0
2.59946
0
0.990283
0
1.44225
0
0.942266
0
0.142838
0
2.42967
0
1.99482
0
0.382657
0
1.09437
0
1.87085
0
1.83224
0
1.91134
0
2.60653
0
1.59518
0
2.67402
0
1.41327
0
0.79675
0
1.59781
0
0.859643
0
0.584229
0
1.73102
0
1.73079
0
2.63962
0
0.456067
0
2.39055
0
0.605096
0
0.102745
0
0.0201057
0
1.86797
0
1.21984
0
0.837753
0
2.39457
0
1.75471
0
1.08845
0
0.0839151
0
1.02446
0
2.2104
0
1.22751
0
0.660078
0
2.23743
0
1.0414
0
1.86688
0
1.02117
0
2.28161
0
0.046694
0
0.271375
0
2.5754
0
2.24479
0
0.132867
0
0.0572606
0
1.83894
0
2.46985
0
2.5038
0
1.63315
0
0.244715
0
0.974463
0
1.51974
0
1.47113
0
2.43316
0
1.84439
0
0.331827
0
0.208771
0
1.62547
0
1.61419
0
0.578146
0
1.71416
0
0.910281
0
0.480734
0
2.20559
0
1.23903
0
2.00187
0
1.64077
0
2.30303
0
1.37356
0
1.06517
0
2.21963
0
2.47727
0
1.93184
0
1.83813
0
1.64652
0
1.43144
0
0.937907
0
2.225
0
1.24463
0
0.322903
0
0.573653
0
0.956198
0
0.974777
0
0.415989
0
0.911388
0
2.67746
0
1.76006
0
0.317957
0
2.4461
0
2.63396
0
1.38418
0
0.0135517
0
1.1321
0
1.36221
0
1.12843
0
1.86392
0
2.19151
0
2.01838
0
2.37771
0
2.58329
0
1.73486
0
1.98474
0
0.687947
0
1.53677
0
1.89455
0
2.41592
0
1.79365
0
1.00575
0
0.734162
0
2.06453
0
1.85135
0
1.05422
0
0.799915
0
0.250643
0
0.0318796
0
1.64383
0
1.7748
0
0.316693
0
0.652325
0
2.01991
0
1.05996
0
2.38069
0
1.58666
0
1.66867
0
1.54668
0
1.71125
0
2.41958
0
2.40082
0
2.03676
0
2.66762
0
2.24756
0
1.25205
0
2.08882
0
1.82741
0
0.730214
0
2.18638
0
2.6287
0
0.707563
0
2.14625
0
0.203974
0
0.862353
0
1.84833
0
0.228689
0
1.31697
0
1.98912
0
1.34426
0
2.38664
0
2.11344
0
2.17159
0
2.56064
0
1.99098
0
0.724947
0
2.25665
0
1.22921
0
0.976754
0
1.7132
0
1.67907
0
1.80868
0
0.933459
0
1.35784
0
0.0797393
0
1.78057
0
0.0143821
0
0.746836
0
1.10205
0
0.471852
0
1.66006
0
0.638896
0
2.19288
0
2.53131
0
1.77585
0
2.11474
0
0.40686
0
2.4352
0
1.62498
0
1.73674
0
0.142534
0
1.55394
0
1.11113
0
2.244
0
0.937454
0
1.61276
0
1.61574
0
2.49137
0
1.00564
0
0.0923359
0
2.12338
0
2.21369
0
2.05068
0
0.225915
0
1.61915
0
1.60739
0
0.842822
0
1.45637
0
0.0984582
0
0.722331
0
2.13743
0
0.670839
0
0.06992
0
2.11832
0
0.306605
0
1.96654
0
1.45249
0
0.512124
0
1.98441
0
1.61597
0
1.46987
0
1.05914
0
0.499264
0
0.927325
0
0.224062
0
1.36598
0
0.95597
0
1.13188
0
0.790504
0
1.23835
0
1.37608
0
1.31985
0
2.47945
0
0.264581
0
0.598007
0
2.17517
0
0.684184
0
2.4223
0
1.47542
0
1.3498
0
0.886905
0
0.30022
0
0.757824
0
0.646007
0
1.2123
0
2.14992
0
1.82908
0
1.54394
0
1.65607
0
2.09018
0
0.872252
0
1.32368
0
1.51155
0
2.40132
0
0.61121
0
0.396842
0
0.998001
0
1.73348
0
0.727789
0
1.58967
0
0.673014
0
2.00233
0
2.64778
0
0.673749
0
0.722954
0
2.11848
0
1.81955
0
0.196517
0
1.30126
0
1.1572
0
2.56731
0
0.925555
0
1.98885
0
1.33722
0
0.81096
0
2.54
0
0.785291
0
0.562977
0
2.16908
0
0.514316
0
1.96057
0
1.96319
0
0.801566
0
1.21399
0
1.96429
0
0.822433
0
1.40166
0
0.223863
0
0.830408
0
0.801275
0
1.35542
0
1.19174
0
0.0917141
0
1.55003
0
2.09905
0
2.4874
0
2.01807
0
1.18853
0
0.0803754
0
2.6622
0
2.27837
0
0.688863
0
2.12875
0
0.601664
0
0.946423
0
2.10718
0
1.82626
0
2.28143
0
0.149392
0
1.52002
0
0.356298
0
2.24522
0
1.69814
0
1.75385
0
1.29177
0
2.47353
0
0.423997
0
0.850398
0
0.13179
0
0.179359
0
2.63292
0
1.00747
0
0.91802
0
0.142405
0
1.19515
0
0.0513067
0
0.525831
0
1.30426
0
1.03682
0
1.72249
0
0.956974
0
0.526326
0
0.0793596
0
2.35823
0
1.85382
0
0.83139
0
0.493363
0
1.15649
0
1.78573
0
1.76797
0
1.88446
0
1.92083
0
1.49262
0
1.43506
0
1.62888
0
0.742135
0
2.23086
0
0.734617
0
2.38733
0
2.60256
0
1.76264
0
0.918513
0
0.653354
0
1.1259
0
0.261751
0
1.26954
0
2.33426
0
1.57673
0
0.910604
0
0.347179
0
1.39111
0
0.137749
0
2.61212
0
1.68248
0
2.36844
0
0.530007
0
0.692162
0
2.44922
0
0.838237
0
1.15116
0
1.99341
0
2.38996
0
0.163359
0
0.404697
0
2.39472
0
0.436594
0
2.30206
0
1.84488
0
0.873841
0
1.29214
0
2.4244
0
2.03741
0
0.840172
0
1.813
0
1.95597
0
0.507044
0
0.908386
0
2.15061
0
1.64207
0
2.07895
0
1.07747
0
0.834465
0
0.981386
0
2.23957
0
1.08173
0
0.918786
0
0.671418
0
1.01918
0
0.326483
0
1.58385
0
1.18105
0
2.13562
0
0.90058
0
1.60576
0
2.28937
0
1.00855
0
0.978783
0
1.79081
0
2.00998
0
2.61782
0
1.3158
0
1.93689
0
1.14167
0
2.6468
0
2.10764
0
2.18647
0
0.509183
0
2.27109
0
1.92344
0
0.485032
0
0.384637
0
0.254343
0
1.73154
0
0.825618
0
2.63809
0
0.432139
0
1.46256
0
2.0048
0
1.60132
0
1.40198
0
0.615445
0
0.225274
0
1.70542
0
1.72321
0
1.99015
0
1.54364
0
0.73978
0
1.26321
0
2.6051
0
1.08723
0
2.13392
0
1.26437
0
1.86485
0
1.54535
0
0.427111
0
1.21463
0
1.80831
0
1.99988
0
1.72855
0
2.67843
0
1.17552
0
2.41926
0
0.569263
0
2.17619
0
1.85179
0
2.47416
0
2.14235
0
2.38392
0
2.3888
0
2.59151
0
0.629449
0
2.63359
0
1.79472
0
0.543637
0
0.980711
0
1.03578
0
1.53941
0
2.10496
0
1.16275
0
2.24645
0
1.65462
0
0.0808514
0
1.7183
0
0.593457
0
2.29238
0
1.04765
0
0.972322
0
2.16316
0
1.44418
0
1.98196
0
2.64366
0
2.16513
0
0.213668
0
1.0975
0
0.54022
0
1.15107
0
1.79132
0
1.40658
0
0.988486
0
1.23438
0
0.548795
0
1.72758
0
1.14
0
2.20287
0
2.42087
0
2.04072
0
0.146258
0
0.558144
0
1.01104
0
0.595193
0
1.68491
0
2.32787
0
0.626751
0
0.18089
0
0.216433
0
0.546414
0
0.486483
0
0.248149
0
2.03498
0
0.293384
0
0.0690371
0
0.874658
0
2.41945
0
2.16317
0
2.11887
0
1.27075
0
0.587319
0
2.32959
0
0.417739
0
1.8098
0
0.950241
0
1.81769
0
0.834534
0
0.69075
0
1.58093
0
2.3973
0
2.65812
0
2.11241
0
2.08258
0
1.36646
0
2.55246
0
2.6239
0
1.27522
0
0.997172
0
2.40707
0
1.11786
0
2.30719
0
1.61853
0
1.50325
0
1.83972
0
0.167032
0
0.427857
0
0.334869
0
2.32154
0
2.0058
0
1.69747
0
2.56575
0
1.17738
0
1.66291
0
0.89162
0
0.76684
0
1.07841
0
1.0481
0
0.905064
0
1.11566
0
2.18275
0
0.542284
0
1.58907
0
0.382188
0
1.03885
0
2.19911
0
1.16743
0
2.28455
0
2.59158
0
1.78057
0
1.97679
0
0.951213
0
1.12856
0
1.61868
0
0.512191
0
1.13097
0
1.52214
0
0.074386
0
0.68612
0
0.671463
0
0.579572
0
2.01137
0
1.83841
0
1.05534
0
1.70913
0
1.53008
0
1.23511
0
0.516941
0
2.48432
0
1.98269
0
2.57498
0
0.332256
0
0.553415
0
0.640681
0
0.752643
0
0.223745
0
2.582
0
0.747955
0
2.34014
0
2.06295
0
1.92629
0
1.11253
0
0.946805
0
1.16223
0
2.61221
0
2.11014
0
1.1486
0
1.19229
0
2.17983
0
1.9742
0
2.06786
0
2.57876
0
0.251065
0
1.17016
0
0.0536183
0
1.56768
0
2.28783
0
0.46062
0
2.02786
0
0.328995
0
1.62972
0
1.26142
0
0.565357
0
1.68382
0
2.42102
0
2.37631
0
2.59108
0
1.25853
0
1.87023
0
0.115742
0
2.03694
0
0.627703
0
2.31753
0
0.552065
0
0.934451
0
0.0702269
0
0.490999
0
2.52074
0
0.788559
0
0.332297
0
0.0594237
0
2.61176
0
1.23649
0
1.51626
0
0.54925
0
1.93388
0
1.55375
0
2.05521
0
0.0887051
0
0.581476
0
0.660222
0
1.30438
0
0.700922
0
1.16259
0
1.0556
0
1.51869
0
1.19318
0
1.16449
0
0.967295
0
0.372031
0
0.493733
0
0.146955
0
2.52129
0
0.212977
0
1.04992
0
0.838433
0
2.04833
0
0.627103
0
0.108976
0
0.0410797
0
1.66904
0
1.78197
0
1.53188
0
2.37173
0
2.22364
0
1.09267
0
2.60337
0
2.38107
0
0.161549
0
0.248049
0
1.83623
0
2.36368
0
2.17103
0
0.402563
0
0.490978
0
1.0105
0
1.56254
0
0.77215
0
0.991177
0
1.09205
0
0.469555
0
1.81253
0
2.05401
0
2.5577
0
1.51049
0
1.68572
0
0.51915
0
0.61257
0
2.02453
0
1.88244
0
0.332143
0
2.02014
0
0.221617
0
1.95329
0
0.698379
0
1.48742
0
2.09072
0
2.18298
0
2.11779
0
0.716605
0
1.50367
0
2.58726
0
0.0904995
0
0.206237
0
2.67242
0
1.49806
0
1.31109
0
1.30614
0
0.233917
0
2.03439
0
0.404364
0
1.46839
0
1.08696
0
1.96603
0
1.25542
0
1.26161
0
1.26871
0
0.211148
0
2.28621
0
1.80685
0
1.63067
0
1.93023
0
1.32017
0
1.82255
0
1.90206
0
2.56648
0
0.115177
0
1.12032
0
0.858878
0
1.11455
0
1.73097
0
1.82545
0
2.65741
0
1.62906
0
0.585248
0
1.74249
0
1.44311
0
0.689767
0
0.619544
0
0.0370053
0
2.37983
0
1.10256
0
2.63801
0
0.324976
0
0.521256
0
0.506456
0
2.60667
0
0.37566
0
2.50212
0
1.19463
0
2.42595
0
2.48742
0
2.61314
0
1.85417
0
0.202784
0
0.707631
0
2.3622
0
0.705095
0
1.0126
0
1.74153
0
0.509419
0
1.39833
0
1.18711
0
2.23496
0
1.97994
0
0.703036
0
2.45521
0
2.13694
0
2.17681
0
2.16259
0
0.536583
0
2.20086
0
2.30341
0
1.6577
0
1.62409
0
0.420151
0
0.340663
0
2.02554
0
1.00604
0
0.849004
0
0.176875
0
2.15034
0
0.656253
0
1.3314
0
1.38192
0
2.2535
0
2.2434
0
0.857027
0
0.0206232
0
2.39861
0
1.05815
0
1.0191
0
1.91881
0
1.71074
0
2.05846
0
1.22133
0
1.16242
0
2.42735
0
2.05487
0
0.961782
0
0.993903
0
1.13558
0
0.228041
0
2.37143
0
0.938472
0
0.808529
0
0.571282
0
1.17186
0
1.32709
0
0.503381
0
0.281295
0
2.52567
0
2.5406
0
1.8052
0
0.190067
0
1.91642
0
1.95608
0
0.744455
0
0.365367
0
0.626389
0
0.820108
0
0.883419
0
2.0647
0
0.354136
0
1.07792
0
2.44106
0
2.56065
0
2.21631
0
0.710976
0
1.96549
0
1.81144
0
0.336855
0
0.698879
0
1.75422
0
1.668
0
0.538548
0
2.09289
0
1.45388
0
0.806096
0
0.764848
0
1.41231
0
0.172756
0
0.774477
0
1.96821
0
1.75406
0
0.874745
0
0.243618
0
1.82983
0
0.515507
0
2.24066
0
1.78356
0
1.90019
0
1.60175
0
0.452668
0
0.293264
0
0.108869
0
2.14605
0
0.979839
0
1.40304
0
0.126332
0
1.30212
0
2.20029
0
1.45153
0
1.35
0
2.58285
0
2.00138
0
2.42099
0
1.62746
0
2.62037
0
1.56605
0
0.839818
0
2.60007
0
1.93928
0
2.34563
0
0.279518
0
0.827011
0
0.944596
0
0.357707
0
0.448023
0
1.54671
0
0.481088
0
1.05809
0
1.55079
0
0.0064378
0
0.0158364
0
1.48752
0
1.49114
0
1.47201
0
0.521842
0
2.05703
0
0.973972
0
2.044
0
2.1261
0
1.64281
0
0.955595
0
0.878261
0
1.39102
0
0.0318851
0
0.0201099
0
1.17495
0
1.09249
0
0.436338
0
1.69563
0
1.61787
0
0.580034
0
0.837938
0
1.09552
0
1.51173
0
1.78644
0
2.0053
0
2.36172
0
1.60952
0
2.18114
0
1.56537
0
0.611315
0
0.77773
0
0.358823
0
2.67442
0
0.330896
0
0.621944
0
2.02084
0
2.34814
0
1.81208
0
1.96215
0
1.79676
0
0.157907
0
2.41396
0
1.59261
0
1.82711
0
0.646175
0
1.17717
0
0.459103
0
1.31791
0
0.688613
0
1.45016
0
0.580627
0
2.26853
0
1.33353
0
0.253982
0
1.67146
0
2.64157
0
0.719085
0
2.18894
0
2.29204
0
2.62916
0
0.640439
0
0.49223
0
1.74733
0
1.13691
0
0.0396188
0
0.566121
0
1.77658
0
0.76016
0
0.557335
0
2.57405
0
1.89371
0
2.58974
0
0.561691
0
1.93254
0
0.285785
0
0.571726
0
2.27007
0
1.3877
0
1.08412
0
0.785497
0
0.761154
0
1.76798
0
2.51644
0
2.64491
0
0.500529
0
1.28347
0
2.66595
0
1.51647
0
0.352233
0
0.888461
0
2.26082
0
1.3278
0
1.44856
0
0.420007
0
1.91996
0
2.25249
0
1.91965
0
1.56049
0
2.25015
0
2.54863
0
1.23877
0
0.641378
0
0.644732
0
2.59172
0
2.53696
0
2.07647
0
0.983499
0
1.13133
0
1.76664
0
2.58352
0
0.502414
0
1.48431
0
1.34934
0
0.447251
0
0.580887
0
0.440032
0
0.921637
0
0.265794
0
1.44259
0
0.856706
0
1.23538
0
2.0734
0
0.523448
0
1.85112
0
0.612738
0
0.247996
0
1.5131
0
1.43019
0
1.25209
0
0.789734
0
2.62951
0
0.995914
0
0.155232
0
0.947072
0
2.44052
0
1.35812
0
0.644895
0
1.07221
0
0.534986
0
2.39816
0
0.733936
0
0.614835
0
0.335979
0
2.32631
0
1.62262
0
0.0477944
0
0.808712
0
0.186608
0
0.361764
0
1.00867
0
1.43115
0
0.460178
0
1.46052
0
0.450224
0
2.07269
0
2.50044
0
2.39814
0
0.299143
0
1.30519
0
1.13387
0
0.228717
0
0.504899
0
1.05242
0
2.36489
0
1.52416
0
0.860789
0
2.12738
0
2.45947
0
2.34062
0
0.645909
0
1.84054
0
2.12385
0
0.00680929
0
1.37112
0
0.330465
0
0.871587
0
1.49864
0
1.56576
0
1.44738
0
1.59921
0
1.32574
0
2.57327
0
0.185807
0
2.1566
0
1.88989
0
1.16164
0
2.43535
0
2.32984
0
0.773466
0
1.73827
0
0.838111
0
0.74272
0
1.2969
0
2.35201
0
2.06042
0
0.953871
0
1.64242
0
1.42399
0
2.60643
0
0.755397
0
1.56774
0
2.0774
0
1.08904
0
2.5679
0
1.26257
0
2.07579
0
2.66523
0
2.60633
0
1.37582
0
2.66375
0
1.31053
0
0.338811
0
0.296671
0
1.58899
0
0.900211
0
0.707574
0
0.883997
0
0.760377
0
1.46707
0
2.54204
0
1.11259
0
2.50148
0
1.36721
0
0.0684198
0
2.0556
0
1.72639
0
2.02917
0
0.0885277
0
2.246
0
2.55357
0
2.61268
0
0.852416
0
1.85218
0
1.83214
0
0.402763
0
0.329067
0
0.223569
0
1.96197
0
0.762848
0
0.282598
0
2.10043
0
0.376021
0
1.86751
0
2.08775
0
2.37243
0
2.32629
0
1.33886
0
1.11944
0
1.24795
0
1.50171
0
0.0162183
0
0.0447738
0
2.12959
0
1.97293
0
1.31603
0
0.998742
0
0.744206
0
1.14866
0
1.19019
0
0.116918
0
1.67906
0
2.17559
0
1.29166
0
0.153931
0
0.751543
0
0.816323
0
1.01619
0
1.72548
0
2.2067
0
0.969309
0
2.22107
0
1.81893
0
1.13504
0
0.903264
0
0.160297
0
1.01141
0
2.11649
0
2.66656
0
1.36404
0
0.649932
0
1.16103
0
1.02009
0
0.0057094
0
2.19075
0
1.9409
0
0.909069
0
0.936164
0
1.75271
0
0.999689
0
2.12684
0
1.31401
0
2.50378
0
1.75535
0
1.01475
0
0.355222
0
0.724663
0
0.039048
0
1.86378
0
2.3913
0
2.54327
0
0.814038
0
0.448231
0
0.01978
0
1.43235
0
1.2103
0
2.38282
0
0.287528
0
0.384137
0
0.160553
0
2.05327
0
0.748471
0
0.236283
0
2.65821
0
1.02451
0
1.3537
0
0.41761
0
1.65645
0
0.120001
0
1.65252
0
0.177887
0
1.45146
0
0.0839891
0
1.42805
0
1.32169
0
0.870897
0
1.83046
0
2.35395
0
0.632101
0
1.35233
0
2.21741
0
1.67394
0
0.445037
0
0.965959
0
0.518948
0
2.59086
0
0.759768
0
0.669936
0
1.7103
0
2.25396
0
0.479383
0
1.22577
0
2.02366
0
1.96982
0
1.69944
0
0.719776
0
2.02672
0
0.200471
0
0.605886
0
0.233868
0
0.801127
0
1.31836
0
2.57243
0
0.560787
0
0.89228
0
1.96446
0
1.17177
0
1.18394
0
1.91869
0
1.19563
0
2.43243
0
1.99075
0
0.510086
0
0.647067
0
1.27388
0
1.80991
0
0.98619
0
1.28476
0
1.01369
0
0.470748
0
0.317667
0
1.31261
0
1.94757
0
2.635
0
2.26872
0
0.615475
0
0.830959
0
1.06795
0
1.48756
0
1.82555
0
0.240377
0
1.32118
0
1.51824
0
1.06317
0
0.428839
0
2.52128
0
1.45818
0
0.520898
0
0.279079
0
1.56956
0
0.768282
0
0.654131
0
0.752571
0
0.824949
0
0.613321
0
0.479287
0
2.11145
0
0.810066
0
2.17565
0
1.32053
0
0.440606
0
0.160633
0
0.128449
0
0.613133
0
2.48835
0
1.80059
0
1.78655
0
0.645334
0
1.6111
0
2.10057
0
2.50986
0
2.15928
0
1.88109
0
1.73706
0
0.976819
0
1.38481
0
2.03422
0
1.75907
0
0.51525
0
1.90623
0
2.34088
0
2.42701
0
1.30748
0
0.957764
0
0.710111
0
1.72876
0
0.548276
0
0.140765
0
1.73652
0
2.43583
0
1.79272
0
0.616023
0
1.87964
0
1.33752
0
1.98622
0
2.30305
0
0.372678
0
1.31178
0
0.523228
0
1.50479
0
0.786305
0
2.66414
0
2.31553
0
1.58757
0
1.44274
0
0.861385
0
1.38449
0
2.65502
0
0.936948
0
0.222933
0
0.973788
0
0.348486
0
0.707225
0
2.26265
0
0.540313
0
1.17641
0
0.94419
0
0.813496
0
2.36852
0
0.482887
0
2.59694
0
2.58135
0
0.587867
0
1.88493
0
0.628376
0
1.05993
0
2.21313
0
1.49549
0
2.35364
0
0.25588
0
0.233211
0
0.73531
0
2.62629
0
2.2807
0
1.67019
0
0.239261
0
1.74313
0
0.257179
0
1.10651
0
0.990786
0
0.850791
0
2.56858
0
0.135284
0
1.12916
0
1.41875
0
2.12946
0
0.0988273
0
0.556352
0
2.17501
0
1.87065
0
1.77649
0
0.814334
0
2.11298
0
1.19402
0
2.47478
0
0.385402
0
0.866504
0
0.689602
0
0.97001
0
0.141663
0
2.09873
0
1.19077
0
1.14875
0
0.448794
0
2.16276
0
0.926511
0
2.55703
0
0.81806
0
0.0423825
0
0.956671
0
0.229471
0
0.609482
0
1.56424
0
0.731499
0
0.696872
0
1.54429
0
2.46175
0
0.0465935
0
1.82833
0
2.65038
0
1.01293
0
1.43984
0
0.822938
0
0.108733
0
0.0239409
0
1.47746
0
1.84543
0
1.61943
0
2.10605
0
1.3667
0
1.54584
0
0.785842
0
0.681349
0
2.1768
0
0.568846
0
1.96537
0
1.0426
0
2.5369
0
0.108111
0
1.82927
0
0.0767628
0
1.76508
0
0.250822
0
1.3158
0
0.48918
0
0.942243
0
2.19848
0
1.41206
0
0.784174
0
1.33334
0
2.1863
0
1.51543
0
2.6662
0
1.37838
0
1.57236
0
1.86976
0
2.11772
0
1.70445
0
1.27527
0
1.28158
0
1.06579
0
0.34226
0
1.16225
0
2.61467
0
1.27162
0
2.00719
0
0.923852
0
1.67343
0
1.29455
0
0.977664
0
1.44577
0
0.436175
0
1.61895
0
1.97302
0
0.724116
0
1.9084
0
2.5109
0
1.87427
0
1.7416
0
0.741532
0
0.21411
0
1.40756
0
1.31701
0
0.426969
0
2.07165
0
1.04762
0
0.362329
0
0.988682
0
2.08661
0
1.67571
0
1.98215
0
1.62443
0
1.25973
0
1.05615
0
0.246189
0
1.95318
0
1.86162
0
1.1676
0
0.0266855
0
2.59063
0
1.13749
0
1.84663
0
0.386391
0
0.742506
0
1.58966
0
2.25255
0
0.616508
0
1.7221
0
0.292085
0
0.610217
0
0.669791
0
1.0354
0
0.381176
0
1.56617
0
0.387143
0
0.0509061
0
1.85061
0
0.162492
0
0.759901
0
1.64637
0
2.67858
0
2.18724
0
2.54789
0
2.64477
0
0.898831
0
0.10132
0
2.49145
0
1.05343
0
1.56741
0
1.85494
0
0.168283
0
1.39651
0
1.5889
0
1.09699
0
1.97457
0
0.76257
0
0.505051
0
0.993711
0
2.52638
0
2.32706
0
0.672593
0
2.5439
0
1.08382
0
0.197004
0
0.992185
0
1.81715
0
0.315824
0
0.782214
0
1.61437
0
0.276485
0
1.36726
0
0.340998
0
0.375145
0
0.263851
0
2.38256
0
0.371287
0
2.47994
0
2.06647
0
2.54583
0
1.36784
0
0.119388
0
0.346898
0
0.526759
0
1.90813
0
0.883
0
1.55436
0
1.02234
0
0.598907
0
1.16867
0
1.51582
0
1.22035
0
1.63729
0
1.65258
0
1.57148
0
0.6432
0
1.63878
0
0.295598
0
0.0203072
0
2.28517
0
0.723442
0
1.01705
0
2.03136
0
1.01322
0
1.65113
0
1.75312
0
2.25093
0
0.479993
0
1.53165
0
0.773613
0
0.317891
0
1.49995
0
0.116295
0
0.674563
0
2.41227
0
1.44212
0
0.284634
0
1.71303
0
1.28232
0
1.66852
0
1.60838
0
2.37601
0
1.24235
0
2.51488
0
0.305216
0
0.622078
0
0.0168135
0
0.147736
0
1.88686
0
1.66862
0
1.0477
0
2.23189
0
1.4898
0
2.22704
0
1.43518
0
0.843356
0
0.793435
0
0.670998
0
0.268602
0
1.51891
0
1.09429
0
2.2165
0
1.60012
0
2.49982
0
0.940487
0
0.141826
0
1.18257
0
2.28387
0
2.65144
0
1.72765
0
2.13939
0
2.18286
0
1.80631
0
0.612181
0
2.3348
0
1.82153
0
0.479635
0
1.48365
0
0.853535
0
1.47226
0
1.8058
0
1.80601
0
1.19144
0
1.01262
0
1.51882
0
1.42356
0
0.942542
0
2.41839
0
2.03105
0
0.542476
0
1.94646
0
2.29613
0
0.652667
0
0.23092
0
0.327775
0
0.809293
0
2.513
0
0.159027
0
0.42528
0
1.25515
0
1.5204
0
1.87266
0
0.67026
0
1.94385
0
2.56059
0
1.59259
0
2.41924
0
1.22087
0
2.0279
0
0.128562
0
0.800604
0
0.236329
0
1.29919
0
0.0531669
0
1.12905
0
0.0889274
0
1.52756
0
1.75767
0
1.78025
0
0.0867124
0
0.197535
0
0.338378
0
1.01844
0
0.108807
0
0.452209
0
1.8897
0
1.38302
0
0.105827
0
2.5837
0
1.14344
0
0.279796
0
0.489735
0
1.59856
0
1.28195
0
0.189166
0
0.807732
0
1.55339
0
1.45136
0
1.04623
0
1.79682
0
1.85396
0
2.14144
0
2.07048
0
1.58246
0
2.4498
0
0.453964
0
0.229152
0
0.444303
0
2.46501
0
1.44738
0
1.95279
0
2.5707
0
0.149294
0
1.7122
0
1.03959
0
0.954108
0
1.83805
0
0.0198888
0
2.25314
0
1.90727
0
2.62313
0
1.21583
0
0.827092
0
0.819288
0
1.65123
0
0.221615
0
1.35226
0
0.38445
0
0.327848
0
1.04383
0
2.66279
0
2.38044
0
2.37495
0
1.83449
0
2.14318
0
1.51604
0
0.243637
0
0.873144
0
2.26085
0
0.0235846
0
0.0571997
0
0.00697292
0
0.165391
0
2.53849
0
1.50269
0
1.45613
0
1.68715
0
0.304865
0
2.63591
0
1.87868
0
1.97999
0
2.31549
0
0.0834854
0
0.135299
0
1.78388
0
0.181334
0
0.590845
0
2.08449
0
0.747514
0
1.11678
0
1.79741
0
0.432242
0
1.09637
0
1.68419
0
0.351048
0
1.72125
0
0.997432
0
1.60976
0
0.0383558
0
2.57227
0
0.276687
0
0.190415
0
2.617
0
0.319666
0
1.64616
0
2.08157
0
0.548793
0
2.27055
0
1.50152
0
1.60915
0
1.60535
0
0.0102216
0
2.03514
0
2.23696
0
2.49474
0
1.05668
0
1.66806
0
0.436686
0
0.371371
0
0.656354
0
2.4687
0
1.0712
0
0.904378
0
2.14074
0
0.338442
0
1.73876
0
2.33919
0
2.1986
0
2.25536
0
0.0762627
0
0.0575076
0
2.02112
0
2.15324
0
2.55095
0
2.26965
0
0.538977
0
1.9594
0
1.71479
0
1.22147
0
1.45408
0
2.34041
0
1.79954
0
0.941399
0
1.95665
0
1.45666
0
0.735032
0
0.741229
0
2.09415
0
0.279659
0
1.47354
0
0.725337
0
2.61381
0
1.43018
0
1.59492
0
2.21061
0
2.28876
0
0.84408
0
0.559608
0
0.53609
0
0.925006
0
1.55353
0
0.724103
0
1.52078
0
0.999771
0
0.673378
0
1.25022
0
0.559961
0
1.54208
0
1.59349
0
1.06633
0
1.24879
0
0.26696
0
2.38964
0
0.664724
0
0.673092
0
0.022148
0
0.954356
0
2.345
0
1.27998
0
0.884159
0
0.495467
0
1.43819
0
0.771981
0
1.33938
0
1.04035
0
2.48354
0
0.0532402
0
0.449212
0
0.208374
0
1.29339
0
0.879864
0
1.7786
0
1.21369
0
1.30287
0
1.52027
0
1.25325
0
0.570444
0
1.06242
0
0.525242
0
1.03783
0
0.498596
0
0.349567
0
2.49335
0
1.25791
0
0.948523
0
1.28748
0
1.01255
0
0.337717
0
2.38749
0
2.14519
0
0.769612
0
0.357086
0
0.627009
0
1.10326
0
2.2581
0
2.08397
0
1.0315
0
1.4882
0
1.33372
0
0.114642
0
2.02544
0
1.48102
0
1.22581
0
2.43281
0
1.45442
0
1.92559
0
2.59679
0
1.66854
0
0.293062
0
2.24549
0
1.1257
0
2.55046
0
1.47067
0
0.525557
0
1.61733
0
1.54423
0
2.25972
0
1.70317
0
1.74876
0
0.00765855
0
0.481485
0
0.771669
0
2.19412
0
2.26025
0
1.27445
0
1.0151
0
1.88955
0
2.56671
0
1.86312
0
0.433451
0
1.61547
0
1.83497
0
2.36023
0
1.12446
0
1.18636
0
1.20966
0
1.25021
0
1.16432
0
2.63723
0
0.637405
0
0.673486
0
2.45884
0
1.7139
0
1.9086
0
0.540413
0
0.90314
0
0.370017
0
0.505222
0
2.52625
0
0.0844872
0
0.632565
0
0.287079
0
0.931707
0
0.69511
0
2.16495
0
2.57262
0
0.949793
0
1.14656
0
0.235556
0
0.801008
0
0.153795
0
1.37489
0
1.81303
0
0.247488
0
0.0812213
0
0.32921
0
2.18027
0
1.3319
0
0.054576
0
1.05623
0
2.14934
0
2.00449
0
0.352505
0
1.60064
0
1.35507
0
1.13682
0
0.741231
0
1.41618
0
2.64641
0
2.64396
0
2.08107
0
0.873234
0
2.2939
0
2.26322
0
0.178994
0
0.696536
0
2.59483
0
0.310307
0
2.67931
0
2.35771
0
1.15003
0
0.271252
0
1.49526
0
0.674213
0
1.73814
0
0.796221
0
0.563394
0
2.59334
0
1.9472
0
0.760526
0
2.00663
0
0.412475
0
2.58839
0
1.65236
0
0.791162
0
1.11979
0
0.446982
0
2.28672
0
1.50238
0
2.43294
0
0.354651
0
2.04953
0
0.490304
0
1.25812
0
1.55718
0
2.08731
0
2.40993
0
0.379084
0
2.12536
0
0.988006
0
1.11474
0
2.32743
0
0.419462
0
2.03545
0
0.117637
0
1.25843
0
2.45018
0
0.0878239
0
2.14823
0
1.0345
0
1.51503
0
2.34211
0
2.15417
0
0.742647
0
0.881614
0
1.92939
0
1.68239
0
0.88122
0
0.798906
0
0.706745
0
1.17872
0
2.02578
0
2.47868
0
0.842825
0
2.09265
0
1.08956
0
1.45752
0
0.260622
0
1.29767
0
2.16522
0
1.93974
0
0.398749
0
0.0210314
0
0.478265
0
0.699816
0
1.80437
0
2.32769
0
1.03663
0
2.60165
0
0.321015
0
1.59794
0
0.370546
0
0.597074
0
0.213058
0
0.990151
0
1.83665
0
1.96725
0
2.4822
0
0.207215
0
0.119103
0
1.43581
0
0.276072
0
1.07289
0
0.300819
0
1.6174
0
0.162513
0
0.196809
0
0.138776
0
1.66235
0
0.130155
0
1.1997
0
0.820135
0
0.863073
0
2.08568
0
1.33891
0
2.61151
0
0.441723
0
1.12313
0
1.01618
0
1.72868
0
2.11495
0
2.5345
0
0.131147
0
2.34605
0
1.51797
0
2.07419
0
2.15404
0
2.1176
0
1.67791
0
0.747123
0
1.82238
0
0.454666
0
1.94695
0
1.54244
0
2.4704
0
2.1903
0
1.14716
0
1.64791
0
0.748863
0
1.97749
0
0.26314
0
2.57402
0
0.721383
0
2.22006
0
0.282474
0
2.06092
0
2.62744
0
1.55995
0
2.4508
0
2.53959
0
2.63083
0
0.549412
0
2.2381
0
2.1158
0
0.319346
0
1.45934
0
0.851547
0
0.97983
0
2.45201
0
0.192976
0
2.57745
0
2.45914
0
0.433569
0
1.81973
0
1.78134
0
2.24345
0
0.488662
0
0.552299
0
2.38986
0
0.927525
0
0.499554
0
1.78288
0
0.641343
0
1.33424
0
0.76369
0
1.3672
0
1.50969
0
2.40576
0
1.33559
0
0.577435
0
1.619
0
2.26266
0
2.02776
0
0.375312
0
0.227616
0
1.43313
0
0.460068
0
0.42472
0
2.28396
0
1.23429
0
0.0751319
0
0.88211
0
0.391343
0
0.329272
0
0.873319
0
0.696298
0
1.75172
0
1.39179
0
1.06821
0
1.1053
0
1.63511
0
0.10137
0
1.68261
0
2.10662
0
1.58198
0
0.980962
0
1.16344
0
0.402735
0
1.1626
0
1.70078
0
0.224831
0
0.242485
0
2.58853
0
2.5595
0
0.429296
0
1.3471
0
2.56941
0
0.484267
0
1.22756
0
1.86906
0
0.233992
0
0.748675
0
1.44532
0
0.736566
0
1.96378
0
0.091057
0
1.87778
0
0.335747
0
0.25726
0
2.63874
0
1.31986
0
0.279252
0
1.77116
0
1.04333
0
2.47249
0
1.504
0
2.47163
0
0.0308075
0
0.0676584
0
0.46718
0
0.295373
0
0.794555
0
1.54078
0
2.3432
0
1.26732
0
0.572711
0
2.21652
0
1.98582
0
1.65694
0
0.181172
0
2.00943
0
2.52371
0
0.860597
0
0.487319
0
1.62164
0
1.73569
0
1.60764
0
2.17698
0
2.13772
0
2.56347
0
1.36289
0
1.20869
0
0.195822
0
1.15041
0
2.39132
0
1.32687
0
0.506566
0
2.27762
0
1.55466
0
1.26296
0
0.818552
0
1.14793
0
1.33665
0
1.98387
0
1.29146
0
1.59272
0
2.38443
0
0.146723
0
2.1416
0
0.045834
0
1.19118
0
2.44054
0
2.25378
0
2.42686
0
0.254036
0
2.24484
0
2.48455
0
1.34852
0
0.935031
0
0.191674
0
2.46474
0
2.11443
0
0.847375
0
0.311076
0
2.06875
0
2.65491
0
1.43459
0
1.1306
0
0.863991
0
2.64886
0
0.801469
0
0.324595
0
1.42507
0
0.4277
0
1.42605
0
2.27672
0
2.6064
0
2.17713
0
0.246218
0
0.367899
0
0.938234
0
2.01526
0
0.336322
0
0.820349
0
2.31992
0
0.157517
0
0.103366
0
1.75975
0
1.11116
0
2.44757
0
1.52912
0
0.423814
0
2.41467
0
1.27983
0
0.681154
0
2.32621
0
2.10463
0
0.917308
0
1.79626
0
1.08759
0
1.88693
0
0.234528
0
0.615436
0
2.22505
0
0.633461
0
2.60263
0
0.786047
0
2.19233
0
1.17696
0
1.94821
0
2.21092
0
2.65458
0
0.514065
0
0.152283
0
0.473743
0
1.92063
0
0.0230725
0
2.50326
0
1.85378
0
0.777841
0
2.094
0
2.10031
0
0.519002
0
2.65046
0
0.929287
0
2.17387
0
1.61907
0
2.3276
0
2.44906
0
0.79726
0
0.195501
0
0.968392
0
1.51602
0
1.26702
0
1.23411
0
1.45583
0
1.35481
0
1.51779
0
0.419008
0
1.97491
0
2.4132
0
0.775837
0
0.110017
0
1.07408
0
1.74718
0
1.88317
0
0.818458
0
1.47394
0
1.68223
0
1.5033
0
0.674428
0
0.433422
0
2.07449
0
0.0309433
0
1.15006
0
1.13922
0
2.30443
0
1.91456
0
0.554239
0
1.12595
0
2.64744
0
0.404073
0
2.36271
0
0.757417
0
1.1697
0
1.85774
0
1.16598
0
0.187254
0
0.793312
0
0.81375
0
0.710241
0
2.03535
0
1.94182
0
1.34916
0
0.36822
0
2.00325
0
0.908682
0
1.74177
0
1.20371
0
1.08546
0
1.90303
0
1.38587
0
2.54536
0
1.11277
0
1.1564
0
0.279707
0
1.58387
0
1.85493
0
0.762504
0
1.35282
0
2.52119
0
2.10328
0
0.877168
0
0.963015
0
2.62
0
0.960341
0
2.01275
0
2.02301
0
2.65905
0
1.13718
0
1.20407
0
0.817171
0
1.98885
0
1.40156
0
1.01871
0
2.5409
0
2.56512
0
2.34351
0
2.25235
0
1.20455
0
1.33535
0
0.860943
0
1.80399
0
0.379075
0
1.5827
0
1.83629
0
1.29373
0
2.32207
0
1.79644
0
0.360296
0
1.22253
0
1.51024
0
1.63034
0
2.66212
0
0.0630419
0
1.69052
0
1.24933
0
2.09351
0
2.59149
0
2.26072
0
0.98348
0
1.8058
0
1.8427
0
1.38302
0
0.677199
0
2.47599
0
0.823791
0
1.15035
0
2.20209
0
0.00644904
0
1.56761
0
1.18223
0
2.17555
0
2.00695
0
0.75172
0
2.56777
0
2.40429
0
1.2863
0
0.60665
0
0.9132
0
0.104434
0
1.08683
0
0.42587
0
2.1137
0
0.330023
0
0.708835
0
1.47391
0
1.79777
0
0.220859
0
1.75286
0
2.61038
0
0.122371
0
2.24233
0
2.17303
0
0.373019
0
0.701901
0
2.6109
0
2.32547
0
0.828834
0
0.824761
0
0.986878
0
2.40969
0
1.82568
0
1.27999
0
1.53946
0
1.77717
0
2.14534
0
0.815478
0
0.965947
0
0.676957
0
0.879441
0
0.455344
0
1.28057
0
0.45061
0
1.69113
0
0.665475
0
1.08491
0
2.33464
0
0.0144578
0
0.658529
0
1.42148
0
1.55433
0
0.657797
0
1.30299
0
2.27913
0
0.666624
0
0.894178
0
1.11268
0
2.6588
0
0.207497
0
2.18076
0
2.60425
0
0.414885
0
0.162027
0
2.05441
0
1.78645
0
1.91234
0
1.55872
0
1.03082
0
1.21328
0
0.247671
0
1.27952
0
1.40865
0
0.965759
0
0.909656
0
0.0649682
0
1.04318
0
0.748847
0
2.13457
0
0.185237
0
0.0573215
0
1.63508
0
2.39686
0
0.442635
0
2.50669
0
1.02356
0
0.0600973
0
2.28293
0
2.25411
0
0.763915
0
0.599813
0
1.9646
0
1.1799
0
0.613538
0
2.01089
0
0.065419
0
2.26981
0
2.04139
0
2.26862
0
1.85253
0
0.959987
0
0.238542
0
1.89985
0
0.112966
0
1.07369
0
1.11244
0
1.93643
0
1.39748
0
1.90716
0
2.07179
0
1.53404
0
0.347094
0
1.10422
0
1.80253
0
1.39168
0
0.0157459
0
0.931421
0
0.230122
0
0.290871
0
1.14613
0
0.969975
0
0.932351
0
0.728447
0
2.418
0
2.54794
0
2.04827
0
0.125965
0
1.24059
0
0.636488
0
0.12668
0
1.23591
0
0.81268
0
2.55689
0
0.429507
0
2.53239
0
0.110337
0
2.63607
0
1.44645
0
1.47758
0
1.71125
0
1.15178
0
2.11263
0
2.37113
0
0.561323
0
2.35746
0
1.71032
0
1.1563
0
0.542814
0
1.97065
0
0.794359
0
2.32884
0
0.796903
0
0.80346
0
2.17204
0
2.63922
0
2.03199
0
2.09368
0
0.559277
0
0.756144
0
0.678157
0
2.24879
0
0.0675282
0
1.25411
0
1.35363
0
1.43934
0
1.57226
0
1.52592
0
2.46704
0
0.894022
0
0.982237
0
0.282581
0
2.36141
0
1.91475
0
2.59712
0
0.805238
0
1.33954
0
2.19295
0
1.80951
0
0.921397
0
2.05175
0
1.5614
0
0.0959815
0
0.505831
0
1.68578
0
2.30658
0
2.29388
0
0.02373
0
0.512933
0
2.02738
0
1.6084
0
0.973344
0
2.10122
0
0.131166
0
0.42897
0
1.31087
0
1.32852
0
2.14202
0
2.29753
0
1.04376
0
0.718599
0
2.41043
0
1.90489
0
2.59278
0
1.2469
0
1.80281
0
1.71524
0
0.370302
0
1.64995
0
0.852066
0
2.2071
0
2.46621
0
0.189938
0
1.7478
0
1.23995
0
2.28037
0
2.47542
0
2.31672
0
0.668584
0
2.16651
0
2.67254
0
1.26962
0
0.910716
0
2.60103
0
2.30534
0
1.86737
0
1.28504
0
1.09494
0
2.42142
0
2.20107
0
0.830226
0
0.0720672
0
0.740017
0
1.98124
0
2.40506
0
0.516729
0
0.573319
0
2.33619
0
2.30339
0
0.112038
0
2.44721
0
0.924557
0
1.99093
0
2.17596
0
1.15957
0
0.162522
0
2.54626
0
1.23334
0
2.29647
0
2.33968
0
0.926164
0
1.15562
0
2.32617
0
1.29408
0
1.37031
0
1.29089
0
0.809218
0
0.453618
0
0.846913
0
1.81489
0
1.2953
0
1.08109
0
2.27417
0
0.992068
0
1.00505
0
0.605563
0
0.630086
0
0.564503
0
0.901358
0
0.913256
0
1.96007
0
1.6431
0
1.44419
0
2.1098
0
0.374202
0
0.720987
0
1.28384
0
2.56508
0
1.58852
0
1.68344
0
1.36572
0
1.35064
0
1.88126
0
0.633591
0
0.343394
0
1.7461
0
1.63475
0
0.943798
0
1.06991
0
1.01486
0
0.41938
0
1.09055
0
1.74478
0
0.161735
0
2.31281
0
0.372352
0
0.197035
0
0.831342
0
1.99139
0
1.62494
0
1.69242
0
2.5346
0
0.796915
0
2.52229
0
0.970195
0
0.148112
0
1.11078
0
1.40398
0
1.36463
0
1.17674
0
0.221466
0
1.60803
0
2.0956
0
0.570523
0
0.948866
0
1.8408
0
0.257791
0
2.32116
0
0.999014
0
0.421633
0
2.31518
0
2.15266
0
2.32784
0
1.51758
0
0.700934
0
1.16459
0
0.923551
0
0.776098
0
1.35723
0
0.811154
0
0.36019
0
1.8486
0
2.65102
0
2.13521
0
2.05036
0
1.49484
0
2.45651
0
0.24643
0
1.01147
0
1.40379
0
1.13895
0
0.87332
0
1.95663
0
1.49254
0
1.8491
0
1.59076
0
2.42997
0
0.0790693
0
0.00749527
0
1.76657
0
2.25359
0
1.50037
0
0.618952
0
0.944433
0
2.46828
0
2.19849
0
2.46953
0
0.443671
0
0.291816
0
2.28703
0
1.23149
0
0.553875
0
2.29269
0
0.648287
0
1.09781
0
1.7344
0
0.227838
0
0.269242
0
0.488459
0
0.557692
0
1.45271
0
2.29985
0
0.330539
0
0.700063
0
0.191798
0
0.840819
0
0.942263
0
2.29993
0
0.447593
0
2.17909
0
0.811593
0
1.76968
0
0.724432
0
2.57112
0
2.14694
0
1.79736
0
0.955722
0
2.36322
0
2.52292
0
1.19847
0
0.0788762
0
0.872584
0
2.08504
0
0.8977
0
2.36783
0
1.01387
0
1.0479
0
1.54105
0
1.58358
0
1.56154
0
0.0362509
0
1.17209
0
1.53961
0
1.87248
0
0.769235
0
1.79626
0
1.07116
0
1.59398
0
0.318859
0
1.6736
0
1.47818
0
1.2376
0
2.26619
0
1.6323
0
1.22366
0
1.47631
0
0.172912
0
1.73507
0
1.63038
0
2.51038
0
1.32658
0
0.610648
0
1.87129
0
0.656538
0
1.73468
0
0.569638
0
0.455564
0
1.4252
0
0.778382
0
2.25068
0
2.42521
0
1.80277
0
2.47997
0
0.654288
0
0.049107
0
2.35763
0
0.850442
0
1.61171
0
0.997749
0
1.7894
0
0.450439
0
1.14582
0
0.474073
0
0.534537
0
1.348
0
2.37241
0
1.15677
0
0.121029
0
0.389319
0
0.431301
0
2.19379
0
1.15428
0
1.27494
0
1.85289
0
0.459796
0
1.34474
0
2.1871
0
2.34685
0
2.53715
0
1.38631
0
0.988466
0
0.29652
0
0.475518
0
2.35179
0
0.829734
0
1.10917
0
2.02505
0
0.46567
0
1.86515
0
0.154591
0
2.03988
0
0.39407
0
0.404908
0
1.05217
0
0.160719
0
0.143108
0
0.342609
0
2.14432
0
1.9461
0
0.457659
0
0.182558
0
0.646218
0
0.200307
0
2.01541
0
1.5771
0
1.09717
0
0.387083
0
1.99324
0
0.610106
0
2.49695
0
1.93299
0
2.21817
0
0.120953
0
0.58932
0
1.26364
0
2.04842
0
0.0419812
0
2.41175
0
0.605218
0
1.45999
0
0.590642
0
1.73139
0
1.49923
0
2.33078
0
2.56689
0
0.847653
0
1.70129
0
0.677259
0
1.2191
0
0.363068
0
1.90774
0
2.00845
0
0.882791
0
2.13
0
2.18733
0
1.20208
0
2.53498
0
1.28341
0
0.948039
0
2.27552
0
0.0795294
0
2.47551
0
2.62799
0
0.446721
0
0.378989
0
0.989539
0
0.751233
0
1.1473
0
2.00479
0
1.34343
0
2.21692
0
1.25534
0
0.443477
0
1.53453
0
1.59536
0
1.22701
0
0.0916237
0
1.83818
0
2.09243
0
0.596644
0
1.70624
0
1.81562
0
1.24141
0
0.278111
0
2.14111
0
0.67937
0
1.04896
0
1.79929
0
0.418794
0
0.544541
0
1.36913
0
0.05822
0
0.165128
0
2.33719
0
0.206701
0
2.09419
0
0.56775
0
0.999731
0
1.63822
0
1.43587
0
0.957999
0
2.59101
0
0.850971
0
0.63747
0
1.84749
0
1.88528
0
1.28718
0
1.8718
0
1.96017
0
2.54162
0
1.10738
0
0.341993
0
1.45024
0
0.679416
0
2.41287
0
0.990848
0
0.563697
0
2.5606
0
0.858862
0
2.01047
0
1.39415
0
1.81743
0
1.62165
0
0.307432
0
2.49405
0
0.138873
0
2.07501
0
0.274823
0
0.328142
0
0.208006
0
0.413186
0
2.03205
0
2.27313
0
1.94739
0
1.28667
0
0.0911803
0
1.82508
0
1.084
0
0.494862
0
2.31981
0
0.862795
0
0.476592
0
0.781722
0
1.79705
0
2.04518
0
1.53397
0
1.93392
0
1.41098
0
0.554392
0
2.60073
0
2.595
0
1.01143
0
1.74264
0
0.800958
0
1.22593
0
1.82276
0
0.43151
0
1.91024
0
1.42736
0
0.983025
0
0.062943
0
1.04212
0
0.934607
0
0.169226
0
1.32549
0
1.18125
0
0.235196
0
1.90124
0
1.75591
0
0.374824
0
0.37506
0
1.95613
0
0.651838
0
1.60141
0
0.740556
0
2.26777
0
0.377096
0
0.325655
0
1.24805
0
1.15994
0
1.94094
0
0.891239
0
2.25862
0
2.05172
0
2.06693
0
2.28612
0
0.604946
0
0.205164
0
1.07115
0
1.12632
0
2.66423
0
2.43058
0
1.4247
0
1.0278
0
1.27389
0
1.91637
0
1.64119
0
0.451747
0
0.440412
0
1.39357
0
0.290221
0
1.8277
0
1.06539
0
1.53081
0
0.271435
0
1.93268
0
2.23033
0
2.18585
0
0.517863
0
1.11373
0
0.721157
0
2.53746
0
1.57691
0
0.256249
0
0.710786
0
0.250827
0
1.56142
0
0.176839
0
1.76085
0
0.897941
0
2.02815
0
0.0268955
0
1.68997
0
1.5345
0
2.22098
0
1.58189
0
2.65194
0
0.0319465
0
2.14034
0
0.491034
0
1.03798
0
0.302185
0
2.60908
0
0.175909
0
1.31247
0
0.61576
0
0.423193
0
2.26012
0
1.58288
0
2.4116
0
2.14479
0
2.23121
0
2.52339
0
2.61982
0
0.191799
0
1.44434
0
0.132136
0
2.09178
0
0.583704
0
0.0289078
0
2.20692
0
2.15807
0
2.14959
0
1.52111
0
1.68947
0
2.46272
0
1.06342
0
1.62435
0
0.799749
0
1.71607
0
1.59471
0
0.0638903
0
0.204335
0
0.281024
0
0.721457
0
2.44955
0
0.760306
0
1.21312
0
0.533452
0
2.369
0
0.228066
0
0.590905
0
0.918909
0
2.31699
0
0.158193
0
0.657802
0
0.7193
0
0.544831
0
1.7692
0
0.639837
0
0.945499
0
0.582133
0
1.82577
0
1.73705
0
2.19553
0
2.51791
0
1.85736
0
1.91194
0
2.50011
0
0.0632079
0
2.26456
0
1.36487
0
2.33255
0
1.66345
0
0.545824
0
1.86224
0
0.733306
0
2.38768
0
2.16159
0
0.289583
0
1.7214
0
1.09439
0
1.37549
0
1.69295
0
0.366567
0
0.0666311
0
0.200931
0
1.83704
0
2.36771
0
0.307247
0
2.45535
0
1.90538
0
2.10873
0
1.22388
0
1.99594
0
0.438975
0
2.56744
0
1.82643
0
1.63513
0
2.26858
0
2.0715
0
0.241173
0
2.06233
0
1.08795
0
1.30803
0
0.374868
0
1.02672
0
2.33417
0
0.845092
0
1.99333
0
1.82271
0
1.56076
0
2.0731
0
0.447726
0
2.52103
0
2.23335
0
0.931193
0
2.54027
0
1.37144
0
2.34889
0
2.12981
0
0.645327
0
1.39373
0
0.205839
0
0.669525
0
0.272873
0
1.13841
0
0.766263
0
1.15466
0
2.04017
0
1.87435
0
1.45183
0
2.16566
0
1.04236
0
0.641509
0
1.47606
0
1.06494
0
2.3964
0
2.65005
0
2.41867
0
1.91507
0
0.473184
0
2.42059
0
0.260584
0
1.73419
0
2.22695
0
1.91316
0
1.71824
0
1.24209
0
0.751272
0
0.162349
0
0.865149
0
2.17151
0
1.20361
0
1.28992
0
0.718651
0
1.69255
0
1.28084
0
0.219898
0
1.1213
0
2.58329
0
2.63085
0
1.86281
0
1.03532
0
1.40732
0
0.718206
0
2.35888
0
1.3072
0
1.87353
0
1.98084
0
2.65603
0
0.956235
0
1.77707
0
1.71959
0
0.565195
0
2.35076
0
2.41212
0
1.9417
0
2.1859
0
2.67066
0
1.31769
0
1.10132
0
1.54061
0
1.33904
0
1.27516
0
2.32417
0
2.04884
0
1.79907
0
0.697697
0
0.0730476
0
0.192338
0
0.897569
0
1.37486
0
2.29459
0
1.14324
0
2.30721
0
0.0755345
0
0.79038
0
0.640987
0
1.08796
0
1.1501
0
1.75584
0
0.151004
0
2.3829
0
1.93823
0
0.635719
0
0.0539484
0
1.26199
0
0.924825
0
1.12477
0
1.59774
0
1.35883
0
0.107158
0
2.20237
0
0.0731679
0
1.11616
0
1.74202
0
1.18644
0
0.363811
0
0.988888
0
0.753614
0
2.20762
0
2.57945
0
2.15306
0
0.662431
0
0.783112
0
0.64558
0
0.843088
0
2.33386
0
2.23195
0
1.41776
0
1.56242
0
2.62064
0
2.49261
0
0.0115807
0
1.16277
0
1.00177
0
2.09313
0
2.25618
0
1.94334
0
0.367099
0
0.722821
0
2.53584
0
2.51304
0
0.555125
0
2.3836
0
2.29858
0
1.44912
0
1.77693
0
1.32528
0
1.16908
0
0.91461
0
0.891579
0
0.762911
0
0.0863652
0
1.63545
0
1.66864
0
2.07406
0
2.52807
0
0.318449
0
0.347898
0
1.8471
0
1.42033
0
2.46461
0
0.356429
0
0.477934
0
0.482492
0
1.24003
0
0.0316326
0
0.605431
0
1.31346
0
0.710924
0
1.08241
0
0.557927
0
1.55524
0
0.195192
0
1.11826
0
1.32269
0
0.247112
0
1.59083
0
2.30492
0
0.337104
0
0.884267
0
0.368832
0
1.80583
0
1.88765
0
0.982342
0
0.669393
0
0.851275
0
2.47936
0
0.582451
0
0.661469
0
2.65452
0
2.63525
0
2.16947
0
2.40705
0
2.15112
0
1.64498
0
2.12209
0
2.37622
0
1.70011
0
1.59923
0
1.85069
0
1.24203
0
0.558516
0
0.512074
0
2.0152
0
1.26866
0
1.91156
0
0.486655
0
1.34975
0
0.400351
0
0.944979
0
0.351406
0
2.46988
0
1.03025
0
2.56889
0
2.09472
0
2.25252
0
1.55135
0
1.76108
0
0.444284
0
0.927357
0
1.60272
0
2.26178
0
0.225157
0
2.25539
0
2.52451
0
0.145254
0
2.05819
0
0.12014
0
2.53417
0
0.117706
0
1.77157
0
0.905095
0
2.5304
0
0.816591
0
0.530152
0
1.27877
0
0.267319
0
2.32143
0
0.672254
0
0.275214
0
0.583256
0
1.29049
0
1.01068
0
2.41064
0
0.742554
0
0.243258
0
0.739576
0
1.51728
0
2.26348
0
1.96087
0
1.78231
0
1.52226
0
1.90638
0
0.835555
0
0.405841
0
0.182989
0
0.568534
0
0.24136
0
0.95759
0
0.132853
0
1.54517
0
1.00796
0
0.508289
0
2.15252
0
0.688935
0
2.3229
0
2.60317
0
0.400857
0
1.55349
0
1.76974
0
1.78339
0
2.28511
0
2.16451
0
1.9118
0
0.621423
0
2.63826
0
1.03045
0
1.53271
0
1.8559
0
1.68256
0
1.96548
0
1.44059
0
2.11506
0
2.31271
0
1.62474
0
2.30314
0
1.47218
0
2.57179
0
1.56874
0
1.33463
0
0.0854157
0
1.2113
0
2.39017
0
1.49088
0
2.45336
0
0.00388747
0
1.21325
0
0.736524
0
2.1232
0
0.821492
0
0.342638
0
1.42484
0
1.38375
0
2.63506
0
1.14343
0
2.33731
0
2.07381
0
2.30346
0
0.722896
0
2.5499
0
0.440351
0
0.993966
0
2.47505
0
1.27735
0
1.38531
0
2.24149
0
2.07297
0
1.26172
0
0.534069
0
0.825904
0
1.76043
0
0.989379
0
1.32112
0
1.11628
0
0.722311
0
2.29657
0
2.43793
0
0.6569
0
0.0685859
0
1.27243
0
0.589855
0
2.56745
0
1.48412
0
0.4815
0
1.20315
0
0.351307
0
1.12441
0
0.395269
0
0.863773
0
0.0482309
0
0.541365
0
1.69029
0
2.45359
0
0.53436
0
2.44771
0
1.75608
0
2.6744
0
1.40085
0
1.78272
0
2.23025
0
1.79334
0
2.49702
0
0.482429
0
0.0732393
0
0.519425
0
0.225777
0
0.907382
0
1.45009
0
1.15392
0
1.99724
0
1.7804
0
1.84577
0
2.08263
0
0.538214
0
1.82025
0
1.28356
0
2.05311
0
2.3637
0
1.08131
0
0.0829679
0
1.99889
0
1.50489
0
1.51893
0
0.418506
0
0.503328
0
1.06306
0
0.575125
0
2.42182
0
0.490467
0
1.36737
0
2.61415
0
0.671284
0
1.1365
0
1.1509
0
2.15926
0
1.88144
0
2.37318
0
0.545964
0
0.0383205
0
0.558144
0
2.19713
0
0.913355
0
0.811923
0
1.3069
0
0.532422
0
0.869459
0
1.58548
0
1.68436
0
2.65859
0
2.08293
0
0.465649
0
0.374029
0
1.33628
0
1.59869
0
2.58101
0
1.5248
0
0.214042
0
1.06822
0
0.70654
0
2.62312
0
0.40808
0
2.06471
0
0.877404
0
1.05465
0
2.38033
0
1.03994
0
0.0930462
0
0.906704
0
0.896076
0
0.272093
0
0.483547
0
2.00428
0
1.04324
0
0.797494
0
2.10687
0
2.19998
0
0.148211
0
1.22175
0
2.39511
0
2.04389
0
0.458359
0
1.7783
0
0.720329
0
2.18456
0
2.47818
0
0.706485
0
0.5089
0
1.26013
0
2.32759
0
2.529
0
0.190639
0
1.48066
0
1.28783
0
0.463235
0
0.805575
0
1.30403
0
1.0734
0
1.89731
0
1.91027
0
0.0249826
0
1.1291
0
0.377268
0
1.65034
0
0.91564
0
0.414888
0
0.612781
0
0.277675
0
0.352907
0
2.42484
0
2.64452
0
1.3939
0
1.24841
0
2.40689
0
1.93336
0
0.429683
0
1.5478
0
1.40828
0
1.94162
0
1.64601
0
0.994715
0
2.04278
0
1.57873
0
1.06894
0
0.674414
0
1.33953
0
1.49254
0
2.56235
0
2.24292
0
2.51213
0
1.89203
0
0.357044
0
1.71632
0
1.08968
0
1.42816
0
1.93809
0
2.6132
0
1.08201
0
2.38244
0
0.511664
0
1.29402
0
1.87875
0
0.334521
0
0.601969
0
1.9147
0
1.16892
0
2.5152
0
0.136958
0
2.50109
0
0.227504
0
1.94024
0
1.82979
0
0.110656
0
1.70155
0
1.4313
0
1.99898
0
1.39216
0
1.80887
0
0.0179659
0
0.833437
0
0.4275
0
0.307345
0
0.104153
0
1.98915
0
1.46493
0
0.107258
0
0.692312
0
0.788452
0
0.232307
0
2.03367
0
1.74482
0
0.241926
0
1.08836
0
0.587792
0
1.14895
0
2.12736
0
0.463131
0
2.15418
0
0.537545
0
1.62584
0
2.15832
0
1.88327
0
0.184438
0
0.301445
0
0.0257023
0
1.66858
0
2.35182
0
0.0818753
0
2.4961
0
0.952939
0
0.706986
0
1.01678
0
2.60238
0
0.208698
0
0.357736
0
2.54744
0
2.64191
0
1.17218
0
2.36875
0
0.411223
0
0.295022
0
0.437041
0
2.42078
0
1.79747
0
1.85485
0
1.11342
0
1.36886
0
1.28061
0
0.0704695
0
2.11927
0
1.67062
0
0.393555
0
1.73444
0
1.87786
0
2.0231
0
0.388993
0
1.23014
0
2.52445
0
2.2164
0
1.26169
0
1.13579
0
1.11055
0
1.83587
0
0.683168
0
1.87308
0
1.41328
0
1.86209
0
0.74228
0
1.1568
0
1.05682
0
0.512804
0
2.41337
0
0.649052
0
2.17863
0
1.3506
0
0.873814
0
1.03826
0
1.02191
0
0.140307
0
2.6051
0
2.29937
0
1.02681
0
1.86238
0
2.4074
0
2.45451
0
1.56851
0
0.196101
0
1.28044
0
0.199138
0
0.135576
0
0.480969
0
0.0734872
0
0.294597
0
2.47386
0
1.89103
0
2.43343
0
2.48337
0
0.911311
0
1.37343
0
1.67497
0
1.283
0
0.247887
0
2.18281
0
1.46881
0
0.250927
0
1.69714
0
1.03647
0
1.38857
0
2.0483
0
2.57077
0
1.12868
0
1.64713
0
0.133348
0
0.114724
0
2.29298
0
0.0447049
0
1.99464
0
1.55162
0
0.977797
0
0.0689055
0
2.19408
0
2.26808
0
2.41047
0
2.11344
0
2.34355
0
0.193317
0
1.43468
0
0.361223
0
1.55238
0
1.30502
0
0.750262
0
0.449306
0
1.20416
0
1.29756
0
2.6515
0
1.09312
0
0.828955
0
0.760609
0
2.39235
0
0.764865
0
0.95611
0
2.11374
0
0.64319
0
1.8713
0
1.37664
0
2.10026
0
1.70732
0
2.2667
0
1.45982
0
2.44242
0
1.41244
0
1.57858
0
1.98465
0
0.247281
0
2.15854
0
0.893737
0
1.31869
0
1.6395
0
1.77642
0
2.1909
0
0.768803
0
2.51927
0
0.132079
0
2.4485
0
0.784304
0
1.80214
0
2.25599
0
1.89745
0
0.634611
0
0.750422
0
1.76389
0
2.18424
0
2.12407
0
1.91703
0
1.88332
0
0.935656
0
2.59343
0
0.264405
0
0.684581
0
1.87269
0
1.44648
0
1.23288
0
0.57387
0
0.00911671
0
2.41378
0
0.286589
0
1.90758
0
2.52253
0
1.80317
0
1.60132
0
0.296253
0
2.59155
0
2.00826
0
2.17959
0
2.40959
0
0.752554
0
1.40511
0
0.0417795
0
0.832943
0
1.35364
0
0.0413268
0
2.30714
0
1.50762
0
2.63635
0
2.65365
0
2.25573
0
0.238169
0
2.26782
0
1.15301
0
0.2637
0
0.646698
0
1.19577
0
2.16328
0
1.20444
0
0.0374698
0
0.363006
0
1.77004
0
2.56095
0
0.358961
0
0.772989
0
2.45863
0
0.353455
0
1.66479
0
2.2907
0
0.154132
0
1.00884
0
2.54354
0
0.676181
0
1.58849
0
0.870132
0
0.0983899
0
1.3743
0
0.785705
0
0.627556
0
1.85924
0
2.26809
0
1.23676
0
0.971065
0
0.136015
0
1.6509
0
2.29469
0
2.32905
0
2.02959
0
1.82546
0
1.37798
0
0.176723
0
0.219998
0
1.72245
0
2.15432
0
0.546303
0
1.40736
0
2.42547
0
0.536415
0
0.539677
0
0.30242
0
0.982732
0
2.36321
0
2.32773
0
2.4976
0
0.786656
0
0.0664523
0
0.613398
0
0.359065
0
1.70368
0
2.34241
0
1.36003
0
1.37154
0
1.44584
0
1.82742
0
0.679193
0
0.654299
0
1.10352
0
0.275448
0
2.2256
0
0.0940545
0
1.41145
0
0.738196
0
0.977998
0
0.948292
0
1.79994
0
0.00444707
0
1.81641
0
1.09666
0
1.53603
0
2.18211
0
0.383227
0
0.110328
0
2.00683
0
1.04569
0
2.02507
0
1.14728
0
1.88608
0
0.0630722
0
0.871812
0
1.8123
0
1.3582
0
1.09607
0
0.368767
0
1.93025
0
1.56811
0
1.42178
0
1.35801
0
0.167184
0
0.849136
0
0.416543
0
0.168288
0
1.45984
0
1.13751
0
2.67733
0
2.10138
0
2.4803
0
1.77273
0
0.719923
0
0.0533636
0
0.0766803
0
2.10721
0
1.59584
0
2.34616
0
2.34222
0
2.12999
0
2.24779
0
1.79857
0
0.936846
0
2.44375
0
1.46951
0
0.257974
0
1.81714
0
0.763324
0
0.980287
0
0.174816
0
0.666418
0
1.30758
0
2.63417
0
0.306867
0
1.89035
0
2.49141
0
0.23898
0
0.306823
0
0.202509
0
1.57477
0
0.676584
0
1.42534
0
0.248739
0
1.0518
0
0.878235
0
0.121708
0
1.4748
0
0.851259
0
1.35878
0
2.48408
0
0.522255
0
0.594125
0
0.388975
0
0.494662
0
2.28369
0
0.923245
0
0.073785
0
2.0918
0
1.14443
0
1.98869
0
1.56504
0
1.72963
0
0.0422855
0
0.617987
0
2.42234
0
2.36371
0
0.0163479
0
2.50069
0
2.018
0
1.95735
0
1.99019
0
0.133414
0
0.307189
0
0.152005
0
2.17917
0
1.67774
0
1.55336
0
1.60522
0
2.51675
0
1.20946
0
0.29112
0
1.67934
0
2.04517
0
0.956006
0
2.53241
0
2.01773
0
2.5969
0
2.23713
0
1.31514
0
0.074682
0
0.583757
0
1.1902
0
1.53383
0
1.63753
0
1.21192
0
0.760488
0
0.774451
0
2.61144
0
1.56588
0
0.164866
0
1.69661
0
0.125812
0
1.02716
0
0.277104
0
0.127287
0
2.53419
0
1.96962
0
0.632593
0
1.23205
0
1.92155
0
1.56929
0
0.716307
0
0.739836
0
0.129281
0
1.88834
0
1.19469
0
2.02183
0
2.50936
0
0.46574
0
0.585708
0
0.44243
0
1.71357
0
0.264265
0
1.75172
0
0.899077
0
2.54029
0
1.85126
0
0.359582
0
0.397783
0
0.540491
0
1.98792
0
0.442724
0
0.31306
0
0.256002
0
0.579618
0
0.452005
0
2.13443
0
0.82419
0
0.234513
0
2.29182
0
1.82935
0
0.25071
0
2.12157
0
1.80872
0
1.44788
0
1.85028
0
0.495683
0
2.03338
0
1.52731
0
2.67807
0
1.62119
0
0.552441
0
2.64968
0
2.25485
0
2.48719
0
2.31328
0
2.02693
0
0.194661
0
1.36096
0
1.09171
0
0.594278
0
0.168016
0
1.2623
0
1.92297
0
1.09414
0
1.80881
0
0.0559615
0
2.10483
0
0.61231
0
1.19789
0
1.20682
0
0.361854
0
0.878539
0
0.446633
0
0.886082
0
1.44875
0
0.735097
0
0.214095
0
0.760712
0
0.706244
0
0.425582
0
2.24732
0
2.52738
0
1.04432
0
0.35219
0
0.955054
0
1.57524
0
1.27941
0
2.37657
0
1.11124
0
1.43395
0
1.0692
0
0.792619
0
1.97607
0
1.80585
0
0.802619
0
0.802946
0
0.607678
0
2.53595
0
0.629608
0
2.28501
0
1.42567
0
0.68791
0
0.806985
0
0.869295
0
1.98683
0
0.255829
0
2.36448
0
0.57309
0
0.843319
0
0.241221
0
2.21384
0
1.61459
0
0.91427
0
0.934814
0
0.838236
0
0.27545
0
1.45629
0
2.51221
0
2.50287
0
1.92323
0
1.56484
0
0.723758
0
0.376384
0
1.97731
0
1.9701
0
0.255817
0
0.377758
0
0.569227
0
2.24533
0
2.60158
0
1.63858
0
1.34356
0
2.57514
0
2.05503
0
1.50635
0
1.47393
0
2.12211
0
1.82527
0
0.0907555
0
1.07724
0
0.656062
0
1.78377
0
2.04159
0
1.66287
0
1.76237
0
0.928593
0
0.606802
0
1.96507
0
2.51759
0
2.34446
0
0.730541
0
0.278071
0
0.516173
0
1.29748
0
1.56047
0
2.1277
0
2.33297
0
2.303
0
1.74303
0
1.73848
0
2.10207
0
1.4042
0
1.10536
0
1.846
0
1.28492
0
1.65811
0
2.13638
0
0.753529
0
1.36121
0
1.2178
0
0.2412
0
1.11441
0
1.44873
0
2.08191
0
0.398449
0
2.64529
0
1.54277
0
1.40471
0
0.274094
0
1.51917
0
0.0334686
0
2.11182
0
1.12339
0
0.936089
0
0.239696
0
2.5085
0
1.24573
0
1.99479
0
1.57905
0
1.98858
0
0.219922
0
1.38003
0
0.559043
0
0.334757
0
0.117967
0
1.125
0
2.39036
0
1.66243
0
1.9781
0
2.04515
0
0.308734
0
0.187408
0
0.376035
0
1.37755
0
2.32794
0
1.03639
0
2.58109
0
0.0503206
0
1.13482
0
1.73598
0
1.34454
0
2.17543
0
1.61695
0
2.4341
0
1.38901
0
2.26884
0
2.4833
0
1.6268
0
1.39016
0
1.40505
0
2.38414
0
1.38231
0
0.36938
0
2.33481
0
1.41652
0
2.10466
0
0.189593
0
0.0130124
0
1.23621
0
1.53235
0
0.552734
0
0.305601
0
0.311424
0
0.334361
0
1.11361
0
0.98818
0
1.67972
0
0.835768
0
0.0185729
0
0.0674706
0
2.01675
0
0.892047
0
1.47849
0
1.64566
0
1.68456
0
1.38004
0
1.93916
0
1.25187
0
0.403175
0
2.49476
0
1.07743
0
0.471859
0
0.886782
0
1.52475
0
2.13833
0
0.356961
0
0.857679
0
2.39125
0
0.742748
0
1.2163
0
2.42396
0
2.30073
0
1.26773
0
2.35218
0
0.856718
0
2.57974
0
2.65971
0
1.29966
0
1.07171
0
1.47739
0
0.503303
0
2.06566
0
2.39567
0
0.461627
0
1.38627
0
2.08899
0
0.24867
0
0.319596
0
0.0137404
0
0.549185
0
1.83764
0
1.87117
0
0.198388
0
2.27901
0
0.621696
0
1.83762
0
1.64111
0
2.63688
0
1.46186
0
0.434714
0
0.0725006
0
1.02096
0
0.899453
0
1.82625
0
2.51222
0
0.228415
0
2.5913
0
0.174167
0
0.538664
0
1.13744
0
1.22472
0
1.44286
0
0.747233
0
1.0948
0
0.149189
0
2.54401
0
2.37993
0
1.36898
0
2.37696
0
2.40325
0
2.50792
0
1.0588
0
1.89938
0
0.853095
0
1.18781
0
0.604575
0
2.35615
0
2.44392
0
1.93969
0
0.487614
0
0.16787
0
0.909388
0
2.11373
0
1.14678
0
1.08193
0
0.951221
0
2.22988
0
0.612492
0
0.0788456
0
2.21703
0
1.58801
0
0.0703205
0
2.45963
0
2.34154
0
1.81089
0
0.235156
0
0.548336
0
1.02328
0
0.622301
0
0.152032
0
0.800999
0
2.592
0
2.29124
0
0.316206
0
2.4054
0
1.76324
0
1.29062
0
0.314753
0
0.657314
0
0.424227
0
0.096578
0
1.28695
0
2.66055
0
1.77603
0
0.382956
0
1.44935
0
0.858347
0
1.92324
0
2.30212
0
0.697136
0
1.52687
0
1.75047
0
1.65375
0
1.53274
0
1.53056
0
1.0388
0
1.55587
0
1.36148
0
0.979366
0
1.47025
0
1.61985
0
2.56604
0
0.701664
0
0.189211
0
1.65028
0
1.19986
0
1.40368
0
1.62252
0
0.492393
0
0.361914
0
2.31847
0
0.582744
0
1.10011
0
1.52032
0
2.32048
0
1.34948
0
1.27868
0
2.3453
0
1.35957
0
1.95469
0
2.49903
0
0.894415
0
2.37122
0
2.37358
0
2.38606
0
0.786076
0
0.505567
0
0.082355
0
2.15352
0
2.44697
0
2.25986
0
0.947463
0
0.809545
0
0.750905
0
1.54003
0
0.247411
0
1.387
0
2.13261
0
1.45153
0
1.10191
0
1.45526
0
2.33844
0
1.86489
0
1.99226
0
0.206015
0
0.972733
0
1.03497
0
1.17815
0
1.05462
0
2.45805
0
0.318784
0
1.51159
0
0.669052
0
2.59155
0
2.40105
0
0.205671
0
0.542878
0
0.725711
0
1.69592
0
2.02193
0
1.02209
0
1.75893
0
1.98694
0
0.345836
0
0.744652
0
1.49859
0
0.957148
0
1.76175
0
0.688716
0
0.822538
0
0.110287
0
2.30652
0
1.94465
0
0.448074
0
0.0424624
0
0.455077
0
2.46837
0
0.0720659
0
1.62247
0
1.72016
0
1.91277
0
0.849896
0
1.30907
0
2.07504
0
2.33081
0
1.72197
0
0.895162
0
1.51659
0
2.49983
0
0.568014
0
2.03212
0
0.364938
0
2.37436
0
1.45354
0
0.483698
0
0.143948
0
2.62787
0
1.90216
0
2.16054
0
0.53828
0
1.88274
0
1.95651
0
0.670903
0
1.45802
0
2.39997
0
0.766437
0
1.98535
0
0.129131
0
1.02716
0
0.0673231
0
0.0946149
0
0.556243
0
0.115583
0
1.00245
0
0.586791
0
1.78127
0
1.37437
0
0.829917
0
1.13697
0
2.20749
0
0.764963
0
2.3457
0
0.19268
0
1.17944
0
0.605418
0
0.680984
0
0.70776
0
2.43764
0
2.0893
0
0.939771
0
0.3276
0
1.49358
0
0.0992754
0
2.35819
0
0.833949
0
2.36973
0
0.643521
0
1.35926
0
1.1771
0
0.0597226
0
1.42454
0
1.12543
0
1.6576
0
1.31224
0
1.30663
0
2.55254
0
1.89423
0
1.8542
0
1.21449
0
1.17828
0
1.70457
0
1.78586
0
1.84425
0
1.19132
0
1.25977
0
2.4025
0
2.10751
0
1.75138
0
2.2539
0
2.57438
0
1.26962
0
0.0774351
0
1.42969
0
0.409841
0
1.99352
0
2.04593
0
0.787703
0
1.07314
0
1.37222
0
2.24776
0
1.53797
0
0.949243
0
0.0800139
0
2.42466
0
2.53808
0
2.32003
0
0.898485
0
2.27785
0
2.47443
0
0.873546
0
0.560519
0
1.63577
0
0.192392
0
1.70928
0
2.36903
0
1.53007
0
1.21662
0
0.885932
0
2.61711
0
1.27501
0
0.43963
0
0.448044
0
0.793379
0
1.21823
0
2.33566
0
1.93146
0
1.81263
0
1.15285
0
2.58917
0
1.2705
0
0.502623
0
2.26199
0
1.67524
0
0.247576
0
2.08889
0
1.95217
0
0.338149
0
0.922133
0
1.25667
0
0.501178
0
0.279294
0
1.43402
0
1.57459
0
0.775436
0
1.80099
0
0.747407
0
1.46159
0
2.45056
0
1.36969
0
1.16582
0
2.31579
0
1.35348
0
2.59294
0
1.90606
0
1.66253
0
1.55757
0
1.8059
0
2.1917
0
2.54933
0
1.62334
0
1.02133
0
0.0466209
0
1.8629
0
1.95802
0
0.743836
0
2.24995
0
0.415266
0
1.05161
0
0.481447
0
2.59347
0
2.09957
0
2.04425
0
2.26261
0
1.94919
0
1.30183
0
0.662835
0
1.74509
0
0.523462
0
1.65341
0
2.32762
0
0.545244
0
1.65487
0
0.380328
0
1.42226
0
2.61075
0
2.35381
0
1.56891
0
1.12181
0
1.71766
0
1.21918
0
2.64243
0
2.61855
0
1.45777
0
2.30595
0
0.0796735
0
1.61148
0
0.437309
0
0.938895
0
1.60794
0
0.03856
0
1.5956
0
2.36525
0
1.93647
0
2.27056
0
1.46227
0
2.42701
0
2.55532
0
1.50327
0
2.27425
0
2.20855
0
0.351471
0
1.99247
0
2.26231
0
2.02058
0
1.34043
0
1.0559
0
1.64542
0
1.58487
0
1.77225
0
1.48627
0
2.35017
0
2.11235
0
1.49458
0
1.43493
0
0.118683
0
1.19352
0
1.53834
0
1.04011
0
1.06425
0
2.46584
0
0.71109
0
1.40152
0
2.05286
0
1.32442
0
1.11483
0
0.197354
0
1.5629
0
0.552452
0
1.62727
0
2.58996
0
1.144
0
2.33914
0
0.425052
0
0.0215406
0
0.657121
0
1.00357
0
0.379194
0
1.49366
0
0.505125
0
2.56661
0
0.353199
0
1.12687
0
1.77539
0
1.32789
0
0.684858
0
1.11855
0
2.4848
0
0.801431
0
1.27928
0
2.29102
0
2.06912
0
2.56214
0
2.03414
0
1.62695
0
0.326323
0
0.0757552
0
1.42326
0
0.60678
0
0.311569
0
1.86693
0
1.91674
0
1.33659
0
0.541161
0
2.46216
0
1.79754
0
2.154
0
2.66451
0
1.61269
0
1.24982
0
0.51425
0
1.56046
0
0.242197
0
1.52119
0
0.0553328
0
0.869646
0
2.18445
0
1.43772
0
2.23477
0
0.653879
0
1.14162
0
2.21718
0
2.22433
0
1.23094
0
0.394456
0
0.76709
0
0.76544
0
1.13512
0
1.54444
0
2.43502
0
0.761789
0
2.4493
0
0.388506
0
1.99553
0
1.20654
0
1.47498
0
0.660998
0
1.59805
0
1.37307
0
1.31035
0
2.21164
0
0.481697
0
2.0128
0
2.24849
0
0.752044
0
2.50366
0
0.715019
0
0.959102
0
1.72386
0
1.87069
0
2.24972
0
1.40466
0
0.851139
0
1.87219
0
2.60704
0
0.200774
0
1.30352
0
2.61275
0
1.49807
0
0.932571
0
1.14382
0
1.17761
0
2.14269
0
1.85633
0
2.15331
0
1.23914
0
0.0735308
0
2.26028
0
2.39047
0
2.26226
0
0.597459
0
1.68495
0
1.7913
0
1.28135
0
0.192201
0
2.62021
0
1.42632
0
1.67514
0
1.53414
0
0.302471
0
2.1447
0
1.90558
0
0.476701
0
2.67003
0
0.440986
0
1.99839
0
1.58837
0
1.34203
0
1.88234
0
2.27066
0
1.86011
0
1.45246
0
1.6724
0
1.89709
0
2.22288
0
0.524057
0
2.53379
0
2.37367
0
0.01404
0
2.41096
0
0.0771035
0
2.35977
0
2.48143
0
0.627933
0
0.966564
0
0.327735
0
1.37571
0
0.976549
0
2.42886
0
1.09665
0
1.36588
0
1.09926
0
1.95564
0
1.17923
0
0.7644
0
1.38104
0
0.168189
0
2.20381
0
1.65155
0
0.195252
0
0.0836971
0
0.306523
0
2.13434
0
0.41992
0
0.517047
0
0.22179
0
1.11709
0
0.648164
0
0.994228
0
1.22711
0
1.94969
0
1.79969
0
1.38231
0
2.1473
0
2.32124
0
2.19261
0
0.12415
0
1.18456
0
0.517127
0
0.211188
0
1.10248
0
0.200655
0
1.75748
0
0.0283205
0
2.54203
0
0.0461582
0
1.80081
0
1.93184
0
1.22024
0
0.738696
0
1.62609
0
2.48075
0
0.830076
0
1.57186
0
0.612795
0
0.702386
0
0.733681
0
1.61388
0
1.25221
0
1.65192
0
0.476641
0
1.63088
0
1.37521
0
0.981798
0
2.6317
0
2.48479
0
2.33012
0
0.232512
0
0.0716535
0
1.65638
0
1.67472
0
1.24525
0
1.16183
0
0.924362
0
0.957846
0
0.315708
0
1.77918
0
2.53628
0
2.65936
0
0.457924
0
1.01304
0
0.205887
0
2.3028
0
0.748069
0
2.5565
0
1.24773
0
0.759154
0
1.19868
0
2.43792
0
1.73863
0
0.474728
0
2.53843
0
1.67074
0
2.41179
0
1.67749
0
0.111572
0
0.68441
0
0.626579
0
1.25399
0
1.31115
0
0.66147
0
0.0829347
0
1.55734
0
1.62933
0
1.96202
0
0.437974
0
1.83019
0
1.79076
0
1.89604
0
1.57353
0
0.541794
0
0.0756432
0
0.805968
0
0.269903
0
0.499474
0
0.366223
0
0.869459
0
1.92804
0
0.272905
0
2.57721
0
0.641233
0
1.66846
0
0.0339059
0
0.66442
0
1.97124
0
0.398091
0
1.385
0
1.2031
0
1.02343
0
2.17653
0
0.670986
0
1.95275
0
1.80555
0
0.499967
0
1.92135
0
1.24464
0
2.39249
0
0.246224
0
1.14118
0
0.346274
0
0.121807
0
1.00207
0
1.69022
0
2.10338
0
0.160797
0
0.243196
0
0.488827
0
0.627691
0
0.212938
0
1.72617
0
0.173995
0
1.53684
0
0.382686
0
1.86576
0
0.103481
0
2.20218
0
0.492663
0
1.87255
0
2.01548
0
2.11373
0
1.27702
0
0.988586
0
1.45866
0
1.83148
0
2.37982
0
2.31003
0
0.0373822
0
1.81044
0
0.0399144
0
0.92818
0
0.314984
0
1.80236
0
0.28185
0
1.95704
0
1.16751
0
2.60512
0
0.100865
0
2.57149
0
0.515824
0
2.13293
0
2.3453
0
2.42849
0
0.803055
0
1.09591
0
0.114084
0
1.41066
0
1.51341
0
0.561866
0
0.468021
0
1.02398
0
0.326468
0
0.283339
0
0.175064
0
1.56034
0
0.59791
0
1.86016
0
1.06723
0
0.151175
0
2.00052
0
0.276378
0
0.90441
0
0.805072
0
2.32692
0
0.265592
0
2.41552
0
0.205562
0
1.34406
0
0.624222
0
2.44343
0
1.52796
0
0.0760428
0
1.0038
0
0.471629
0
2.28226
0
1.72533
0
0.563012
0
1.76935
0
0.0910992
0
0.926494
0
1.30819
0
1.83953
0
0.926965
0
2.0243
0
0.810322
0
2.1068
0
2.04075
0
1.02317
0
2.56245
0
2.2128
0
1.26649
0
0.756365
0
0.50817
0
0.0595542
0
1.4594
0
1.64153
0
1.16546
0
0.80299
0
1.30344
0
0.819528
0
1.19374
0
0.448189
0
0.276969
0
2.34366
0
1.67482
0
1.53951
0
1.13308
0
1.89017
0
2.63536
0
2.04794
0
0.709253
0
1.44633
0
0.697213
0
1.73124
0
1.85889
0
1.23627
0
2.17386
0
2.18129
0
1.70528
0
1.8445
0
0.062282
0
2.45536
0
1.46975
0
0.710544
0
1.00633
0
2.2385
0
0.247173
0
0.547841
0
1.21009
0
0.437054
0
0.348097
0
2.16554
0
1.66423
0
1.62406
0
2.58488
0
1.83637
0
1.07287
0
0.978825
0
0.443289
0
2.44233
0
2.22309
0
2.30059
0
1.19334
0
1.92026
0
0.226396
0
2.35073
0
0.212775
0
1.62572
0
1.87329
0
2.37635
0
0.421304
0
0.151099
0
2.12103
0
1.70286
0
2.35939
0
2.48114
0
0.748733
0
0.43644
0
0.05996
0
1.98869
0
1.62137
0
2.26597
0
2.08155
0
1.19368
0
2.04725
0
1.93793
0
0.874869
0
1.00748
0
1.17669
0
0.118127
0
0.741576
0
0.38141
0
1.92527
0
0.0806883
0
0.796441
0
1.77618
0
0.660007
0
0.285059
0
0.163649
0
1.49545
0
1.14818
0
1.98232
0
2.39128
0
2.01765
0
0.312682
0
0.0068057
0
0.0321064
0
0.62051
0
1.68994
0
0.41639
0
2.49818
0
2.18114
0
1.62533
0
0.941081
0
1.00136
0
1.28097
0
1.21821
0
1.2985
0
2.11346
0
2.33302
0
0.271098
0
0.208807
0
2.60408
0
0.448112
0
2.48635
0
1.68619
0
2.38114
0
1.62842
0
0.430405
0
2.08848
0
0.76687
0
0.9909
0
1.67032
0
1.41504
0
1.60998
0
1.84258
0
0.739386
0
0.78794
0
0.843667
0
0.548469
0
2.45378
0
1.08414
0
0.847434
0
2.49529
0
0.684805
0
1.6012
0
0.824126
0
2.63173
0
1.84388
0
1.8481
0
2.18314
0
2.04955
0
2.17714
0
2.37315
0
1.70233
0
1.92402
0
0.535122
0
2.05735
0
1.10762
0
2.34567
0
1.58319
0
0.391365
0
1.83637
0
2.06373
0
1.26582
0
1.45606
0
0.829908
0
2.63755
0
1.02714
0
0.648191
0
1.11821
0
1.21446
0
1.26136
0
1.36286
0
0.683385
0
1.14249
0
1.67446
0
2.14589
0
1.38525
0
1.83448
0
2.13101
0
2.59518
0
0.986632
0
1.10778
0
0.0755409
0
1.49878
0
0.985946
0
1.35609
0
0.537959
0
0.0982639
0
1.03289
0
0.262154
0
1.24276
0
1.59896
0
0.341455
0
0.984221
0
2.50248
0
2.28045
0
1.60137
0
0.849343
0
1.29973
0
0.818291
0
0.349697
0
0.477581
0
1.8845
0
0.483865
0
1.15873
0
2.56231
0
2.47654
0
2.35311
0
2.21438
0
1.98008
0
1.58118
0
1.29492
0
1.11139
0
0.21118
0
0.317932
0
0.613068
0
1.07871
0
1.87025
0
0.875961
0
2.51939
0
2.02096
0
0.186239
0
0.325104
0
2.41652
0
1.34778
0
0.13191
0
2.35224
0
0.133735
0
0.745582
0
1.50193
0
0.435649
0
0.795649
0
0.204875
0
2.2814
0
2.01227
0
1.87997
0
2.28246
0
1.42457
0
1.10819
0
0.883366
0
1.53338
0
2.17152
0
0.601537
0
0.205637
0
1.7866
0
1.54194
0
1.32321
0
0.0724829
0
0.886612
0
1.43545
0
0.380617
0
0.624917
0
1.03228
0
0.138037
0
2.54885
0
0.555879
0
0.588842
0
2.67841
0
0.654993
0
2.23935
0
2.41467
0
0.137901
0
0.136885
0
0.817205
0
1.54552
0
2.33327
0
2.28247
0
1.90193
0
1.49821
0
2.5216
0
1.97669
0
2.2011
0
1.7715
0
2.33773
0
1.81875
0
0.518705
0
1.57345
0
0.640146
0
1.98597
0
2.25596
0
2.30044
0
0.575433
0
0.532715
0
0.418859
0
2.57333
0
1.39145
0
1.64774
0
1.82678
0
0.118925
0
1.16252
0
0.206175
0
2.17772
0
2.24373
0
0.0276774
0
1.90157
0
0.307993
0
1.67365
0
1.31119
0
1.17124
0
2.06237
0
1.76185
0
2.43864
0
0.0170501
0
1.34387
0
1.32882
0
2.09402
0
2.27914
0
2.12726
0
1.80103
0
0.752776
0
1.05531
0
0.140309
0
1.37739
0
1.15703
0
0.512534
0
1.48782
0
2.52786
0
0.128866
0
0.646768
0
0.110659
0
2.18588
0
1.80713
0
1.1056
0
0.023162
0
0.616707
0
0.0528713
0
0.480191
0
0.475032
0
1.65952
0
2.5732
0
0.475014
0
0.868996
0
1.86378
0
2.11203
0
0.0376031
0
1.23814
0
0.378281
0
0.301677
0
0.481914
0
2.3471
0
1.37724
0
0.654598
0
2.56629
0
0.37367
0
0.440626
0
1.56733
0
2.3299
0
1.22259
0
1.91551
0
0.439852
0
0.676779
0
0.05719
0
2.62428
0
2.45371
0
2.67753
0
0.171446
0
0.777258
0
2.29763
0
2.44407
0
2.52124
0
1.29016
0
2.585
0
1.49241
0
0.435976
0
1.14351
0
0.0598997
0
0.170808
0
0.800081
0
1.10175
0
0.542712
0
0.367032
0
1.08216
0
0.672464
0
1.91224
0
2.6201
0
2.43592
0
0.702627
0
2.31277
0
2.39185
0
0.407564
0
2.41914
0
1.44445
0
2.17599
0
2.0773
0
1.99018
0
1.31887
0
1.89584
0
0.343156
0
2.5793
0
0.419352
0
0.632087
0
1.7353
0
1.66706
0
0.201
0
2.13071
0
2.14909
0
1.61222
0
2.19331
0
2.60717
0
0.0195654
0
2.30487
0
1.32068
0
0.0316958
0
1.97978
0
2.59249
0
2.64639
0
0.597753
0
0.976041
0
1.1901
0
0.652777
0
0.435934
0
1.9484
0
0.290334
0
2.65314
0
2.64682
0
1.1353
0
2.65284
0
1.70772
0
0.578452
0
1.24972
0
2.55894
0
0.052494
0
2.47522
0
2.36157
0
1.17249
0
2.17821
0
1.40148
0
2.54766
0
1.22661
0
2.15889
0
1.29843
0
1.43806
0
0.861646
0
0.574935
0
2.29363
0
0.225799
0
2.48507
0
0.829531
0
1.57554
0
1.49099
0
1.81895
0
0.543951
0
0.723129
0
2.39987
0
1.38891
0
2.36502
0
0.818458
0
0.665165
0
1.47076
0
1.21657
0
0.863757
0
1.52963
0
2.03045
0
1.24591
0
2.64887
0
2.39278
0
0.439122
0
1.67663
0
1.55542
0
0.219962
0
0.674171
0
0.0497489
0
1.31644
0
1.84649
0
2.34118
0
1.46142
0
1.95804
0
1.26268
0
0.349286
0
1.24508
0
1.05887
0
2.43754
0
0.759385
0
2.01887
0
1.57826
0
1.58188
0
0.951269
0
1.4423
0
1.71417
0
2.59146
0
2.65992
0
1.1418
0
1.03204
0
1.0687
0
0.503163
0
2.29418
0
1.41234
0
2.55673
0
0.473552
0
0.877859
0
1.01814
0
2.58703
0
1.97176
0
1.62719
0
0.044488
0
1.1094
0
1.08132
0
1.18097
0
2.5642
0
2.1627
0
1.30372
0
0.085645
0
2.01568
0
0.896632
0
0.773281
0
2.1463
0
1.86419
0
0.57573
0
0.343913
0
1.64542
0
0.87187
0
1.1562
0
0.0846934
0
0.417883
0
2.13927
0
0.325078
0
1.11637
0
0.776054
0
0.78584
0
1.44597
0
0.214037
0
1.91903
0
2.5624
0
0.520219
0
1.67146
0
2.23009
0
1.91136
0
2.02982
0
1.77974
0
2.00891
0
1.68242
0
0.529617
0
2.11026
0
1.2482
0
1.28179
0
0.0556504
0
2.61455
0
0.234826
0
1.37718
0
0.45169
0
1.48574
0
2.27655
0
1.51282
0
1.94693
0
2.53527
0
0.285802
0
1.0436
0
1.00969
0
0.531885
0
2.2634
0
1.1455
0
1.30631
0
1.94707
0
0.224954
0
0.968957
0
0.467549
0
0.0854806
0
0.807202
0
2.07309
0
2.18175
0
1.13705
0
1.14035
0
1.16054
0
0.0359203
0
0.806248
0
0.969989
0
2.07783
0
1.32429
0
2.44721
0
0.523154
0
2.31146
0
1.58043
0
2.62805
0
0.609078
0
2.30528
0
2.35759
0
1.25116
0
1.04015
0
2.30035
0
2.2563
0
2.30424
0
1.81745
0
0.623879
0
0.951936
0
0.210627
0
0.857765
0
2.02103
0
2.56481
0
2.07286
0
1.84137
0
2.61803
0
0.180244
0
1.00697
0
1.2909
0
1.29272
0
2.06062
0
1.37616
0
0.394241
0
2.3409
0
1.34486
0
1.8056
0
2.58047
0
1.01909
0
0.136722
0
1.01714
0
0.569915
0
0.838049
0
0.552433
0
0.877921
0
1.23108
0
2.66434
0
1.62875
0
1.817
0
1.70973
0
1.86715
0
0.710977
0
1.30808
0
0.553163
0
0.976028
0
1.61778
0
2.63755
0
1.76076
0
1.04643
0
1.11555
0
2.42976
0
2.62308
0
0.66735
0
0.666205
0
1.58729
0
0.43002
0
1.03527
0
0.676181
0
0.0786911
0
1.096
0
2.46724
0
0.57329
0
0.727941
0
1.83238
0
0.389053
0
2.49263
0
1.06629
0
2.24259
0
0.719611
0
1.15529
0
0.65146
0
1.40939
0
1.94311
0
1.26214
0
0.995317
0
0.292985
0
2.48904
0
2.41342
0
2.04307
0
0.979099
0
2.41665
0
1.8644
0
0.328787
0
2.08249
0
1.75667
0
1.144
0
0.128942
0
1.48979
0
0.127296
0
1.12464
0
2.43727
0
0.35228
0
0.111031
0
0.817114
0
2.66625
0
2.50584
0
1.03756
0
1.71231
0
0.0549029
0
1.17025
0
1.42695
0
1.957
0
1.185
0
0.570424
0
2.4118
0
0.205946
0
1.59821
0
2.2109
0
0.475047
0
1.378
0
0.622236
0
2.21986
0
0.541682
0
2.24187
0
0.878841
0
2.04456
0
1.751
0
0.577158
0
1.67834
0
2.27434
0
1.86342
0
0.677737
0
1.35654
0
1.91415
0
1.13571
0
1.51201
0
2.14318
0
0.228358
0
2.43951
0
2.56603
0
2.65393
0
1.59996
0
0.107965
0
0.817638
0
0.993744
0
1.22588
0
0.194087
0
0.502478
0
1.03259
0
1.36326
0
1.69524
0
0.95225
0
0.999036
0
0.984081
0
1.5756
0
1.33698
0
1.0512
0
0.358979
0
2.17251
0
1.93318
0
2.3328
0
0.874846
0
2.32354
0
1.42727
0
0.71744
0
1.21567
0
2.29143
0
1.25801
0
0.96063
0
2.10327
0
0.964394
0
1.9412
0
0.648386
0
1.1556
0
0.566195
0
0.618477
0
2.34134
0
2.55208
0
2.19778
0
1.88485
0
0.825009
0
2.51816
0
1.30709
0
0.044773
0
0.889314
0
0.778249
0
0.482614
0
0.0597879
0
2.46543
0
1.60002
0
1.148
0
1.52019
0
0.965497
0
1.02623
0
1.3803
0
0.815014
0
2.56183
0
0.213995
0
0.0997082
0
1.08892
0
2.21466
0
0.823199
0
0.494252
0
1.2891
0
1.80337
0
2.59604
0
0.331296
0
2.30525
0
1.26481
0
1.52759
0
1.4188
0
0.015134
0
1.85597
0
1.82518
0
2.17293
0
0.184551
0
1.49194
0
1.84827
0
0.102081
0
1.03382
0
2.32866
0
0.0892159
0
0.823762
0
2.29578
0
2.05733
0
2.54335
0
1.29867
0
0.939659
0
1.82017
0
0.295545
0
2.66523
0
2.615
0
0.577521
0
0.872061
0
1.08627
0
0.517251
0
2.22231
0
2.5367
0
1.60471
0
1.50036
0
1.66514
0
2.27066
0
1.23731
0
1.12695
0
0.856484
0
1.72436
0
1.78785
0
1.21346
0
0.656944
0
1.81699
0
1.28534
0
1.31867
0
1.34079
0
1.23184
0
2.43853
0
2.47306
0
0.418194
0
2.24574
0
2.06223
0
1.22506
0
1.66276
0
1.29961
0
0.360658
0
2.51412
0
0.502069
0
2.09431
0
2.3727
0
2.58749
0
0.0975653
0
1.11042
0
1.12321
0
2.44965
0
1.61497
0
0.930077
0
1.84284
0
1.25529
0
1.89824
0
0.962615
0
0.997946
0
1.78487
0
1.48873
0
2.01627
0
2.25475
0
0.584947
0
1.87308
0
1.44655
0
0.109798
0
0.628827
0
0.51722
0
0.0572174
0
0.861662
0
0.205899
0
1.77314
0
1.42562
0
0.0137459
0
0.0510579
0
1.3143
0
0.528081
0
1.65865
0
0.341266
0
2.31505
0
2.47337
0
0.815421
0
1.40924
0
2.3412
0
0.462609
0
2.07293
0
2.33958
0
1.71394
0
1.05224
0
0.670183
0
0.718022
0
0.767138
0
0.188795
0
1.54923
0
1.37428
0
2.13541
0
2.32902
0
1.42544
0
1.82389
0
2.24818
0
0.146176
0
1.19032
0
1.13471
0
0.822008
0
0.882862
0
1.12466
0
2.60566
0
1.73794
0
2.56506
0
0.139559
0
2.46588
0
2.04408
0
2.53384
0
0.950967
0
2.22732
0
1.42676
0
0.655972
0
0.832843
0
1.63274
0
1.80438
0
1.66513
0
0.535602
0
1.63644
0
2.28348
0
1.7511
0
1.66311
0
0.562942
0
0.384715
0
1.49337
0
0.278173
0
1.74189
0
0.867115
0
0.553553
0
1.97889
0
2.46792
0
0.0741564
0
2.44807
0
1.99562
0
0.336839
0
0.285508
0
1.16865
0
0.972745
0
0.273237
0
0.845827
0
2.4354
0
1.32853
0
2.43808
0
0.210248
0
0.757817
0
0.591838
0
1.73214
0
2.62298
0
2.13304
0
0.0959088
0
0.820552
0
0.837962
0
0.201282
0
2.63493
0
0.257526
0
0.254768
0
1.61296
0
1.5464
0
0.189842
0
0.567522
0
0.286323
0
0.574018
0
2.32707
0
2.20158
0
2.48359
0
1.69299
0
1.0569
0
1.18961
0
0.274765
0
0.608655
0
1.35304
0
1.03145
0
1.16463
0
2.10155
0
2.50495
0
1.60205
0
1.38638
0
0.641763
0
0.453754
0
1.82912
0
2.24872
0
1.17484
0
0.00516117
0
1.11618
0
1.77896
0
0.570927
0
1.07846
0
1.1682
0
1.20873
0
0.940024
0
0.842489
0
0.684822
0
2.4555
0
0.657338
0
0.899294
0
2.43537
0
1.67197
0
0.553858
0
0.367445
0
0.279701
0
0.19779
0
1.53797
0
1.12099
0
2.44872
0
2.05404
0
1.90226
0
1.05934
0
2.30124
0
0.0162125
0
1.13419
0
2.06133
0
2.51648
0
1.68027
0
0.712472
0
1.82419
0
1.47621
0
1.35124
0
1.70889
0
0.192442
0
1.13202
0
2.05612
0
0.0959981
0
0.703352
0
0.211268
0
2.43828
0
0.938513
0
2.07871
0
2.31961
0
0.846441
0
0.914958
0
1.30512
0
1.02565
0
1.71462
0
1.02508
0
2.6059
0
2.29568
0
1.90678
0
1.29752
0
0.273633
0
1.08662
0
2.2904
0
1.23209
0
0.637983
0
1.26221
0
0.621453
0
1.63263
0
0.842161
0
0.971464
0
1.1094
0
2.43506
0
2.1041
0
1.25243
0
1.51608
0
1.44696
0
1.93114
0
1.39391
0
0.346136
0
2.48714
0
0.258791
0
0.943864
0
1.42347
0
2.60867
0
1.9531
0
0.194961
0
0.419825
0
1.47184
0
2.6014
0
1.18987
0
0.641534
0
1.60205
0
0.220414
0
1.6227
0
0.433935
0
1.20098
0
2.30088
0
0.915142
0
0.473488
0
1.43509
0
1.29122
0
0.0942845
0
0.174754
0
1.08364
0
0.58667
0
1.68777
0
2.64945
0
1.05323
0
1.0614
0
0.893181
0
2.29926
0
0.304198
0
2.26022
0
1.33248
0
1.47238
0
1.40157
0
0.70849
0
0.35109
0
1.01204
0
1.35258
0
0.268858
0
2.06141
0
0.654757
0
0.918824
0
1.41509
0
0.322746
0
2.28429
0
2.42081
0
1.86829
0
0.451291
0
0.734008
0
0.554475
0
0.800698
0
0.161105
0
2.38048
0
1.74001
0
1.29913
0
0.362785
0
0.547851
0
0.0209361
0
0.526338
0
1.08716
0
0.319562
0
2.01338
0
1.00033
0
0.370561
0
1.03636
0
1.26339
0
1.62701
0
1.11115
0
0.229654
0
2.57813
0
1.79979
0
0.728221
0
0.0514098
0
1.75081
0
0.983038
0
0.477559
0
0.46714
0
0.720457
0
0.438629
0
1.76013
0
2.42422
0
2.2589
0
2.18746
0
1.40261
0
0.215176
0
1.68784
0
0.851891
0
0.996118
0
0.660942
0
2.43968
0
0.101295
0
2.5815
0
1.74164
0
1.84558
0
1.17745
0
1.18419
0
0.355383
0
0.823199
0
1.27054
0
0.86985
0
1.06222
0
0.994669
0
2.30935
0
1.50869
0
1.96795
0
2.298
0
1.01035
0
0.589959
0
2.6316
0
0.50141
0
2.20018
0
0.973298
0
0.724265
0
1.81509
0
2.18202
0
0.655487
0
0.552072
0
2.43387
0
2.6008
0
1.64937
0
0.374712
0
0.903089
0
2.33004
0
1.85833
0
0.937457
0
2.11047
0
1.55607
0
1.79156
0
2.48577
0
0.973159
0
1.41785
0
0.210038
0
1.65272
0
0.550115
0
2.5164
0
2.03579
0
1.53816
0
2.65477
0
1.63628
0
0.219708
0
0.922235
0
2.30563
0
1.84901
0
2.36558
0
1.49676
0
1.82248
0
0.31236
0
2.6202
0
0.645762
0
1.3008
0
2.02003
0
1.91903
0
1.46837
0
1.69825
0
2.28614
0
1.80295
0
0.0836995
0
1.19279
0
0.084411
0
1.38843
0
1.60813
0
1.74816
0
0.490044
0
0.852457
0
0.310428
0
0.374062
0
0.252646
0
1.74915
0
1.39907
0
1.44886
0
0.499737
0
2.01717
0
0.831075
0
1.19891
0
1.85096
0
0.439179
0
0.854484
0
2.53223
0
2.29576
0
2.42388
0
0.408734
0
1.62833
0
1.20248
0
1.48793
0
0.0481978
0
0.064634
0
2.07745
0
0.797185
0
1.71899
0
1.5052
0
1.23721
0
0.0252519
0
1.58711
0
1.52025
0
1.72931
0
1.39645
0
1.52098
0
1.60322
0
1.13249
0
0.240872
0
2.66726
0
2.15245
0
0.686922
0
0.223433
0
0.904488
0
1.73224
0
0.321316
0
2.64508
0
1.44592
0
1.02877
0
1.01725
0
0.953073
0
1.04227
0
1.40542
0
2.22583
0
1.73338
0
1.86204
0
1.46764
0
1.22212
0
1.24291
0
1.32729
0
0.0395092
0
2.43102
0
2.56022
0
1.04295
0
1.0146
0
1.26009
0
1.65692
0
1.93247
0
0.373538
0
1.37468
0
0.58498
0
0.410915
0
0.197842
0
1.47656
0
0.612482
0
0.227956
0
1.27085
0
2.57452
0
2.52034
0
0.488744
0
2.36776
0
2.22942
0
2.59914
0
2.15926
0
1.63749
0
1.97415
0
0.433614
0
1.67246
0
0.676181
0
1.71709
0
1.53288
0
2.00881
0
0.832893
0
0.867144
0
0.399046
0
2.31091
0
1.24749
0
0.750558
0
1.52275
0
0.936791
0
0.345149
0
0.984981
0
2.3847
0
0.155943
0
1.35757
0
1.7145
0
2.0371
0
2.38088
0
1.71964
0
0.091931
0
1.66486
0
1.2189
0
1.11658
0
0.286497
0
0.69417
0
2.00572
0
0.464257
0
2.64326
0
0.0416316
0
0.0623235
0
0.288462
0
2.36931
0
0.661398
0
2.41312
0
0.442311
0
1.60336
0
2.54626
0
2.23178
0
1.31298
0
2.01489
0
0.711949
0
1.44907
0
0.999874
0
1.47588
0
2.28139
0
2.26033
0
2.03877
0
1.05642
0
1.7227
0
0.615384
0
1.42289
0
0.0183517
0
1.70744
0
0.471423
0
0.300875
0
2.13706
0
0.817016
0
0.367233
0
1.02649
0
0.0531662
0
1.99312
0
1.10049
0
1.99168
0
1.19412
0
0.831699
0
0.533328
0
0.290235
0
2.12431
0
1.67507
0
0.490227
0
1.1501
0
1.38388
0
0.148891
0
2.13655
0
2.23353
0
1.11852
0
0.379028
0
2.35443
0
2.2663
0
1.68267
0
0.827194
0
0.334996
0
1.57795
0
2.65514
0
1.83059
0
1.44726
0
2.09531
0
1.01831
0
0.530771
0
1.27087
0
0.363563
0
1.66879
0
1.37735
0
0.47479
0
1.25077
0
0.496139
0
1.4161
0
2.34687
0
1.08207
0
0.551873
0
0.303855
0
2.46434
0
1.7246
0
0.701088
0
1.69619
0
1.96921
0
1.80006
0
1.09011
0
1.24544
0
1.80044
0
1.09077
0
0.590224
0
0.249942
0
1.69288
0
1.8008
0
1.94517
0
1.81074
0
1.16448
0
1.83976
0
0.0934632
0
0.588972
0
2.4413
0
0.18688
0
1.87795
0
2.54231
0
1.25258
0
0.168628
0
1.37957
0
2.33907
0
0.292862
0
1.843
0
0.0363581
0
1.88636
0
1.23132
0
1.47404
0
2.14216
0
2.20348
0
0.479513
0
0.242915
0
2.05675
0
1.55703
0
2.24231
0
1.79666
0
0.00451715
0
0.216564
0
1.27422
0
1.5019
0
2.67757
0
0.150901
0
2.14691
0
1.13702
0
1.76118
0
0.20724
0
1.42282
0
1.57717
0
0.48738
0
1.17331
0
0.359458
0
1.68377
0
2.08875
0
0.185398
0
0.0180136
0
0.823788
0
2.32148
0
1.9524
0
1.30843
0
0.251609
0
1.58597
0
1.81211
0
1.89704
0
0.651768
0
2.20184
0
1.7673
0
1.96255
0
0.996516
0
2.33464
0
1.98614
0
2.28468
0
0.536703
0
0.698819
0
0.0104525
0
0.623772
0
0.88478
0
0.510123
0
2.04028
0
2.19983
0
0.434485
0
1.54187
0
2.24533
0
0.5359
0
0.632459
0
0.082298
0
1.40029
0
1.87864
0
0.568459
0
1.82082
0
0.414161
0
2.55133
0
0.632373
0
0.0571248
0
1.29989
0
1.42823
0
0.704182
0
0.721115
0
2.60556
0
2.51584
0
2.40295
0
0.350081
0
1.64589
0
0.584251
0
2.15714
0
1.02388
0
1.93232
0
0.277752
0
1.67902
0
0.777347
0
1.90784
0
1.27939
0
0.204843
0
0.399911
0
0.271258
0
1.86297
0
2.09603
0
0.628082
0
1.35666
0
0.257411
0
1.64397
0
1.76844
0
1.00659
0
1.58465
0
1.85278
0
1.50526
0
0.211948
0
0.532896
0
2.47331
0
0.293135
0
0.706359
0
1.61055
0
1.55427
0
0.17545
0
0.234194
0
0.341727
0
1.21077
0
1.27187
0
1.44919
0
2.20909
0
0.902676
0
1.60517
0
0.644362
0
2.37848
0
1.6428
0
0.69915
0
0.575416
0
1.97028
0
0.119798
0
1.52799
0
0.575395
0
2.53182
0
1.34903
0
0.383574
0
2.1541
0
1.64557
0
2.06354
0
0.457
0
1.03126
0
0.439553
0
2.60754
0
2.27365
0
2.17401
0
1.99783
0
1.65187
0
2.58647
0
0.0604358
0
0.890851
0
1.02984
0
1.47079
0
0.687162
0
0.661729
0
0.287348
0
0.123333
0
1.64131
0
0.945744
0
2.16669
0
0.158284
0
1.46674
0
0.240214
0
0.717502
0
1.7933
0
2.33201
0
1.23327
0
0.137299
0
0.967272
0
1.8682
0
2.59024
0
0.807956
0
2.61688
0
0.960604
0
0.333757
0
1.46634
0
2.50489
0
0.350606
0
0.116078
0
1.97907
0
2.2048
0
2.56891
0
1.63269
0
2.42297
0
2.28903
0
0.676676
0
0.129937
0
1.3593
0
1.33278
0
0.717892
0
0.406795
0
0.824895
0
1.95451
0
1.10122
0
1.81478
0
2.06449
0
0.606058
0
2.67852
0
1.33253
0
0.300688
0
0.180766
0
0.738315
0
1.58404
0
2.52274
0
2.39473
0
2.40111
0
1.82483
0
2.50701
0
1.84135
0
1.37774
0
2.609
0
1.63913
0
1.46389
0
2.52527
0
0.304558
0
0.550539
0
1.77054
0
1.25806
0
0.635225
0
2.5065
0
2.29425
0
0.640408
0
1.63328
0
2.47898
0
2.58984
0
2.41936
0
2.34052
0
0.434011
0
0.798234
0
1.97584
0
0.922391
0
1.48771
0
2.49769
0
0.723527
0
1.26927
0
1.99622
0
2.04505
0
1.40846
0
0.134818
0
2.14209
0
1.64222
0
2.39438
0
0.849963
0
1.66719
0
1.13798
0
1.88837
0
2.56409
0
0.72264
0
1.34772
0
1.78348
0
2.26206
0
1.04768
0
2.49408
0
1.44436
0
1.49303
0
1.66782
0
1.80872
0
1.22961
0
1.95548
0
2.14934
0
2.6421
0
1.82118
0
2.4029
0
1.16287
0
0.658117
0
0.537373
0
0.452363
0
0.320733
0
1.7711
0
2.24489
0
2.58201
0
1.1034
0
0.737691
0
1.91937
0
1.70373
0
1.81515
0
1.9446
0
0.59635
0
0.34253
0
1.03968
0
0.32178
0
2.45671
0
0.242401
0
0.496477
0
2.13731
0
1.31529
0
2.05736
0
0.972996
0
1.14519
0
1.40948
0
0.473857
0
1.40003
0
2.50027
0
0.887646
0
0.915922
0
1.8661
0
1.03899
0
0.532857
0
0.435511
0
0.0713408
0
2.44634
0
2.00077
0
1.21006
0
0.105078
0
0.0418989
0
1.9893
0
2.60402
0
0.199407
0
0.404179
0
1.95212
0
1.66776
0
2.05282
0
0.289995
0
2.11978
0
0.873711
0
0.980925
0
0.0628934
0
0.279493
0
1.90222
0
2.53059
0
1.15846
0
0.454086
0
1.37313
0
1.97744
0
0.298959
0
2.61873
0
2.07835
0
1.82061
0
2.33745
0
1.12306
0
1.89867
0
1.888
0
2.14146
0
1.36187
0
0.193714
0
2.6054
0
1.58805
0
2.58102
0
2.25385
0
2.27756
0
1.09194
0
1.98235
0
0.682767
0
1.04806
0
1.66427
0
0.839577
0
0.710145
0
1.76324
0
2.34776
0
1.35364
0
0.535105
0
2.49795
0
2.59312
0
0.294762
0
0.181068
0
0.100974
0
1.42299
0
1.93739
0
1.4989
0
0.870219
0
1.95242
0
1.734
0
2.43483
0
1.32127
0
0.258463
0
1.37457
0
1.7702
0
1.4935
0
0.74865
0
0.28586
0
2.66961
0
2.25321
0
1.6951
0
1.73769
0
1.01927
0
1.29922
0
2.29386
0
0.537211
0
1.48184
0
1.36055
0
0.915303
0
0.0938784
0
2.19759
0
2.47392
0
2.53709
0
0.302984
0
1.81555
0
2.40938
0
0.54652
0
1.58623
0
1.33285
0
0.396262
0
1.38515
0
1.48732
0
1.91069
0
1.0499
0
0.0252152
0
0.19306
0
0.753897
0
0.579556
0
1.2652
0
0.566836
0
1.17264
0
2.16676
0
1.62978
0
0.586458
0
2.56917
0
1.69186
0
0.178792
0
1.99845
0
2.59343
0
0.257819
0
2.03981
0
0.234081
0
1.19281
0
1.46576
0
2.43423
0
1.78518
0
1.3476
0
0.453395
0
1.431
0
1.49633
0
0.584328
0
1.20117
0
1.80915
0
2.6241
0
0.506442
0
0.129513
0
2.18828
0
0.559122
0
0.667948
0
1.58166
0
0.973546
0
0.128089
0
0.0537122
0
1.84367
0
2.66618
0
2.00068
0
0.593445
0
0.00827532
0
0.886439
0
1.73785
0
2.3806
0
2.27527
0
1.15296
0
0.372868
0
1.39141
0
1.84273
0
1.62279
0
0.323507
0
1.24604
0
1.0185
0
0.876795
0
2.09465
0
1.73451
0
1.16206
0
1.57129
0
2.57112
0
1.74067
0
2.47316
0
2.35302
0
0.499542
0
1.92086
0
0.359151
0
1.12189
0
1.05086
0
2.53934
0
0.562784
0
0.554792
0
2.59624
0
1.86471
0
2.64133
0
1.84697
0
0.249918
0
0.456075
0
0.140033
0
2.11296
0
0.552747
0
0.0146726
0
0.461698
0
2.2259
0
0.362179
0
0.114006
0
1.18521
0
0.83045
0
2.06466
0
0.425578
0
2.25941
0
0.420143
0
0.441267
0
1.706
0
1.9982
0
1.1733
0
1.70516
0
0.744802
0
1.8117
0
1.67875
0
2.34473
0
0.750164
0
1.21512
0
0.99431
0
1.71126
0
0.945763
0
1.12818
0
2.67168
0
1.57242
0
1.85683
0
2.34785
0
0.691935
0
0.209033
0
2.28479
0
0.402713
0
0.243612
0
0.0206658
0
0.847077
0
0.211895
0
1.14691
0
1.26112
0
0.911905
0
0.41528
0
1.65886
0
0.181403
0
2.19536
0
2.47779
0
0.0178868
0
1.69054
0
1.96848
0
0.16932
0
1.45488
0
0.0489258
0
1.87456
0
1.20951
0
2.65949
0
0.92234
0
1.89716
0
0.410894
0
0.88361
0
1.43084
0
1.41722
0
0.413176
0
2.28464
0
1.44578
0
1.41424
0
1.90303
0
0.148008
0
1.49438
0
0.160199
0
2.042
0
2.59753
0
1.85844
0
0.730507
0
2.09837
0
1.33909
0
2.62781
0
2.25602
0
2.57011
0
1.10356
0
1.42701
0
1.16847
0
0.399814
0
1.39808
0
2.14529
0
0.0575009
0
1.31786
0
1.17005
0
2.19723
0
0.7736
0
1.40608
0
1.44803
0
0.999653
0
2.46072
0
0.0505906
0
1.92341
0
2.51825
0
0.187361
0
0.184638
0
1.0136
0
2.64501
0
1.3948
0
2.10603
0
1.60505
0
0.872562
0
2.21235
0
0.991726
0
0.957483
0
2.23943
0
0.622678
0
0.101693
0
0.305325
0
0.616189
0
0.539317
0
2.23405
0
1.95691
0
0.551003
0
2.60105
0
0.100679
0
2.62789
0
0.233444
0
2.48936
0
0.0434826
0
1.87508
0
2.36821
0
2.35837
0
1.21728
0
2.41717
0
1.60363
0
1.60783
0
2.3573
0
0.0603109
0
0.988826
0
0.591
0
1.54176
0
0.472344
0
0.518413
0
2.11437
0
1.5932
0
0.836083
0
0.43398
0
1.13488
0
1.66294
0
2.40401
0
0.704281
0
1.92487
0
1.27865
0
0.472369
0
1.47289
0
1.34101
0
1.9529
0
2.13514
0
0.457937
0
1.14779
0
0.906123
0
0.586406
0
1.45139
0
2.28662
0
0.645782
0
1.09667
0
1.07653
0
1.36641
0
1.28495
0
1.39273
0
1.31171
0
2.53702
0
0.307381
0
1.80596
0
1.0807
0
0.475644
0
1.98135
0
2.50041
0
2.44844
0
0.154776
0
0.903366
0
1.78316
0
1.49077
0
1.22631
0
1.9688
0
1.04809
0
2.22071
0
1.45456
0
0.2485
0
1.20786
0
1.99555
0
1.208
0
2.39437
0
2.67548
0
2.08557
0
1.14073
0
0.678812
0
0.112448
0
1.64244
0
2.06094
0
2.53972
0
2.44651
0
2.07338
0
1.26049
0
1.15287
0
0.894314
0
1.97912
0
0.785058
0
0.933971
0
0.675
0
1.30188
0
0.806145
0
1.6623
0
1.03924
0
1.3132
0
0.263422
0
1.68222
0
0.0424589
0
0.376983
0
0.966164
0
0.401178
0
0.468892
0
0.671705
0
1.98107
0
2.52063
0
1.44989
0
1.35107
0
1.58121
0
2.17047
0
0.692417
0
1.12695
0
0.486115
0
1.312
0
1.62964
0
0.5627
0
0.659179
0
1.25217
0
1.48058
0
0.553777
0
2.62488
0
0.486689
0
2.27375
0
1.82656
0
1.21386
0
0.326147
0
0.518869
0
1.59684
0
2.0554
0
0.372177
0
0.838981
0
0.905435
0
2.14099
0
1.43901
0
0.94114
0
0.292498
0
1.94865
0
2.20847
0
0.188542
0
2.16222
0
1.27323
0
1.05676
0
2.52965
0
1.94748
0
2.23801
0
2.14292
0
0.648845
0
0.859246
0
2.51787
0
0.579688
0
0.40905
0
1.45315
0
1.69464
0
0.527958
0
1.12855
0
1.94736
0
1.71706
0
1.34944
0
1.09094
0
1.96996
0
2.66285
0
0.148848
0
1.32732
0
1.94493
0
0.216189
0
1.87789
0
0.0816302
0
0.346934
0
1.92407
0
2.04895
0
2.51015
0
1.63621
0
2.21842
0
0.0612414
0
2.49204
0
1.00045
0
2.06508
0
1.70118
0
2.65118
0
2.39322
0
2.56
0
2.49366
0
1.21635
0
2.00309
0
0.560099
0
0.719456
0
0.433275
0
0.898418
0
1.3573
0
1.88258
0
0.235612
0
0.377582
0
0.601241
0
1.85187
0
2.06345
0
1.24081
0
0.53073
0
1.80658
0
0.746687
0
2.32058
0
1.17948
0
2.63682
0
1.99519
0
1.47828
0
1.39218
0
0.371119
0
2.05428
0
2.13811
0
1.47994
0
1.48332
0
0.554835
0
0.285356
0
0.727757
0
0.946978
0
1.82701
0
0.549159
0
1.01227
0
2.59158
0
0.158294
0
2.28429
0
0.144252
0
0.406293
0
2.18934
0
0.135458
0
2.00849
0
0.202427
0
0.485714
0
1.93162
0
2.32822
0
0.545093
0
2.22788
0
0.037397
0
1.50768
0
2.3799
0
2.0744
0
0.540203
0
1.43068
0
0.132787
0
1.65891
0
1.5318
0
1.19786
0
1.3092
0
1.29388
0
2.032
0
1.32718
0
1.81147
0
1.57292
0
2.18543
0
0.48275
0
0.332892
0
2.18258
0
0.748061
0
0.190681
0
0.198974
0
0.81261
0
0.0515964
0
0.0390101
0
2.0083
0
0.593403
0
2.36568
0
0.818724
0
1.78784
0
2.05561
0
1.31953
0
2.05958
0
2.34634
0
0.531635
0
2.61165
0
2.02618
0
2.09159
0
2.12227
0
0.374195
0
1.55098
0
0.499033
0
1.6854
0
1.04124
0
2.34309
0
1.12327
0
1.6677
0
2.67182
0
2.54533
0
0.110913
0
0.389099
0
0.187018
0
1.1656
0
0.618914
0
2.57732
0
0.922574
0
0.810854
0
1.33313
0
1.26008
0
1.90761
0
0.0175903
0
1.75591
0
1.79849
0
1.31433
0
1.77677
0
1.68581
0
1.72954
0
1.366
0
0.352325
0
2.11397
0
1.76002
0
0.874211
0
2.50655
0
1.81177
0
0.0267737
0
1.29146
0
1.03396
0
1.93701
0
0.345421
0
1.98905
0
2.50047
0
1.50289
0
2.3657
0
1.73643
0
1.1466
0
1.8431
0
1.54692
0
1.64547
0
0.102015
0
2.55062
0
2.18918
0
1.48975
0
0.987414
0
0.849496
0
0.856244
0
1.63889
0
1.88442
0
1.73909
0
1.65418
0
1.31604
0
0.332089
0
0.0182517
0
0.821824
0
0.0228953
0
0.503511
0
0.255156
0
0.0749942
0
2.29657
0
0.884287
0
2.30043
0
2.58143
0
2.03755
0
0.313494
0
1.89547
0
0.560785
0
2.18822
0
2.65023
0
2.48528
0
0.509631
0
0.314809
0
1.54429
0
1.10705
0
0.769873
0
0.546351
0
2.31096
0
2.24687
0
0.489262
0
0.707702
0
1.5106
0
1.53435
0
0.848414
0
0.462881
0
1.43964
0
1.12614
0
0.664477
0
2.49108
0
2.66959
0
0.766492
0
0.945523
0
2.53638
0
1.38996
0
0.181818
0
2.45056
0
2.53202
0
1.03833
0
0.60709
0
0.525088
0
2.04936
0
1.3805
0
2.09395
0
0.798114
0
1.16461
0
0.481755
0
0.659923
0
1.63347
0
2.48349
0
1.2908
0
2.13037
0
2.28199
0
2.31386
0
1.13306
0
0.632047
0
2.03924
0
2.33439
0
2.51898
0
2.64727
0
1.492
0
2.58039
0
1.08549
0
0.0296946
0
2.61497
0
1.65753
0
2.18342
0
1.14143
0
0.188188
0
1.21171
0
0.253843
0
0.418243
0
2.39846
0
0.0978604
0
1.17734
0
0.752535
0
2.49138
0
0.559167
0
1.75932
0
0.521224
0
1.68284
0
2.01556
0
1.84526
0
1.52329
0
0.559394
0
1.06694
0
2.45735
0
1.69324
0
2.57323
0
1.49953
0
0.994989
0
2.29901
0
0.134801
0
2.52584
0
0.264998
0
2.001
0
0.770061
0
0.513803
0
0.825457
0
1.11295
0
0.118134
0
0.845974
0
1.9011
0
1.55102
0
1.65576
0
0.539859
0
1.06453
0
1.4858
0
2.29226
0
1.48793
0
0.884989
0
1.34523
0
1.9713
0
0.834525
0
1.91916
0
1.47854
0
2.57162
0
0.951609
0
0.189393
0
1.72993
0
1.54466
0
0.860045
0
1.56492
0
1.75291
0
0.511431
0
1.38218
0
0.0471146
0
1.75159
0
1.56427
0
0.434936
0
0.0480328
0
0.503136
0
0.12904
0
2.05733
0
2.65366
0
0.314039
0
1.76358
0
1.81747
0
1.48058
0
0.390085
0
0.0793128
0
0.271305
0
1.23772
0
0.128671
0
0.976281
0
0.0755815
0
1.63216
0
1.39221
0
0.907186
0
1.4645
0
0.367268
0
0.187432
0
0.656458
0
0.557517
0
2.47901
0
0.106965
0
0.0919103
0
0.97632
0
1.6176
0
2.4872
0
1.88235
0
0.0419595
0
1.8142
0
0.278284
0
2.49449
0
0.403641
0
2.21788
0
1.4478
0
1.90407
0
1.97497
0
0.161892
0
1.49088
0
1.90486
0
0.635678
0
1.60013
0
2.40407
0
1.33305
0
1.33817
0
2.09142
0
2.27171
0
2.37927
0
2.26464
0
0.63764
0
1.42208
0
1.9958
0
1.20523
0
0.261082
0
0.593281
0
0.576756
0
1.14696
0
1.33887
0
2.00687
0
1.73333
0
0.366832
0
2.0682
0
2.40425
0
1.67624
0
0.262965
0
1.59832
0
1.12342
0
2.37808
0
1.812
0
1.42116
0
2.28614
0
0.261639
0
0.466463
0
1.82728
0
0.713487
0
2.62672
0
1.91939
0
2.2381
0
0.99624
0
1.03959
0
0.42648
0
2.65012
0
1.13575
0
2.67573
0
1.88543
0
0.337551
0
0.756846
0
1.34821
0
0.296766
0
1.73979
0
0.549873
0
2.22776
0
1.97595
0
0.158268
0
2.60428
0
1.58524
0
2.3872
0
0.524733
0
1.24032
0
1.68794
0
1.62183
0
2.44265
0
1.71657
0
2.21185
0
0.321339
0
0.713458
0
1.28929
0
2.59198
0
1.07876
0
1.11711
0
0.56106
0
0.0336883
0
0.770733
0
0.13007
0
1.72064
0
1.0518
0
0.259904
0
0.592831
0
0.625318
0
2.58626
0
2.21629
0
0.792981
0
0.941493
0
0.450505
0
1.95546
0
0.368444
0
1.79872
0
2.11389
0
2.27963
0
0.914055
0
0.499526
0
2.03222
0
1.81647
0
1.13865
0
0.708433
0
2.15521
0
0.296287
0
2.32914
0
1.25687
0
0.130292
0
0.851853
0
1.44347
0
0.741178
0
2.22723
0
0.527778
0
2.16015
0
2.59974
0
1.03226
0
0.0455739
0
2.34593
0
2.46265
0
2.07416
0
2.53738
0
0.327554
0
1.06156
0
0.975267
0
0.947108
0
0.421327
0
0.19345
0
0.137241
0
1.7588
0
1.55578
0
1.575
0
0.310872
0
2.00743
0
1.2694
0
2.61592
0
1.88645
0
1.32571
0
0.797254
0
1.4909
0
1.46569
0
1.59674
0
1.02179
0
1.80887
0
1.76524
0
2.25823
0
1.18711
0
1.65704
0
0.176609
0
2.20931
0
2.25782
0
1.57516
0
0.323989
0
1.17031
0
1.04749
0
0.27284
0
1.34989
0
2.15771
0
2.51264
0
0.973961
0
2.54886
0
1.06088
0
0.0275037
0
1.92539
0
0.47028
0
2.61655
0
1.7381
0
0.875408
0
1.61242
0
1.16417
0
1.98908
0
0.420616
0
1.94576
0
0.25245
0
1.36342
0
0.62375
0
1.9674
0
0.0676467
0
2.03341
0
2.49068
0
1.39277
0
0.498849
0
1.4085
0
0.270355
0
2.32315
0
0.674053
0
2.09792
0
0.745443
0
0.116698
0
1.90921
0
1.53577
0
1.40572
0
2.42545
0
0.549383
0
2.57535
0
1.65192
0
1.66844
0
2.01191
0
2.64088
0
2.14953
0
1.06396
0
1.16967
0
1.88106
0
2.23317
0
0.262871
0
2.07667
0
0.536361
0
2.58621
0
2.58641
0
1.02598
0
2.49439
0
0.143103
0
2.46803
0
1.25757
0
2.22899
0
0.821113
0
2.22903
0
0.971588
0
0.878559
0
2.08515
0
0.663869
0
1.56442
0
2.18083
0
0.709273
0
0.800989
0
0.589918
0
0.940167
0
1.20718
0
2.00055
0
2.2857
0
1.3019
0
0.914328
0
0.496449
0
2.66744
0
1.93629
0
0.787645
0
0.747831
0
0.177111
0
2.39173
0
1.92442
0
0.063133
0
0.094084
0
1.87446
0
2.58983
0
0.704498
0
2.59595
0
0.232028
0
1.29652
0
1.96937
0
1.11432
0
2.30907
0
1.99018
0
0.792244
0
2.38446
0
1.42856
0
0.408412
0
2.50683
0
0.130543
0
1.62141
0
0.920039
0
1.24927
0
1.75539
0
0.588678
0
1.50311
0
2.40966
0
0.381205
0
2.26621
0
0.470343
0
1.79697
0
1.98187
0
0.580872
0
1.50249
0
0.759726
0
2.44928
0
0.0725625
0
2.36295
0
0.278907
0
0.121685
0
0.635415
0
0.0361701
0
1.35668
0
1.22488
0
0.315272
0
1.25571
0
0.549824
0
1.32599
0
0.899822
0
2.64418
0
2.23037
0
0.452319
0
0.887514
0
0.77468
0
2.30685
0
0.0165749
0
0.152203
0
1.35793
0
0.267643
0
1.87206
0
1.51133
0
0.724903
0
0.968383
0
1.33726
0
0.795654
0
0.276865
0
1.90203
0
0.637784
0
1.51666
0
0.327159
0
0.82959
0
0.0794333
0
1.1645
0
1.3726
0
0.270414
0
2.134
0
1.56787
0
1.91749
0
1.99037
0
2.34919
0
0.567568
0
0.979991
0
2.66974
0
0.198092
0
0.677848
0
1.49637
0
1.25641
0
0.574769
0
2.17127
0
2.35898
0
2.39691
0
2.09204
0
1.36994
0
1.14926
0
0.315177
0
0.279565
0
1.11612
0
2.46354
0
0.786288
0
0.88892
0
1.76383
0
1.54222
0
0.770215
0
0.885199
0
0.482785
0
1.95249
0
0.0441393
0
0.635816
0
2.44777
0
0.779603
0
1.04451
0
0.522946
0
1.12772
0
1.09926
0
1.72895
0
0.525634
0
0.900706
0
0.18998
0
2.61841
0
0.937515
0
0.350916
0
2.52482
0
2.17856
0
0.893984
0
2.03385
0
0.479469
0
1.38681
0
0.669724
0
0.935418
0
1.98947
0
1.24524
0
0.482224
0
0.979957
0
0.29762
0
2.34387
0
2.34992
0
1.20082
0
1.83976
0
2.03726
0
1.05987
0
0.615357
0
0.51681
0
1.47285
0
1.23223
0
2.32597
0
2.24004
0
0.645237
0
1.93724
0
0.386465
0
0.74605
0
0.539987
0
0.85709
0
1.88137
0
1.50275
0
0.799318
0
2.36282
0
2.24843
0
0.167199
0
1.27858
0
1.05019
0
0.589879
0
2.15517
0
2.15912
0
1.22231
0
0.404032
0
0.403236
0
0.0105348
0
2.5001
0
0.557497
0
2.24456
0
0.0818974
0
2.40186
0
1.49749
0
1.71011
0
0.808174
0
2.62852
0
2.13165
0
2.47314
0
2.42467
0
0.800251
0
2.05662
0
1.56736
0
1.80009
0
1.0352
0
1.24087
0
1.63011
0
2.3803
0
0.510565
0
1.82474
0
1.61586
0
1.74716
0
0.688432
0
0.357941
0
0.902639
0
0.390493
0
0.329523
0
1.49801
0
2.56677
0
2.61655
0
0.249803
0
1.25247
0
1.38839
0
1.07047
0
0.686265
0
1.86172
0
1.17583
0
1.19264
0
0.718646
0
1.42315
0
2.44567
0
0.161108
0
1.98346
0
1.31507
0
1.00478
0
0.835737
0
1.22061
0
1.29663
0
0.905204
0
0.488417
0
1.42999
0
1.7229
0
1.65353
0
1.71082
0
0.568194
0
0.744121
0
0.461636
0
1.34314
0
0.901169
0
1.83028
0
1.28505
0
0.927461
0
1.71827
0
0.633746
0
0.409462
0
0.736755
0
0.543432
0
1.91831
0
1.75719
0
0.478836
0
1.02991
0
1.75399
0
1.18913
0
0.401841
0
1.80784
0
1.33464
0
0.0758326
0
0.147525
0
0.372715
0
2.62991
0
2.38891
0
2.6291
0
0.460763
0
1.80701
0
1.1782
0
0.513522
0
1.6033
0
2.42792
0
0.887776
0
0.719522
0
2.09417
0
1.68447
0
1.70362
0
1.12535
0
1.84568
0
2.32482
0
0.982019
0
2.24635
0
2.23699
0
1.33796
0
1.17572
0
2.63407
0
1.54779
0
1.50083
0
0.490556
0
1.18425
0
1.88955
0
2.57003
0
2.49354
0
0.467234
0
0.940217
0
1.12565
0
0.313501
0
1.8816
0
0.209473
0
2.50585
0
1.04677
0
2.45127
0
0.262626
0
1.2183
0
2.31543
0
1.08163
0
1.22915
0
1.63248
0
0.448785
0
1.57857
0
0.465249
0
1.90654
0
1.66473
0
0.605571
0
2.55304
0
1.00942
0
2.03648
0
0.735083
0
2.01735
0
2.10029
0
0.200274
0
0.314855
0
0.53187
0
2.23321
0
1.35666
0
0.900163
0
0.763828
0
0.476509
0
2.33308
0
1.98029
0
2.20561
0
0.138841
0
2.59959
0
1.50654
0
1.09511
0
0.538539
0
1.3162
0
1.98071
0
0.114904
0
0.845263
0
2.42003
0
1.47035
0
1.75137
0
0.650747
0
1.47784
0
2.56316
0
0.563053
0
1.85282
0
0.770766
0
0.0998826
0
1.07705
0
2.20952
0
1.56015
0
0.201889
0
1.1349
0
2.14154
0
2.36793
0
0.179614
0
0.789545
0
1.88324
0
2.07548
0
2.48783
0
0.2465
0
2.02859
0
1.60879
0
0.323638
0
0.00560439
0
1.26782
0
2.19164
0
2.26076
0
0.991521
0
0.186825
0
1.1351
0
1.0751
0
2.40299
0
2.49688
0
0.825708
0
1.48626
0
0.622431
0
1.11171
0
0.959816
0
0.422445
0
0.453387
0
0.540112
0
0.338839
0
0.618048
0
0.345763
0
2.51719
0
2.26844
0
1.89316
0
1.45113
0
1.66187
0
0.042367
0
2.1465
0
2.07065
0
1.77252
0
2.56616
0
1.89413
0
2.65899
0
2.21693
0
2.25566
0
1.58569
0
1.99909
0
0.336435
0
1.11054
0
1.46039
0
2.31222
0
0.576252
0
2.19879
0
0.347698
0
0.589693
0
1.28407
0
2.32861
0
1.77416
0
0.832765
0
0.513831
0
0.0224757
0
0.0590182
0
1.90338
0
0.187311
0
2.11979
0
2.03289
0
2.14856
0
0.423396
0
2.21945
0
2.5064
0
0.351883
0
1.45578
0
0.0163831
0
0.996869
0
0.822526
0
1.95465
0
0.200137
0
1.51848
0
1.78881
0
1.37435
0
1.91762
0
0.275141
0
0.556277
0
2.03148
0
2.22883
0
1.57374
0
1.92197
0
0.43854
0
2.66274
0
1.62692
0
0.823133
0
2.31055
0
1.43119
0
2.54073
0
0.253629
0
0.527182
0
1.82236
0
1.8457
0
1.9218
0
0.656118
0
1.3464
0
0.666162
0
0.0564068
0
1.14311
0
1.26209
0
1.31844
0
2.23555
0
2.08166
0
0.0401509
0
1.86186
0
2.44642
0
1.00327
0
1.49433
0
1.51038
0
0.923499
0
1.81462
0
2.09773
0
2.38179
0
1.32648
0
0.483115
0
2.43156
0
0.125432
0
1.26819
0
2.136
0
0.366091
0
0.328507
0
1.53356
0
1.40677
0
2.60665
0
2.13396
0
0.900993
0
0.761428
0
1.38834
0
0.0149399
0
2.00351
0
1.23576
0
0.00646535
0
0.268225
0
1.69792
0
1.758
0
2.63731
0
0.401678
0
0.78387
0
2.6399
0
2.21244
0
2.45076
0
2.07941
0
1.90427
0
2.25203
0
0.730062
0
0.058565
0
0.757938
0
1.82092
