run_0062.root	71	-54.9762	7.27129
run_0062.root	131	-27.0971	2.4449
run_0062.root	200	-21.5853	1.00486
run_0062.root	258	-44.7985	220.188
run_0062.root	469	-25.2485	1.0645
run_0062.root	579	-23.0368	1.12622
run_0062.root	806	-31.8705	1.11216
run_0062.root	1157	-24.8159	0.81189
run_0062.root	1309	-24.0341	0.43554
run_0062.root	1660	-27.8438	2.04435
run_0062.root	2247	-54.9365	7.02496
run_0062.root	2352	-25.9804	5.97727
run_0062.root	2382	-53.0939	6.96144
run_0062.root	2499	-55.0046	4.80175
run_0062.root	2728	-58.4603	3.32146
run_0062.root	2735	-26.8064	4.94041
run_0062.root	2996	-20.773	2.62227
run_0062.root	3408	-46.5123	2.8321
run_0062.root	3642	-42.502	6.20472
run_0062.root	3729	-26.002	7.30922
run_0062.root	4051	-21.8117	0.884175
run_0062.root	4385	-35.817	3.02666
run_0062.root	5248	-24.6731	0.335064
run_0062.root	5338	-33.1301	6.07961
run_0062.root	5350	-43.2076	3.22306
run_0062.root	5642	-21.0563	0.591411
run_0062.root	5643	-21.0563	0.591411
run_0062.root	5838	-46.5973	6.77063
run_0062.root	5893	-20.2705	0.554895
run_0062.root	5935	-55.9916	1.30445
run_0062.root	6073	-32.1878	2.5675
run_0062.root	6131	-54.5777	171.258
run_0062.root	6188	-37.013	700.914
run_0062.root	6221	-25.4392	89.9556
run_0062.root	6290	-27.6068	1.76845
run_0062.root	6425	-30.1084	7.24007
run_0062.root	6601	-50.4302	6.85795
run_0062.root	6650	-50.9704	2.67842
run_0062.root	7002	-38.2125	4.61469
run_0062.root	7121	-59.2499	7.30974
run_0062.root	7184	-30.3268	2.23236
run_0062.root	7313	-32.4802	0.715214
run_0062.root	7614	-53.5141	7.33716
run_0062.root	7629	-46.5803	2.81048
run_0062.root	7675	-51.2789	7.13764
run_0062.root	7927	-23.0624	5.06981
run_0062.root	8230	-21.0142	1.36962
run_0062.root	8257	-48.1495	7.24487
run_0062.root	8412	-21.3973	1.9348
run_0062.root	8447	-28.5074	6.86407
run_0062.root	8672	-31.2712	1.67313
run_0062.root	8677	-63.808	7.76365
run_0062.root	8876	-20.5264	2.29397
run_0062.root	8916	-26.7468	1.31158
run_0062.root	9484	-40.1128	5.56884
run_0062.root	9567	-34.347	3.19158
run_0062.root	9569	-31.0715	0.944222
run_0062.root	9597	-33.4706	141.319
run_0062.root	9623	-44.1988	26.8272
run_0062.root	9773	-53.2125	7.05731
run_0062.root	10159	-25.6855	1.52507
run_0062.root	10315	-20.7904	0.602151
run_0062.root	10333	-20.4609	1.21084
run_0062.root	10418	-42.4149	3.18452
run_0062.root	10446	-20.7782	0.571928
run_0062.root	10448	-24.5469	2.7531
run_0062.root	10781	-21.2956	1.84809
run_0062.root	11132	-21.4487	1.81883
run_0062.root	11153	-20.7809	4.60096
run_0062.root	11343	-39.6143	3.5582
run_0062.root	11457	-35.5784	1.59127
run_0062.root	11563	-35.4628	20.2137
run_0062.root	11646	-40.7496	1.94037
run_0062.root	11659	-42.6824	3.51811
run_0062.root	11689	-55.3259	4.95664
run_0062.root	12299	-26.8448	1.0886
run_0062.root	12408	-52.2256	7.39488
run_0062.root	12421	-23.3939	144.819
run_0062.root	12795	-60.3113	3.69701
run_0062.root	12888	-35.0929	3.49814
run_0062.root	13226	-30.6814	3.50433
run_0062.root	13421	-50.6227	5.5777
run_0062.root	13659	-45.4387	2.4946
run_0062.root	13889	-30.2625	22.9351
run_0062.root	13973	-46.6264	2.83577
run_0062.root	13994	-38.7772	3.11215
run_0062.root	14078	-36.3784	6.72755
run_0062.root	14127	-42.0331	4.14619
run_0062.root	14477	-20.8067	183.654
run_0062.root	14485	-23.9036	6.36486
run_0062.root	14515	-22.6049	4.46053
run_0062.root	14828	-27.3458	1.09351
run_0062.root	14904	-23.5529	3.13923
run_0062.root	14972	-22.0196	0.815184
run_0062.root	14991	-38.8811	2.72965
run_0062.root	15407	-43.4447	2.01609
run_0062.root	15693	-23.5594	3.30751
run_0062.root	15765	-28.5605	6.69681
run_0062.root	15906	-59.1434	5.9515
run_0062.root	16502	-26.0991	12.6581
run_0062.root	16541	-45.2325	17.5537
run_0062.root	16828	-31.4928	1.23356
run_0062.root	16993	-46.0472	3.79009
run_0062.root	17063	-94.7221	4.27431
run_0062.root	17180	-22.3764	9.20498
run_0062.root	17238	-21.3909	140.078
run_0062.root	17853	-60.1111	5.55238
run_0062.root	18325	-31.256	4.86273
run_0062.root	18332	-51.0928	10.814
run_0062.root	18651	-47.1103	5.67262
run_0062.root	18701	-32.907	9.28656
run_0062.root	18849	-61.0673	10.1802
run_0062.root	18937	-30.4427	0.987188
run_0062.root	18948	-50.1778	6.00854
run_0062.root	19153	-21.0018	0.611466
run_0062.root	19291	-39.5248	1.87411
run_0062.root	19382	-29.4536	0.902701
run_0062.root	19647	-36.5063	3.41856
run_0062.root	19724	-40.7524	3.82315
run_0062.root	19994	-49.483	1.34149
run_0062.root	20069	-21.9761	1.59865
run_0062.root	20181	-23.5515	1.12899
run_0062.root	20325	-33.091	32.8181
run_0062.root	20494	-31.4478	9.7604
run_0062.root	20672	-44.3601	11.4164
run_0062.root	20950	-21.1035	0.798609
run_0062.root	21032	-49.9911	13.7269
run_0062.root	21248	-36.7965	1.77663
run_0062.root	21748	-24.6603	26.3854
run_0062.root	22540	-34.7701	3.1061
run_0062.root	22610	-29.5709	1.4129
run_0062.root	22795	-39.7716	13.2364
run_0062.root	23304	-24.2493	1.52437
run_0062.root	23383	-22.8008	1.1354
run_0062.root	23673	-34.6796	3269.71
run_0062.root	24021	-20.3583	60.1142
run_0062.root	24159	-44.4064	2.01238
run_0062.root	25096	-39.9363	7.7261
run_0062.root	25286	-32.4934	2.39434
run_0062.root	25294	-31.8978	1.51649
run_0062.root	25626	-49.8828	6.16357
run_0062.root	25886	-40.2174	1.94434
run_0062.root	26057	-29.4529	9.97914
run_0062.root	26120	-30.9442	1.71721
run_0062.root	26129	-38.7142	37.8851
run_0062.root	26196	-58.3386	5.0069
run_0062.root	26197	-58.3386	5.0069
run_0062.root	26216	-28.204	1.24383
run_0062.root	26349	-31.0191	88.9002
run_0062.root	26379	-50.1071	2.15532
run_0062.root	26740	-47.7075	2.1513
run_0062.root	27017	-22.8923	2.11669
run_0062.root	27111	-36.3992	4.93948
run_0062.root	27301	-33.3611	4.43502
run_0062.root	27556	-51.5067	5.54583
run_0062.root	27797	-43.3752	48.6281
run_0062.root	28593	-32.8077	2.28127
run_0062.root	28599	-40.1339	9.35419
run_0062.root	28615	-48.8032	2.86581
run_0062.root	28663	-27.1174	37.6438
run_0062.root	28892	-23.3317	0.983329
run_0062.root	28958	-43.7148	5.20543
run_0062.root	29075	-26.8853	26.3095
run_0062.root	29113	-24.4012	0.751901
run_0062.root	29315	-48.8924	2.08305
run_0062.root	29350	-20.1515	0.332833
run_0062.root	29720	-20.0725	6.24256
run_0062.root	29756	-63.0914	6.41705
run_0062.root	29773	-48.7416	1.58395
run_0062.root	29802	-28.2959	3.54866
run_0062.root	29982	-26.9247	2.51969
run_0062.root	30355	-21.9482	1.7961
run_0062.root	30753	-26.8071	0.983791
run_0062.root	30886	-21.6277	2.90125
run_0062.root	31353	-24.8221	0.694805
run_0062.root	31608	-41.02	3.27734
run_0062.root	31696	-21.3208	2.72953
run_0062.root	31740	-33.7346	2.68466
run_0062.root	32073	-36.3581	1.28103
run_0062.root	32163	-43.7971	1.78461
run_0062.root	32466	-34.699	4.24797
run_0062.root	32482	-32.3725	54.066
run_0062.root	32568	-30.1191	1.72015
run_0062.root	32599	-27.3824	0.861808
run_0062.root	32777	-56.7002	7.70545
run_0062.root	32885	-72.5258	0.990002
run_0062.root	32964	-36.6487	1.433
run_0062.root	32980	-32.6935	440.848
run_0062.root	33229	-40.5657	5.23779
run_0062.root	33538	-20.3224	0.396569
run_0062.root	33637	-23.7054	2.99742
run_0062.root	33683	-42.2633	1.6864
run_0062.root	33738	-28.3612	1.09979
run_0062.root	33815	-22.0554	6.0977
run_0062.root	34194	-23.7387	2.59062
run_0062.root	34504	-20.2552	4.17223
run_0062.root	34655	-42.6608	4.12154
run_0062.root	34705	-38.3869	7.41051
run_0062.root	34763	-38.3273	5.20231
run_0062.root	34771	-48.4634	1.6782
run_0062.root	35122	-30.9346	0.586151
run_0062.root	35350	-23.8384	1.57622
run_0062.root	35491	-20.8181	37.3417
run_0062.root	35670	-40.1782	2.84508
run_0062.root	35742	-43.1567	3.00855
run_0062.root	36035	-34.0784	1.41547
run_0062.root	36197	-37.3578	1.26369
run_0062.root	36228	-31.6117	2.13946
run_0062.root	36256	-38.6622	5.85928
run_0063.root	228	-28.3989	8.45016
run_0063.root	391	-50.8656	7.56126
run_0063.root	806	-50.7853	2.65461
run_0063.root	840	-51.101	2746.72
run_0063.root	1587	-33.7304	3.72442
run_0063.root	1858	-31.3002	1.27427
run_0063.root	1859	-25.9957	958.932
run_0063.root	1923	-41.1497	2.31004
run_0063.root	1982	-21.3248	0.464992
run_0063.root	2245	-24.4675	1244.48
run_0063.root	2264	-36.7248	3.03794
run_0063.root	2289	-30.6199	1.32598
run_0063.root	2314	-32.9991	5.1653
run_0063.root	2533	-23.37	8.48392
run_0063.root	2537	-23.8598	4.03791
run_0063.root	2724	-29.3441	1.58919
run_0063.root	2860	-27.383	1.74265
run_0063.root	2958	-36.9619	4.92789
run_0063.root	3071	-32.4247	5.9929
run_0063.root	3073	-24.2889	14.8509
run_0063.root	3211	-22.3864	0.593733
run_0063.root	3218	-31.25	0.628915
run_0063.root	3337	-23.1373	4.53219
run_0063.root	3432	-23.7598	0.499007
run_0063.root	4035	-20.357	11.0922
run_0063.root	4093	-20.7547	0.958266
run_0063.root	4128	-52.5231	12.4112
run_0063.root	4225	-41.988	15.7464
run_0063.root	4556	-28.177	4.47014
run_0063.root	4558	-58.057	10.3101
run_0063.root	4562	-31.0863	0.138733
run_0063.root	5020	-23.3745	5.00498
run_0063.root	5466	-31.5411	1.68927
run_0063.root	5497	-59.8897	2.18048
run_0063.root	5504	-31.6688	117.096
run_0063.root	5603	-22.2464	0.874676
run_0063.root	5871	-57.4361	9.39807
run_0063.root	6440	-36.1516	2.0411
run_0063.root	6764	-27.2718	15.1038
run_0063.root	6945	-27.7156	7.42108
run_0063.root	6971	-34.1686	1.55957
run_0063.root	7200	-31.0036	19.9675
run_0063.root	7470	-24.6068	2.35953
run_0063.root	7704	-22.2904	1.19527
run_0063.root	8014	-22.3145	0.222421
run_0063.root	9151	-45.4155	2.58709
run_0063.root	9182	-44.7939	8.74865
run_0063.root	9489	-22.904	557.307
run_0063.root	9692	-24.7042	7.1456
run_0063.root	9856	-32.6422	81.4143
run_0063.root	10274	-38.2894	3.91971
run_0063.root	10465	-34.7625	2.93012
run_0063.root	10481	-31.1528	1.23349
run_0063.root	10793	-58.2321	2.98587
run_0063.root	11297	-22.6399	1.27398
run_0063.root	11606	-65.3191	16.4112
run_0063.root	11864	-20.4091	1.71033
run_0063.root	11891	-20.6964	1.209
run_0063.root	12257	-65.912	9.70348
run_0063.root	12503	-20.0382	1.54314
run_0063.root	12928	-26.5051	1.78133
run_0063.root	13061	-60.4896	3.47323
run_0063.root	13108	-26.1091	3.01461
run_0063.root	13202	-25.6499	1.91432
run_0063.root	13349	-43.9727	1.94613
run_0063.root	13721	-53.0039	20.0706
run_0063.root	14011	-51.76	7.03913
run_0063.root	14147	-26.728	7.25382
run_0063.root	14202	-43.1375	5.72383
run_0063.root	14246	-42.0622	8.67702
run_0063.root	14355	-42.1182	6.29649
run_0063.root	14495	-65.2097	13.3934
run_0063.root	14521	-49.9255	5.31523
run_0063.root	15022	-46.2833	5.69113
run_0063.root	15342	-21.9855	0.438136
run_0063.root	15401	-38.8313	2.53475
run_0063.root	15579	-24.8161	18.7101
run_0063.root	15652	-59.0848	8.65369
run_0063.root	15688	-20.3502	0.124947
run_0063.root	15754	-25.4354	0.905963
run_0063.root	16183	-33.059	2.83403
run_0063.root	16260	-35.6281	21.7334
run_0063.root	16269	-30.1604	6.36637
run_0063.root	16406	-20.0064	43.3329
run_0063.root	16454	-30.1543	2.7529
run_0063.root	16552	-35.8892	11.9468
run_0063.root	18189	-75.3227	7.57209
run_0063.root	18259	-42.607	1.94056
run_0063.root	18438	-21.0333	0.397627
run_0063.root	18560	-22.2092	0.900729
run_0063.root	19016	-20.6002	56.2
run_0063.root	19017	-20.6002	56.2
run_0063.root	19202	-41.3524	2.69188
run_0063.root	19329	-25.5259	5.42788
run_0063.root	19664	-22.2852	0.699325
run_0063.root	19687	-41.472	3.24425
run_0063.root	20123	-31.4959	2.10777
run_0063.root	20155	-25.6498	1.94281
run_0063.root	20336	-55.6894	7.24784
run_0063.root	20337	-55.6894	7.24784
run_0063.root	20413	-37.8958	5.69377
run_0063.root	21072	-23.1724	14.632
run_0063.root	21367	-20.6211	0.54518
run_0063.root	21419	-33.5555	2.18811
run_0063.root	21531	-43.2387	2.92237
run_0063.root	21661	-23.7886	3.14059
run_0063.root	22276	-40.5124	2.85309
run_0063.root	22534	-27.8389	10.5057
run_0063.root	22568	-63.2415	6.38051
run_0063.root	22664	-44.9268	4.42208
run_0063.root	22783	-27.3832	3.20409
run_0063.root	22986	-24.8784	1.39035
run_0063.root	22997	-35.8738	1.98442
run_0063.root	23107	-21.7402	8.86584
run_0063.root	23591	-47.3543	6.63557
run_0063.root	23784	-44.3873	3.99094
run_0063.root	23833	-22.5313	95.5738
run_0063.root	24206	-51.0273	7.41382
run_0063.root	25032	-45.526	3.64514
run_0063.root	25059	-28.77	3044.35
run_0063.root	25252	-58.7192	2.12445
run_0063.root	25281	-71.7772	4.49749
run_0063.root	25445	-21.2286	1.38022
run_0063.root	25460	-20.6086	5.40009
run_0063.root	25667	-24.0702	2.87881
run_0063.root	25885	-27.0258	20.0634
run_0063.root	26081	-39.3613	3.11553
run_0063.root	26238	-65.5374	6.83831
run_0063.root	26582	-20.6859	63.9648
run_0063.root	26593	-45.9485	8.32286
run_0063.root	27018	-33.2396	1.44376
run_0063.root	27406	-39.7368	1.71147
run_0063.root	27598	-40.5046	4.38556
run_0063.root	27752	-44.1313	5.98161
run_0063.root	27837	-41.5821	4.47906
run_0063.root	28000	-22.7608	0.783751
run_0063.root	28016	-25.9556	237.995
run_0063.root	28031	-48.338	3.63594
run_0063.root	28071	-37.4792	3.34719
run_0063.root	28342	-73.671	12.578
run_0063.root	28459	-61.1271	9.99333
run_0063.root	28479	-29.6707	0.557768
run_0063.root	28604	-48.6101	3.75524
run_0063.root	28694	-26.505	878.374
run_0063.root	28874	-21.5338	0.350163
run_0063.root	28935	-20.9281	0.849195
run_0063.root	28981	-25.8392	4.06838
run_0063.root	29026	-26.9523	1.07428
run_0063.root	29091	-30.2748	11.0241
run_0063.root	29456	-27.4632	65.501
run_0063.root	29491	-22.7934	0.501563
run_0063.root	29776	-30.9754	4.50062
run_0063.root	30432	-52.1212	2.33078
run_0063.root	30503	-22.3636	1.39882
run_0063.root	30776	-46.3717	2.59722
run_0063.root	31003	-31.9499	0.715938
run_0063.root	31009	-31.4481	1.35477
run_0063.root	31168	-22.6351	3.24333
run_0063.root	31199	-23.0051	2.04829
run_0063.root	31327	-20.8097	2.76988
run_0063.root	31757	-23.4429	31.9833
run_0063.root	31809	-24.0754	0.960975
run_0063.root	32159	-23.0156	0.900863
run_0063.root	32367	-29.3178	1.28551
run_0063.root	32450	-27.4311	2.3094
run_0063.root	33102	-20.1078	3.37096
run_0063.root	33111	-33.5866	10.6371
run_0063.root	33213	-24.8413	26.7089
run_0063.root	33953	-31.5129	7.40304
run_0063.root	34175	-41.0016	3.50917
run_0063.root	34563	-45.7782	2.44974
run_0063.root	34923	-32.1282	144.387
run_0063.root	34934	-28.6631	2.09314
run_0063.root	34947	-43.1133	1267.41
run_0063.root	35728	-23.5538	1.72549
run_0063.root	35972	-49.0138	32.5224
run_0063.root	36105	-25.2703	11.1186
run_0063.root	36120	-57.5509	5.1783
run_0063.root	36462	-22.3725	0.701387
run_0063.root	36690	-28.4493	1.47538
run_0063.root	36741	-29.5336	3.8121
run_0063.root	36811	-37.3607	4.57749
run_0063.root	36896	-35.1203	3.65949
run_0063.root	36932	-48.5808	3.80413
run_0063.root	36960	-24.8291	3.44151
run_0063.root	37249	-25.8363	636.055
run_0063.root	37271	-51.736	2.0521
run_0063.root	37459	-20.6064	4.23078
run_0063.root	37809	-23.2521	3.07004
run_0063.root	38048	-57.3655	4.93776
run_0063.root	38073	-45.3423	7.42451
run_0063.root	38098	-28.9792	1.58819
run_0063.root	38128	-22.9523	5.17933
run_0063.root	38211	-28.7588	8.42856
run_0063.root	38315	-43.2517	5.00509
run_0063.root	38415	-32.954	3.48543
run_0063.root	38467	-58.2476	11.9223
run_0063.root	38533	-44.6643	5.94097
run_0063.root	38740	-23.2115	0.412657
run_0063.root	38757	-64.0359	5.27484
run_0063.root	38821	-28.4632	430.926
run_0063.root	39041	-87.9226	11.6343
run_0063.root	39248	-25.005	1.02629
run_0063.root	39721	-21.6413	1.01708
run_0063.root	39751	-40.2202	21.7061
run_0063.root	39790	-34.4955	10.9511
run_0063.root	39927	-35.8164	0.92828
run_0063.root	39980	-58.93	8.29387
run_0063.root	40166	-33.2371	37.756
run_0063.root	40810	-27.7046	7.61628
run_0063.root	40844	-25.9621	1.35213
run_0063.root	41275	-60.2924	2.09464
run_0063.root	41276	-23.8165	1.77265
run_0063.root	41804	-26.5061	1.55242
run_0063.root	41805	-29.3884	8.87471
run_0063.root	41989	-51.7491	2.75078
run_0063.root	42011	-21.7933	1.90467
run_0063.root	42195	-31.8626	4.17543
run_0063.root	42352	-22.5169	453.543
run_0063.root	42455	-28.4517	0.87156
run_0063.root	42638	-26.2134	6.70106
run_0063.root	42883	-21.4057	176027
run_0063.root	43006	-35.1447	3.69332
run_0063.root	43236	-38.2708	1.81995
run_0063.root	43684	-20.4641	0.230576
run_0063.root	43798	-33.4929	3.19002
run_0063.root	43823	-25.708	1.86411
run_0063.root	43884	-21.853	2.64312
run_0063.root	44036	-24.7484	10.8778
run_0063.root	44566	-41.6993	2.85459
run_0063.root	44699	-46.2655	5.80235
run_0063.root	44819	-20.8439	1.47297
run_0063.root	46007	-20.7342	0.291177
run_0063.root	46062	-44.5812	1.87269
run_0063.root	46162	-38.5113	3.7859
run_0063.root	46195	-42.186	16.0965
run_0063.root	46588	-51.6954	4.82744
run_0063.root	46764	-41.6254	2.41516
run_0063.root	46939	-24.1309	18.6705
run_0063.root	47363	-70.0421	30.0592
run_0063.root	47427	-30.4508	20.891
run_0063.root	47962	-20.3116	35.5727
run_0063.root	48243	-39.6878	2.39259
run_0063.root	48406	-54.0107	4.45929
run_0063.root	48479	-22.4886	28.2534
run_0063.root	48724	-31.7616	4.54844
run_0063.root	48804	-25.8039	9042.65
run_0063.root	48925	-29.7749	5.57146
run_0063.root	49082	-22.6364	1.95211
run_0063.root	49158	-25.6924	3.70775
run_0063.root	49352	-34.1128	2.09972
run_0063.root	49535	-55.1594	5.1578
run_0063.root	50001	-31.2694	1.42789
run_0063.root	50238	-33.4408	1.30652
run_0063.root	50243	-29.8651	3.84462
run_0063.root	50425	-20.8253	0.664559
run_0063.root	50657	-20.9024	1.34175
run_0063.root	50817	-27.5517	1.16619
run_0063.root	51027	-41.8559	2.90897
run_0063.root	51707	-63.3423	9.53502
run_0063.root	51738	-35.9893	1.25756
run_0063.root	51887	-42.793	4.34199
run_0063.root	51888	-42.793	4.34199
run_0063.root	52149	-67.3168	7.33416
run_0063.root	52183	-50.6995	8.19068
run_0063.root	52203	-33.1832	2.02886
run_0063.root	52359	-30.5066	10.8333
run_0063.root	52541	-24.569	3.61653
run_0063.root	52871	-68.34	4.37166
run_0063.root	52901	-66.9265	14.8029
run_0063.root	52919	-69.0396	16.3506
run_0063.root	53011	-50.8256	5.98146
run_0063.root	53714	-56.7502	66.7455
run_0063.root	53715	-56.7502	66.7455
run_0063.root	53965	-37.3961	4.44196
run_0063.root	54016	-21.1595	3.35072
run_0063.root	54239	-52.023	11.4737
run_0063.root	54370	-21.5248	1.22302
run_0063.root	54610	-20.7788	1.06697
run_0063.root	55129	-36.3225	7.13595
run_0063.root	55616	-36.8615	6.40891
run_0063.root	55653	-20.4318	1.60598
run_0063.root	55775	-29.46	1.80676
run_0063.root	56283	-52.2043	27.6548
run_0063.root	56327	-32.7565	40.8282
run_0063.root	56407	-34.9677	1.41442
run_0063.root	56460	-22.101	0.94476
run_0063.root	56691	-30.0327	1.82121
run_0063.root	56938	-27.6436	3.69255
run_0063.root	57071	-56.7046	5.69422
run_0063.root	57210	-22.1422	35.2928
run_0063.root	57291	-30.7717	7.3891
run_0063.root	57640	-23.0038	1.06974
run_0063.root	57759	-55.7524	3.32289
run_0063.root	57905	-29.9336	1.24544
run_0063.root	58458	-28.5274	3.39958
run_0063.root	58508	-34.9853	1.12062
run_0063.root	58657	-45.1199	3.5789
run_0063.root	58677	-38.5835	3.15252
run_0063.root	58687	-27.3243	70.7818
run_0063.root	58782	-33.615	2.29864
run_0063.root	58803	-53.6674	24.6072
run_0063.root	58826	-22.238	8.31213
run_0063.root	58882	-39.7631	7.64925
run_0063.root	58884	-42.6762	2.19428
run_0063.root	59311	-54.8147	11.7507
run_0063.root	59312	-54.8147	11.7507
run_0063.root	59425	-22.592	8.88904
run_0063.root	59431	-64.3007	12.0392
run_0063.root	59630	-37.7814	20.4542
run_0063.root	59644	-52.892	8.53605
run_0064.root	56	-32.1808	1.25111
run_0064.root	185	-76.1547	5.36505
run_0064.root	301	-25.4032	0.632761
run_0064.root	367	-24.9236	3.03212
run_0064.root	541	-63.6982	4.00377
run_0064.root	830	-35.6068	2.88587
run_0064.root	875	-34.2034	4.10376
run_0064.root	917	-27.6272	2.53014
run_0064.root	959	-78.4836	6.18139
run_0064.root	1129	-44.6938	12.8744
run_0064.root	1424	-25.0763	0.893849
run_0064.root	1647	-29.3332	1.23843
run_0064.root	1763	-28.666	2.10594
run_0064.root	1953	-27.4923	3.96246
run_0064.root	1959	-34.1702	0.916692
run_0064.root	2238	-32.138	2.57994
run_0064.root	2286	-41.7163	4.42488
run_0064.root	2591	-38.3973	2.65082
run_0064.root	2762	-47.4321	2.94914
run_0064.root	2792	-46.8112	5.22507
run_0064.root	2947	-22.7172	10.0975
run_0064.root	2982	-36.5771	3.80904
run_0064.root	3245	-24.3442	3.54814
run_0064.root	3371	-24.3407	7944.82
run_0064.root	3464	-20.1033	1.4493
run_0064.root	3486	-43.9295	13.8442
run_0064.root	3968	-37.5055	3.36807
run_0064.root	4137	-23.1521	1.77166
run_0064.root	4190	-54.9181	5.24493
run_0064.root	4412	-29.0905	6.72844
run_0064.root	4432	-21.1753	0.839034
run_0064.root	4468	-51.8245	7.61229
run_0064.root	4811	-68.4715	6.30318
run_0064.root	5071	-20.2474	1.06057
run_0064.root	5330	-38.6048	4.19395
run_0064.root	5556	-90.9568	6.68739
run_0064.root	5656	-20.9214	0.344356
run_0064.root	5910	-59.4734	6.13315
run_0064.root	6253	-36.2027	2.32056
run_0064.root	6442	-28.0744	4.97927
run_0064.root	6687	-24.7578	5.6252
run_0064.root	6695	-24.7929	1.2016
run_0064.root	6721	-27.7775	1.38321
run_0064.root	6736	-21.6787	11261.9
run_0064.root	6907	-26.9462	11.35
run_0064.root	7567	-22.914	1.56827
run_0064.root	7679	-65.0348	7.88178
run_0064.root	8097	-29.7514	2.0465
run_0064.root	8848	-32.8645	4.61105
run_0064.root	9033	-20.2515	0.670169
run_0064.root	9094	-28.2601	5.20427
run_0064.root	9109	-23.173	0.995482
run_0064.root	9132	-59.5498	2.32044
run_0064.root	9427	-44.2616	1.77592
run_0064.root	9476	-22.3097	1.66928
run_0064.root	9613	-50.3096	3.94912
run_0064.root	9634	-60.8716	31.0399
run_0064.root	9692	-21.3562	4.88749
run_0064.root	9870	-33.4874	2.12122
run_0064.root	9933	-41.1542	3.57343
run_0064.root	10339	-39.7668	4.33493
run_0064.root	11090	-40.4862	14.5284
run_0064.root	11122	-33.579	3.56111
run_0064.root	11160	-25.1709	126.985
run_0064.root	11537	-32.6168	1.22622
run_0064.root	11723	-34.0969	1.93266
run_0064.root	11763	-23.2331	5.09423
run_0064.root	11972	-53.2096	5.46102
run_0064.root	12448	-34.7778	0.949567
run_0064.root	12451	-26.6137	1.62477
run_0064.root	12658	-25.586	0.55141
run_0064.root	12986	-28.4368	8.73425
run_0064.root	13143	-23.0332	13.3766
run_0064.root	13297	-25.3922	2.03429
run_0064.root	13463	-22.5085	2.71607
run_0064.root	13738	-25.5158	2.6384
run_0064.root	14328	-43.5632	3.64426
run_0064.root	14440	-36.5574	6.22547
run_0064.root	14542	-24.4119	0.589224
run_0064.root	14622	-25.1006	44.3235
run_0064.root	14890	-23.1311	1.0709
run_0064.root	14973	-45.5604	9.92074
run_0064.root	15120	-44.3305	3.76351
run_0064.root	15132	-20.1964	33.6
run_0064.root	15169	-20.9949	1.75139
run_0064.root	15235	-59.6073	5.16421
run_0064.root	15667	-30.6498	10.753
run_0064.root	15752	-40.8393	3.32661
run_0064.root	15958	-27.1073	5.96562
run_0064.root	16127	-26.2074	1.08167
run_0064.root	16224	-43.5071	16.1382
run_0064.root	16717	-21.3822	1.59663
run_0064.root	16982	-23.7086	1.13999
run_0064.root	17186	-22.6589	1.15179
run_0064.root	17216	-22.4449	4.39866
run_0064.root	17605	-28.7178	2.88907
run_0064.root	17862	-61.1197	4.93462
run_0064.root	17948	-29.2597	2.08162
run_0064.root	18155	-54.8203	8.60134
run_0064.root	18352	-59.7808	20.836
run_0064.root	18406	-44.5362	1413.86
run_0064.root	18483	-40.2399	11.6757
run_0064.root	18549	-68.8759	6.46857
run_0064.root	18826	-56.129	8.9109
run_0064.root	18827	-56.129	8.9109
run_0064.root	18876	-31.453	35.5862
run_0064.root	18881	-51.1578	3.86453
run_0064.root	19011	-31.5675	6.59809
run_0064.root	19278	-21.9907	0.559284
run_0064.root	19301	-24.249	2.93716
run_0064.root	19635	-37.9728	5.20268
run_0064.root	19682	-20.7252	3.69247
run_0064.root	19835	-23.1336	1.49252
run_0064.root	19846	-27.3119	19.8199
run_0064.root	19847	-24.4742	0.943457
run_0064.root	19850	-86.784	16.6014
run_0064.root	20267	-46.9529	3.12288
run_0064.root	20441	-25.6873	6.42172
run_0064.root	20443	-67.2455	1.54378
run_0064.root	20444	-67.2455	1.54378
run_0064.root	20784	-28.7559	0.966398
run_0064.root	20792	-24.4124	0.96852
run_0064.root	20806	-49.2454	3.58956
run_0064.root	21036	-36.5179	3.64016
run_0064.root	21098	-50.536	3.47219
run_0064.root	21693	-22.5288	2.1999
run_0064.root	21840	-53.0236	3.25942
run_0064.root	21928	-22.7695	7.12101
run_0064.root	21959	-50.8016	5.53885
run_0064.root	21963	-21.4518	0.659644
run_0064.root	22005	-21.0487	29.1896
run_0064.root	22203	-28.2843	108.29
run_0064.root	22300	-56.7498	10.7137
run_0064.root	22553	-25.4673	15.3814
run_0064.root	22586	-20.6072	186.958
run_0064.root	23072	-22.0965	51.8655
run_0064.root	23727	-34.1595	3.20389
run_0064.root	23863	-26.8059	2.48117
run_0064.root	23878	-26.6078	107.625
run_0064.root	24163	-25.3316	61.7891
run_0064.root	24213	-22.7298	0.658868
run_0064.root	24216	-23.233	0.600796
run_0064.root	24428	-23.7923	54.2653
run_0064.root	24444	-38.3626	1.23457
run_0064.root	24653	-42.1039	3.11874
run_0064.root	25239	-38.7082	6.29885
run_0064.root	25413	-33.7861	2.59373
run_0064.root	25453	-21.8795	3.9594
run_0064.root	25608	-25.008	1.74207
run_0064.root	25609	-25.008	1.74207
run_0064.root	25612	-27.2156	2.56144
run_0064.root	25643	-32.4117	3.56395
run_0064.root	25848	-28.5192	1.06936
run_0064.root	25969	-27.8893	0.670266
run_0064.root	26309	-21.5368	1.75588
run_0064.root	26391	-24.6697	464.086
run_0064.root	26610	-35.8078	6.87267
run_0064.root	26798	-21.6326	1.60312
run_0064.root	26928	-23.387	24.4017
run_0064.root	27112	-58.574	7.95611
run_0064.root	27252	-25.9382	6.49899
run_0064.root	27742	-23.7508	3.02116
run_0064.root	28345	-23.4422	6.11883
run_0064.root	29339	-38.7849	13.9001
run_0064.root	29439	-25.8862	30.6566
run_0064.root	29465	-28.2768	9.57076
run_0064.root	29582	-23.3419	169.364
run_0064.root	29771	-39.9822	4.04121
run_0064.root	30025	-28.1003	1.31627
run_0064.root	30056	-23.6176	1.76133
run_0064.root	30605	-30.6657	4.67522
run_0064.root	30663	-41.328	5.04148
run_0064.root	30675	-36.1573	3.07131
run_0064.root	30810	-26.7709	19.0442
run_0064.root	30873	-42.3536	5.06038
run_0064.root	30891	-25.3529	3.20056
run_0064.root	30897	-26.0236	2.56523
run_0064.root	30989	-25.5937	4.03003
run_0064.root	31527	-33.3058	5.67057
run_0064.root	31550	-64.6087	6.43195
run_0064.root	31945	-53.5271	2.53801
run_0064.root	32213	-26.713	2.32329
run_0064.root	32480	-71.734	3.16766
run_0064.root	32503	-25.4166	0.593259
run_0064.root	32510	-57.398	5.88976
run_0064.root	32811	-20.8848	3.49207
run_0064.root	32887	-54.123	7.47548
run_0064.root	33329	-32.0853	2.13199
run_0064.root	33652	-22.7203	13.2525
run_0064.root	34030	-22.8014	4.64029
run_0064.root	34034	-46.3765	4.03418
run_0064.root	34280	-27.8431	1.05719
run_0064.root	34363	-49.8067	504.309
run_0064.root	34444	-31.1891	1.48283
run_0064.root	34704	-39.3393	7.52617
run_0064.root	34947	-30.1291	2.49381
run_0064.root	35048	-36.467	6.02371
run_0064.root	35343	-39.8026	4.03536
run_0064.root	35687	-21.6066	2.51407
run_0064.root	35792	-38.3509	13.0913
run_0064.root	35995	-33.7767	4.04954
run_0064.root	36007	-35.7516	1.99038
run_0064.root	36237	-27.4533	2.7729
run_0064.root	36466	-22.0407	0.327
run_0064.root	36535	-22.9746	3.98578
run_0064.root	36621	-27.6648	95.857
run_0064.root	36906	-20.9086	36.6614
run_0064.root	37307	-21.8884	155.092
run_0064.root	37528	-23.5884	4.37554
run_0064.root	38028	-22.2646	175.457
run_0064.root	38344	-48.5535	2.98347
run_0064.root	38470	-37.7293	27.2769
run_0064.root	38638	-26.4186	0.676718
run_0064.root	38645	-21.017	46.2801
run_0064.root	38658	-49.1968	14.0309
run_0064.root	39330	-52.6137	9.41279
run_0064.root	39352	-31.2432	1.61855
run_0064.root	39597	-20.7619	3.21258
run_0064.root	39997	-44.141	2.98902
run_0064.root	40249	-62.7733	6.7587
run_0064.root	40437	-29.6131	0.816945
run_0064.root	40466	-20.3262	6.89563
run_0064.root	40578	-21.6245	0.904971
run_0064.root	40619	-29.7018	0.299874
run_0064.root	40634	-27.9623	0.649307
run_0064.root	40804	-46.1022	4.57032
run_0064.root	40841	-40.8036	3.1272
run_0064.root	40916	-32.2348	2.01031
run_0064.root	40917	-22.53	0.558465
run_0064.root	40933	-46.7708	9.26167
run_0064.root	41093	-28.8743	2.27771
run_0064.root	41108	-41.2247	10.3337
run_0064.root	41659	-77.6805	3.10919
run_0064.root	42000	-39.1409	6.54989
run_0064.root	42236	-59.7774	5.22016
run_0064.root	42562	-30.1694	68.4431
run_0064.root	42581	-33.1824	2.93677
run_0064.root	42657	-54.4982	5.9823
run_0064.root	43009	-21.3021	3.58726
run_0064.root	43143	-39.5394	6.34464
run_0064.root	43218	-24.2802	0.934796
run_0064.root	43684	-27.2228	2.09114
run_0064.root	43874	-33.3682	1.81203
run_0064.root	43964	-28.7246	1.64512
run_0064.root	44276	-48.9375	4.23272
run_0064.root	44317	-38.8293	1.01932
run_0064.root	44428	-22.7292	4.44299
run_0064.root	44541	-49.1165	15.2669
run_0064.root	44609	-23.385	12.9238
run_0064.root	45005	-78.9534	6.72374
run_0064.root	45118	-51.2877	4.61978
run_0064.root	45141	-21.6143	0.865052
run_0064.root	45146	-21.3464	453.794
run_0064.root	45315	-28.0441	1.30978
run_0064.root	45467	-23.3408	0.540728
run_0064.root	46300	-25.5202	42.8561
run_0064.root	46450	-29.6824	5.7232
run_0064.root	46552	-24.4124	1.12922
run_0064.root	46722	-22.9762	5.43181
run_0064.root	46790	-22.9529	6.64564
run_0064.root	47194	-32.5519	3.05127
run_0064.root	47661	-39.1897	1.20761
run_0064.root	47880	-25.9176	1.16504
run_0064.root	48251	-145.702	1.29223
run_0064.root	48377	-52.0329	5.82094
run_0064.root	48455	-41.4522	3.15616
run_0064.root	48545	-53.1269	9.18597
run_0064.root	48794	-28.7732	1.0909
run_0064.root	49160	-21.6035	0.924605
run_0064.root	49386	-31.0572	5.21058
run_0064.root	49404	-47.333	2.99838
run_0064.root	49513	-25.5051	0.757415
run_0064.root	50044	-49.2724	3.74217
run_0064.root	50322	-69.4417	8.17562
run_0064.root	50330	-20.3697	34.3859
run_0064.root	50344	-30.0785	4.26081
run_0064.root	50436	-53.7068	9.31573
run_0064.root	50744	-28.4914	4.1696
run_0064.root	50883	-32.5252	1.96565
run_0064.root	51073	-37.4202	2.16859
run_0064.root	51107	-29.271	7.72112
run_0064.root	51483	-43.0834	1.36202
run_0064.root	51569	-21.7104	6.32838
run_0064.root	51620	-37.0976	7.85264
run_0064.root	51977	-55.2303	10.4221
run_0064.root	52130	-25.5282	0.68492
run_0064.root	52582	-55.105	7.7401
run_0064.root	52655	-43.3875	4.87907
run_0064.root	52684	-21.6363	0.707181
run_0064.root	53222	-25.8594	11.2595
run_0064.root	53224	-52.2955	4.1104
run_0064.root	53225	-52.2955	4.1104
run_0064.root	53294	-30.5694	0.128933
run_0064.root	53395	-23.6549	0.479079
run_0064.root	53421	-38.7069	57.717
run_0064.root	53943	-44.5215	2.48773
run_0064.root	53967	-49.8677	2.2394
run_0064.root	54468	-21.819	0.189912
run_0064.root	54763	-28.0055	6.989
run_0064.root	54866	-22.2139	4.14291
run_0064.root	54937	-38.2087	1.18015
run_0064.root	55138	-47.4434	3.62352
run_0064.root	55338	-20.612	10.8773
run_0064.root	55383	-37.8613	7.26027
run_0064.root	55557	-21.3193	4.52125
run_0064.root	55669	-21.1208	1.10278
run_0064.root	55819	-48.4815	6.30122
run_0064.root	55822	-29.265	2.28043
run_0064.root	56091	-31.1886	2.03453
run_0064.root	56253	-34.388	2.7681
run_0064.root	56348	-22.8051	44.8366
run_0064.root	56409	-31.0985	3.53617
run_0064.root	56522	-47.1758	7.33991
run_0064.root	56596	-55.2371	7.69904
run_0064.root	56755	-21.2199	1.45409
run_0064.root	56765	-35.8091	4.00574
run_0064.root	56836	-32.1442	1.62708
run_0064.root	56910	-23.2046	3.78742
run_0064.root	57018	-30.3927	57.1407
run_0064.root	57348	-24.7685	33.6712
run_0064.root	57559	-29.7808	2.14558
run_0064.root	57603	-20.0441	0.73696
run_0064.root	58036	-20.3949	0.496929
run_0064.root	58040	-35.4647	1.35222
run_0064.root	58117	-40.8838	3.02639
run_0064.root	58597	-48.0513	1.50989
run_0064.root	58909	-62.8959	15.7596
run_0064.root	59655	-37.6726	1.39149
run_0064.root	59683	-22.6554	20.3504
run_0064.root	59837	-52.6389	10.4517
run_0064.root	59901	-43.1412	8.569
run_0064.root	60202	-52.1432	5.40028
run_0064.root	60443	-22.9995	3.37287
run_0064.root	60621	-23.5388	1.29432
run_0064.root	60716	-23.8277	0.922299
run_0064.root	60967	-37	59.2038
run_0064.root	61059	-22.1991	3.64009
run_0064.root	61223	-48.043	9.63506
run_0064.root	61757	-21.6499	0.33552
run_0064.root	61998	-33.6696	2.15236
run_0064.root	62168	-43.345	3.03915
run_0064.root	62499	-34.812	3.37394
run_0064.root	62525	-30.6572	1.35304
run_0064.root	62631	-21.0865	1.89904
run_0064.root	62855	-33.2728	124.648
run_0064.root	62975	-27.9171	2.35805
run_0064.root	63031	-57.7401	18.1577
run_0064.root	63074	-37.4094	3.23027
run_0064.root	63252	-22.9954	2.41896
run_0064.root	63312	-36.2759	114.757
run_0064.root	63545	-22.7702	0.782122
run_0064.root	63548	-23.7197	2.97334
run_0064.root	63620	-64.2495	9.99774
run_0064.root	63957	-41.8029	2.82929
run_0064.root	64186	-63.7638	12.9512
run_0064.root	65127	-21.2745	5.54218
run_0064.root	65267	-21.0164	20.6596
run_0064.root	65604	-47.0669	1.93881
run_0064.root	65667	-99.5729	8.12219
run_0064.root	65746	-27.2436	82.2998
run_0064.root	65859	-24.5433	2.60622
run_0064.root	65955	-39.4288	6.53669
run_0064.root	66182	-38.3038	2.38648
run_0064.root	66494	-43.6615	3.01295
run_0064.root	66565	-23.7415	0.812133
run_0064.root	66855	-41.2698	1.7538
run_0064.root	67790	-25.8296	1.29655
run_0064.root	67850	-65.3195	12.5484
run_0064.root	67866	-35.3094	9.45469
run_0064.root	67903	-20.2316	3.68803
run_0064.root	67955	-45.7287	2.23035
run_0064.root	68032	-20.3801	1.97312
run_0064.root	68495	-64.7105	943.739
run_0064.root	68626	-42.4916	45.1986
run_0064.root	68750	-25.2358	0.816081
run_0064.root	68775	-41.475	4.89043
run_0064.root	68787	-53.0045	3.83838
run_0064.root	68863	-29.9518	0.941693
run_0064.root	69109	-26.935	0.929479
run_0065.root	22	-84.9834	16.019
run_0065.root	119	-42.7911	4.30824
run_0065.root	683	-25.2508	4.89358
run_0065.root	735	-22.5128	4.70063
run_0065.root	859	-23.3113	0.619691
run_0065.root	929	-22.2848	14.2189
run_0065.root	1082	-28.2536	1.15562
run_0065.root	1208	-25.3826	9.55772
run_0065.root	1292	-30.1135	2.65395
run_0065.root	1468	-25.1172	0.134305
run_0065.root	1593	-36.0871	9.83172
run_0065.root	1885	-24.1763	0.766475
run_0065.root	1966	-27.1991	3.20817
run_0065.root	1983	-36.9401	1.93483
run_0065.root	2374	-87.4288	6.94199
run_0065.root	2474	-38.2213	6.90587
run_0065.root	2489	-20.7228	0.816766
run_0065.root	2777	-23.0632	1.1829
run_0065.root	2939	-75.7606	16.7895
run_0065.root	3011	-39.4358	1.90424
run_0065.root	3203	-46.9672	4.64791
run_0065.root	3213	-23.7997	1.1218
run_0065.root	3220	-24.3383	320.198
run_0065.root	3423	-43.8831	3.22635
run_0065.root	3704	-32.3183	1.87879
run_0065.root	4139	-22.1107	0.431255
run_0065.root	4362	-57.1645	7.56673
run_0065.root	4408	-28.2669	4.67444
run_0065.root	4491	-54.4586	3.12322
run_0065.root	4507	-27.8799	275.496
run_0065.root	4585	-63.2491	17.4501
run_0065.root	4664	-40.4463	2.79925
run_0065.root	4993	-21.0387	3.1246
run_0065.root	5086	-26.4383	2.57494
run_0065.root	5513	-22.8636	0.449249
run_0065.root	6303	-24.3516	0.9954
run_0065.root	6944	-22.1846	65.9352
run_0065.root	6947	-32.8462	3.74869
run_0065.root	7505	-43.9645	3.11616
run_0065.root	7584	-52.3434	400.924
run_0065.root	7906	-58.331	4.3986
run_0065.root	7907	-58.331	4.3986
run_0065.root	8047	-34.6247	4.93217
run_0065.root	8875	-27.3539	4.72287
run_0065.root	9127	-29.621	5.42373
run_0065.root	9601	-43.3319	2.08265
run_0065.root	9691	-30.4469	1105.88
run_0065.root	9912	-49.7689	5.35288
run_0065.root	10237	-21.8581	18.8273
run_0065.root	10532	-32.6897	15.6284
run_0065.root	11115	-21.3036	0.342767
run_0065.root	11382	-59.6963	20.6726
run_0065.root	11751	-53.7402	3.2376
run_0065.root	12285	-27.0994	21.0055
run_0065.root	12286	-27.0994	21.0055
run_0065.root	12416	-34.3951	1.31452
run_0065.root	12491	-31.6348	12.7364
run_0065.root	12511	-44.4852	10.919
run_0065.root	12576	-30.0107	0.925298
run_0065.root	12703	-26.3478	79.8776
run_0065.root	12955	-25.8226	0.860215
run_0065.root	13010	-25.5653	68.6388
run_0065.root	13118	-31.8374	1.54269
run_0065.root	13627	-23.8192	5.72663
run_0065.root	14110	-23.093	2.22009
run_0065.root	14352	-22.353	1.2026
run_0065.root	14921	-44.9058	4.07793
run_0065.root	15134	-24.387	2.09786
run_0065.root	15174	-30.148	0.933039
run_0065.root	15316	-45.4273	6.91622
run_0065.root	15532	-33.1421	3.35386
run_0065.root	15730	-22.953	1.30954
run_0065.root	15875	-28.3181	1.19944
run_0065.root	16068	-24.6849	287.829
run_0065.root	16089	-25.9127	0.457943
run_0065.root	16945	-38.6769	1.42214
run_0065.root	17010	-36.9019	8.01838
run_0065.root	17079	-23.05	0.852337
run_0065.root	17137	-25.9419	1.05053
run_0065.root	17292	-25.8804	8.65604
run_0065.root	17461	-72.5476	5.15738
run_0065.root	17925	-30.3083	3.32518
run_0065.root	18195	-22.0269	0.780624
run_0065.root	18315	-22.3056	0.434176
run_0065.root	18412	-26.8417	2.91065
run_0065.root	18868	-20.1185	0.875527
run_0065.root	18889	-23.5695	20.0766
run_0065.root	19379	-24.6796	1.17916
run_0065.root	19460	-26.3396	2.56148
run_0065.root	19477	-31.1604	3.29378
run_0065.root	19482	-37.4469	1.95902
run_0065.root	19707	-49.5671	4.22133
run_0065.root	19716	-55.7896	31.3572
run_0065.root	19951	-30.8917	0.996581
run_0065.root	20014	-26.5627	11.327
run_0065.root	20015	-26.5627	11.327
run_0065.root	20117	-28.2742	2.95805
run_0065.root	20144	-38.6803	8.185
run_0065.root	20185	-37.4453	2.52354
run_0065.root	20308	-28.7077	0.925793
run_0065.root	20312	-42.8566	1.84363
run_0065.root	20642	-33.382	2.413
run_0065.root	20702	-20.504	2.17418
run_0065.root	20909	-40.6759	2.35126
run_0065.root	21042	-45.0758	2.00115
run_0065.root	21204	-21.3283	4.02446
run_0065.root	21368	-56.4878	8.90843
run_0065.root	21528	-62.5952	9.40448
run_0065.root	21706	-26.9423	0.883214
run_0065.root	22078	-28.0406	2.53087
run_0065.root	22131	-31.6308	2.92143
run_0065.root	22164	-25.7581	26.1831
run_0065.root	22485	-45.1741	1.73623
run_0065.root	22890	-42.596	1.97723
run_0065.root	22958	-20.1566	1.6792
run_0065.root	23005	-25.3381	0.733521
run_0065.root	23218	-48.7066	5.00267
run_0065.root	23396	-35.818	2.78767
run_0065.root	23683	-29.3464	3.3979
run_0065.root	23786	-24.2713	177.929
run_0065.root	23850	-47.9919	6.86755
run_0065.root	24944	-23.3842	4.45317
run_0065.root	25298	-24.5223	12.2437
run_0065.root	25335	-27.2343	2.7917
run_0065.root	25404	-39.6391	5.29417
run_0065.root	25423	-57.2491	14.3646
run_0065.root	25650	-20.235	4.77497
run_0065.root	25710	-26.2849	7.05862
run_0065.root	25711	-26.2849	7.05862
run_0065.root	25761	-24.6359	0.764513
run_0065.root	25808	-26.8463	32.3334
run_0065.root	25812	-30.628	0.762834
run_0065.root	26119	-25.9693	3.3858
run_0065.root	26189	-37.0267	5.47725
run_0065.root	26332	-21.1814	7.4683
run_0065.root	26851	-34.0292	5.87483
run_0065.root	26880	-20.4366	0.42348
run_0065.root	26947	-29.8007	1.08674
run_0065.root	27032	-26.8211	6.13719
run_0065.root	27089	-58.0949	4.57992
run_0065.root	27307	-48.1242	6.20574
run_0065.root	27338	-68.2119	8.09055
run_0065.root	27625	-23.6158	1.63069
run_0065.root	27693	-66.8012	10.041
run_0065.root	27768	-76.9391	9.33258
run_0065.root	28031	-37.4315	0.814105
run_0065.root	28492	-70.8449	12.0831
run_0065.root	28514	-40.591	1.55279
run_0065.root	28526	-57.0077	8.78204
run_0065.root	28644	-68.0079	9.4929
run_0065.root	28884	-35.9792	1.89044
run_0065.root	29001	-23.2281	4.5078
run_0065.root	29054	-47.4305	0.615246
run_0065.root	29162	-43.5318	4.68905
run_0065.root	29214	-30.455	16.5908
run_0065.root	29215	-30.455	16.5908
run_0065.root	29306	-23.7683	3.8403
run_0065.root	29315	-56.3506	8.90953
run_0065.root	29394	-46.5348	2.59741
run_0065.root	29758	-29.1332	120.566
run_0065.root	29859	-30.2485	6.66632
run_0065.root	29873	-28.1317	1.3144
run_0065.root	29887	-25.3832	4.05819
run_0065.root	30027	-28.4128	0.751476
run_0065.root	30452	-24.0204	4.14538
run_0065.root	30565	-31.978	5.53967
run_0065.root	30606	-25.4023	5.58804
run_0065.root	30652	-40.1333	4.38223
run_0065.root	30674	-20.5234	1.87415
run_0065.root	30675	-20.5234	1.87415
run_0065.root	31091	-37.5785	4.00421
run_0065.root	31587	-24.1479	0.986198
run_0065.root	31663	-26.2725	2.17631
run_0065.root	31977	-20.7501	0.251184
run_0065.root	32338	-31.2014	3.63493
run_0065.root	32350	-22.3084	0.871717
run_0065.root	32819	-33.4758	9.6956
run_0065.root	32861	-24.5889	0.872635
run_0065.root	32942	-42.6715	5.21027
run_0065.root	32995	-55.936	5.86247
run_0065.root	33077	-29.8109	4.13263
run_0065.root	33124	-33.9116	3.55602
run_0065.root	33390	-22.332	2.91131
run_0065.root	33458	-46.9379	2.91339
run_0065.root	33481	-31.9137	2.15586
run_0065.root	33666	-45.8905	4.45114
run_0065.root	34140	-31.5886	1.94951
run_0065.root	34217	-63.7662	9.27206
run_0065.root	34272	-50.4393	3.90115
run_0065.root	34703	-33.7365	2.18676
run_0065.root	35130	-20.2156	1.1943
run_0065.root	36294	-22.4233	2.66425
run_0065.root	36367	-23.1879	4.07841
run_0065.root	36406	-33.8032	538.433
run_0065.root	36438	-23.851	0.861445
run_0065.root	36494	-83.6744	16.1074
run_0065.root	36553	-51.8715	21.5784
run_0065.root	36706	-23.0434	1.15162
run_0065.root	36840	-27.9918	3.24468
run_0065.root	36943	-26.5779	0.644676
run_0065.root	37347	-38.2997	3.41465
run_0065.root	37546	-29.4681	1.82959
run_0065.root	37563	-22.5354	2.5518
run_0065.root	37868	-22.0598	36.2637
run_0065.root	37905	-35.9078	3.50304
run_0065.root	38153	-61.2996	6.0142
run_0065.root	38193	-20.2082	15.84
run_0065.root	38334	-32.6485	2.08404
run_0065.root	38481	-39.0692	4.07615
run_0065.root	38780	-40.2553	1.39622
run_0065.root	38833	-24.4707	5.29601
run_0065.root	39150	-21.9703	1.0517
run_0065.root	39435	-30.0213	2.13858
run_0065.root	39574	-25.1189	3.61534
run_0065.root	39803	-31.0066	2.16549
run_0065.root	39937	-23.7586	3.34675
run_0065.root	40124	-27.7009	3.00858
run_0065.root	40258	-25.5121	5.6271
run_0065.root	40703	-36.9698	12.6447
run_0065.root	40721	-35.9225	5.33874
run_0065.root	40914	-51.251	10.8105
run_0065.root	41134	-30.0541	149.888
run_0065.root	41214	-43.868	4.87342
run_0065.root	41523	-35.4555	1.60357
run_0065.root	41550	-30.2476	4.06313
run_0065.root	41795	-44.7697	2.7587
run_0065.root	41839	-39.1521	1.35301
run_0065.root	41973	-25.0951	3.591
run_0065.root	42191	-47.0146	7.46697
run_0065.root	42221	-23.9959	36.1911
run_0065.root	42325	-20.1792	23.821
run_0065.root	42606	-42.8945	2.54105
run_0065.root	42656	-23.1331	72.562
run_0065.root	43470	-21.9799	2.59102
run_0065.root	43488	-35.3354	26.4343
run_0065.root	43588	-44.4997	5.2739
run_0065.root	43654	-23.0708	3.62046
run_0065.root	43913	-33.737	1.08868
run_0065.root	44039	-20.3373	91.7263
run_0065.root	44377	-22.4323	0.590763
run_0065.root	44588	-34.6909	3.1746
run_0065.root	44777	-36.7214	2.09602
run_0065.root	44918	-22.2788	2.15043
run_0065.root	45855	-48.2757	220.025
run_0065.root	46186	-35.611	4.54429
run_0065.root	46496	-24.9565	1.26105
run_0065.root	46544	-20.6517	9.76846
run_0065.root	46635	-27.0861	0.198842
run_0065.root	46707	-35.2177	6.62372
run_0065.root	46711	-30.3896	4.58566
run_0065.root	47078	-101.47	13.0604
run_0065.root	47321	-33.5667	2.63751
run_0065.root	47338	-58.7438	16.1992
run_0065.root	47340	-40.8875	1.38402
run_0065.root	47437	-21.2791	0.560405
run_0065.root	47717	-26.4252	70.2024
run_0065.root	48341	-69.4116	8.14021
run_0065.root	48560	-35.4371	1.71996
run_0065.root	48675	-36.7551	1.31993
run_0065.root	48676	-36.7551	1.31993
run_0065.root	49260	-43.6943	5.43058
run_0065.root	49481	-30.4496	1.35109
run_0065.root	49655	-21.2386	1.49067
run_0065.root	49810	-56.192	8.72598
run_0065.root	49900	-25.5416	147.433
run_0065.root	49948	-38.5385	80.1697
run_0065.root	50119	-30.4622	147.286
run_0065.root	50398	-24.8735	21.1883
run_0065.root	50672	-20.2495	4.67351
run_0065.root	50749	-64.0042	8.78386
run_0065.root	50903	-35.4153	1.92255
run_0065.root	51337	-20.8944	12.2617
run_0065.root	51338	-20.8944	12.2617
run_0065.root	51388	-35.7831	1.9194
run_0065.root	51689	-25.5791	0.620143
run_0065.root	51817	-21.4077	2.47912
run_0065.root	51819	-25.8271	1.63566
run_0065.root	51878	-34.0142	4.24357
run_0065.root	52389	-29.0142	0.795556
run_0065.root	52474	-29.2516	1.48784
run_0065.root	52628	-27.1513	23.7199
run_0065.root	52655	-64.7492	19.4888
run_0065.root	52794	-29.9	1.62337
run_0065.root	53021	-27.0327	0.461015
run_0065.root	53425	-23.7251	8.59787
run_0065.root	53912	-44.3713	6.74726
run_0065.root	54496	-49.0941	5.27772
run_0065.root	54508	-39.23	4.22303
run_0065.root	54522	-34.8737	34.6065
run_0065.root	54936	-32.6346	0.812986
run_0065.root	54963	-28.2404	8.12007
run_0065.root	55269	-22.7201	16.4392
run_0065.root	55369	-40.8396	7.31633
run_0065.root	55480	-44.5672	3.49449
run_0065.root	55607	-35.4806	22.8017
run_0065.root	55713	-36.0736	2.26615
run_0065.root	55989	-35.2899	1.59827
run_0065.root	56213	-68.6292	7.33761
run_0065.root	56394	-29.3864	696.052
run_0065.root	56655	-21.822	19.4867
run_0065.root	56673	-25.5715	1.52812
run_0065.root	56747	-20.1892	0.540231
run_0065.root	56894	-21.2021	0.714114
run_0065.root	56908	-33.516	73.903
run_0065.root	56921	-22.4688	0.971062
run_0065.root	57103	-24.5333	0.797684
run_0065.root	57373	-24.0422	2.51404
run_0065.root	57471	-63.0333	5.40654
run_0065.root	57727	-33.7197	1.65324
run_0065.root	58026	-22.8024	9.56406
run_0065.root	58206	-20.0574	0.319736
run_0065.root	58225	-24.8139	36.4038
run_0065.root	58230	-42.177	6.96419
run_0065.root	58428	-44.2565	6.07658
run_0065.root	58459	-27.9963	2.03228
run_0065.root	58632	-23.4597	385.222
run_0065.root	58706	-22.0801	3.56088
run_0065.root	58797	-29.1673	3.60689
run_0065.root	59189	-30.598	1.33084
run_0065.root	59799	-30.3153	2.29743
run_0065.root	60303	-22.5108	0.970752
run_0065.root	60550	-37.1517	15.5125
run_0065.root	60642	-42.2779	5.84266
run_0065.root	60989	-53.7455	9.29736
run_0065.root	61134	-32.4917	2.33275
run_0065.root	61333	-21.1173	4.18614
run_0065.root	61408	-62.658	5.6892
run_0065.root	61843	-27.5633	1.19572
run_0065.root	61894	-26.0239	0.898576
run_0065.root	61969	-27.742	414.178
run_0065.root	61981	-61.6471	5.80099
run_0065.root	62081	-33.3237	1.11272
run_0065.root	62333	-58.1587	7.26573
run_0065.root	62593	-48.6843	6.19234
run_0065.root	62706	-30.4553	3.33704
run_0065.root	63037	-63.7515	8.28115
run_0065.root	63105	-34.8724	2.03813
run_0065.root	63356	-60.1635	7.21045
run_0065.root	63735	-27.9473	0.64674
run_0065.root	64027	-27.3744	0.81099
run_0065.root	64096	-24.1451	13.0189
run_0065.root	64217	-39.7757	3.61351
run_0065.root	64281	-31.7717	7.34728
run_0065.root	64424	-30.1664	15.3365
run_0065.root	64495	-36.5965	4.44348
run_0065.root	64609	-26.632	0.912493
run_0065.root	64891	-22.3358	9.38339
run_0065.root	65207	-27.5808	1.5771
run_0065.root	65299	-38.6427	3.79991
run_0065.root	65565	-57.2097	4.72074
run_0065.root	65566	-57.2097	4.72074
run_0065.root	65655	-23.6489	1.64011
run_0065.root	65669	-42.1895	4.27241
run_0065.root	65831	-41.8741	1.75029
run_0065.root	65833	-26.7481	1.26719
run_0065.root	65883	-20.933	8.25275
run_0065.root	66094	-22.6515	1.28669
run_0065.root	66168	-50.005	6.88881
run_0065.root	66311	-37.7121	3.5778
run_0065.root	66444	-29.3282	14.6221
run_0065.root	67581	-29.9168	2.26173
run_0065.root	67779	-22.6373	1.47271
run_0065.root	68654	-20.742	0.545715
run_0065.root	68784	-44.0004	2.01023
run_0065.root	69074	-46.0962	0.997366
run_0065.root	69223	-38.0128	1.59358
run_0065.root	69803	-50.5928	4.70042
run_0065.root	69970	-66.6011	10.3302
run_0065.root	70109	-21.9703	2.44857
run_0065.root	70137	-49.2653	5.17786
run_0065.root	70306	-20.9171	2.63869
run_0065.root	70627	-26.2046	20.7636
run_0065.root	71164	-21.4978	2.139
run_0065.root	71436	-28.8257	6.94124
run_0065.root	71662	-24.7665	0.548167
run_0065.root	71845	-20.2222	0.650345
run_0065.root	71962	-20.3837	0.414064
run_0065.root	72057	-23.2935	2.28069
run_0065.root	72359	-29.2924	2.80767
run_0065.root	72554	-49.3266	5.38364
run_0065.root	72694	-37.1976	3.57293
run_0065.root	73231	-29.2419	1.54296
run_0065.root	73275	-36.3867	10.9254
run_0065.root	73295	-21.7756	1.26832
run_0065.root	73929	-61.6236	0.663228
run_0065.root	73930	-61.6236	0.663228
run_0065.root	74230	-20.8441	0.626953
run_0065.root	74231	-20.8441	0.626953
run_0065.root	74269	-28.628	1.51068
run_0065.root	74279	-47.4962	2.78839
run_0066.root	1204	-41.1337	7.51895
run_0066.root	1520	-48.3786	7.7418
run_0066.root	1567	-26.9106	3.60921
run_0066.root	1945	-27.9549	3.2671
run_0066.root	1964	-37.7579	1.29845
run_0066.root	1985	-21.9216	20.0508
run_0066.root	2086	-23.3871	4.59727
run_0066.root	2194	-23.2422	125.046
run_0066.root	2381	-39.0866	5.31607
run_0066.root	2419	-23.8941	4.10452
run_0066.root	2591	-29.7186	2.32175
run_0066.root	2592	-30.8859	2.65763
run_0066.root	2622	-24.3948	0.632745
run_0066.root	2625	-43.5578	3.36124
run_0066.root	3001	-31.661	1.22349
run_0066.root	3128	-21.9041	125.005
run_0066.root	3180	-35.3239	4.07794
run_0066.root	3288	-37.4542	1.08753
run_0066.root	3293	-62.4695	4.92609
run_0066.root	3338	-22.1194	5.46043
run_0066.root	3546	-30.0641	2.70567
run_0066.root	3832	-23.5167	3.88294
run_0066.root	4218	-39.9432	4.64076
run_0066.root	4736	-20.1789	34.3555
run_0066.root	4852	-21.3514	15.2662
run_0066.root	5252	-25.9675	2.3146
run_0066.root	5268	-24.9043	3.78687
run_0066.root	5410	-26.9299	344.277
run_0066.root	5606	-20.2297	3.26307
run_0066.root	5783	-25.2144	144.572
run_0066.root	5940	-21.5138	0.857035
run_0066.root	6027	-20.1703	390.496
run_0066.root	6036	-37.6005	3.63221
run_0066.root	6298	-51.8633	5.96544
run_0066.root	6703	-45.8511	11.6022
run_0066.root	6964	-26.7083	160.475
run_0066.root	7187	-33.9288	2.02173
run_0066.root	7382	-22.4355	119.725
run_0066.root	7398	-29.7197	1.76176
run_0066.root	7680	-21.7217	1.73626
run_0066.root	7772	-27.1405	6.73412
run_0066.root	7887	-20.2482	5.13856
run_0066.root	8093	-43.0292	2.64335
run_0066.root	8345	-20.7041	12.0534
run_0066.root	8387	-39.2901	1.60356
run_0066.root	8454	-68.8253	25.132
run_0066.root	8466	-24.4317	131.309
run_0066.root	9034	-54.6874	5.73031
run_0066.root	9159	-49.9322	5.19506
run_0066.root	9192	-27.4818	2.12907
run_0066.root	9201	-67.9337	6.44534
run_0066.root	9659	-31.7549	1.4161
run_0066.root	9818	-42.0744	5.749
run_0066.root	9925	-24.596	3.9079
run_0066.root	10354	-28.1978	9.43354
run_0066.root	10517	-41.5855	5.35138
run_0066.root	10709	-48.252	6.82287
run_0066.root	10947	-52.7053	2.18637
run_0066.root	11038	-26.2399	58.0988
run_0066.root	11397	-31.2024	4.87072
run_0066.root	11416	-21.5348	0.834426
run_0066.root	11526	-43.7641	5.88631
run_0066.root	11790	-44.8915	7.05387
run_0066.root	11825	-40.1326	1.14936
run_0066.root	12604	-30.8689	5.14172
run_0066.root	12623	-56.1021	7.07732
run_0066.root	12783	-22.4581	31223
run_0066.root	12790	-46.3726	7.99014
run_0066.root	12946	-45.792	3.51515
run_0066.root	12959	-31.8816	5.76005
run_0066.root	13445	-57.6356	6.29979
run_0066.root	13774	-29.1689	0.845151
run_0066.root	13915	-31.4503	0.968281
run_0066.root	14044	-35.7038	1.45822
run_0066.root	14117	-23.9039	0.402354
run_0066.root	14119	-31.5294	3.55094
run_0066.root	14292	-23.2156	2.10956
run_0066.root	14315	-51.3993	4.97815
run_0066.root	14432	-21.0964	46.415
run_0066.root	14436	-47.8595	4.34686
run_0066.root	14658	-62.0325	6.49685
run_0066.root	15132	-27.016	2.96128
run_0066.root	15375	-41.4623	2.15481
run_0066.root	15715	-38.7912	7.12309
run_0066.root	16207	-55.0433	5.65801
run_0066.root	16273	-31.5844	1.01312
run_0066.root	16458	-30.6031	1.8218
run_0066.root	16481	-50.1273	8.68967
run_0066.root	16602	-63.5385	9.53057
run_0066.root	16619	-25.9657	1.68811
run_0066.root	17097	-36.6458	3.92472
run_0066.root	17403	-23.3603	9.28345
run_0066.root	17448	-36.1522	4.42385
run_0066.root	17556	-25.2326	1.98729
run_0066.root	17559	-21.4208	0.666859
run_0066.root	18857	-49.0899	3.88048
run_0066.root	19220	-30.0494	1.14766
run_0066.root	19322	-32.0627	4.10094
run_0066.root	19467	-38.6313	3.77395
run_0066.root	19479	-35.1734	3.24067
run_0066.root	19790	-54.6746	6.45728
run_0066.root	20071	-31.4063	50.7453
run_0066.root	20303	-22.4447	1.18858
run_0066.root	20437	-24.8221	283.515
run_0066.root	20475	-34.2803	2.50093
run_0066.root	20518	-40.1193	2.56915
run_0066.root	20659	-31.2297	65.9185
run_0066.root	20769	-23.8329	15.0262
run_0066.root	20795	-22.182	2.86711
run_0066.root	20859	-36.1798	2.08574
run_0066.root	20888	-29.2306	1.4114
run_0066.root	20942	-35.84	1.48277
run_0066.root	20982	-48.9887	3.30825
run_0066.root	21047	-72.6393	24.6244
run_0066.root	21119	-63.207	18.6514
run_0066.root	21223	-23.7676	1.07908
run_0066.root	21601	-34.3524	2.13176
run_0066.root	22000	-22.4822	1.88994
run_0066.root	22078	-57.8541	34.3233
run_0066.root	22191	-22.5495	8.53911
run_0066.root	22621	-20.6523	0.902719
run_0066.root	22682	-21.6479	10.3073
run_0066.root	22817	-23.475	33.0493
run_0066.root	22928	-23.0306	2.343
run_0066.root	22935	-41.6282	1.58359
run_0066.root	23034	-42.7176	5.2026
run_0066.root	23077	-48.1169	5.2297
run_0066.root	23317	-36.4132	3.71633
run_0066.root	23704	-56.2136	4.14551
run_0066.root	23833	-23.4588	1.93758
run_0066.root	23856	-23.26	1.48758
run_0066.root	23940	-33.8754	1.4771
run_0066.root	24273	-23.9261	0.819186
run_0066.root	24490	-31.1027	40.3039
run_0066.root	24657	-28.5853	1.6775
run_0066.root	24883	-25.6317	2.32452
run_0066.root	24962	-21.5919	1.53473
run_0066.root	25178	-59.7142	8.46068
run_0066.root	25213	-22.3737	0.08277
run_0066.root	25393	-41.4566	1.48292
run_0066.root	25672	-21.0161	94.9156
run_0066.root	25706	-57.0972	14.0887
run_0066.root	25766	-50.2622	5.88067
run_0066.root	25821	-29.8222	1.93221
run_0066.root	25873	-53.4688	3.8717
run_0066.root	26060	-26.3773	1.0837
run_0066.root	26376	-59.4077	13.3029
run_0066.root	26480	-36.0309	11.9226
run_0066.root	26547	-42.9983	1.4525
run_0066.root	26697	-35.3611	4.17899
run_0066.root	26838	-47.6425	18.4714
run_0066.root	26991	-28.5604	75.0686
run_0066.root	27519	-46.3985	6.29118
run_0066.root	27769	-32.7247	2.08451
run_0066.root	28053	-32.5678	2.75695
run_0066.root	28457	-28.3922	0.977556
run_0066.root	28760	-71.668	14.7097
run_0066.root	28799	-25.4835	5.94668
run_0066.root	29057	-24.0275	0.513344
run_0066.root	29132	-45.0703	3.90042
run_0066.root	29173	-20.8869	2.50837
run_0066.root	29238	-52.0965	2638.84
run_0066.root	29547	-26.1477	4.14433
run_0066.root	30098	-33.4337	1.46605
run_0066.root	30145	-44.9699	4.93398
run_0066.root	30199	-56.5002	6.38221
run_0066.root	30244	-38.6814	8.70069
run_0066.root	30756	-50.4298	6.71234
run_0066.root	30859	-54.2094	6.89091
run_0066.root	31082	-35.7278	3.84269
run_0066.root	31149	-31.6915	0.956322
run_0066.root	31446	-20.8641	0.204477
run_0066.root	31570	-23.1811	1.35389
run_0066.root	31582	-23.1391	8673.57
run_0066.root	31673	-30.9915	7.00262
run_0066.root	31875	-22.3264	5.13727
run_0066.root	31894	-29.7896	6.82994
run_0066.root	32050	-25.05	0.568063
run_0066.root	32317	-32.965	2.54502
run_0066.root	32446	-44.005	4.33167
run_0066.root	32624	-24.3734	92.7015
run_0066.root	32780	-62.6012	10.0279
run_0066.root	33573	-33.0326	5.17376
run_0066.root	34037	-43.8521	2.13948
run_0066.root	34515	-23.5788	39.0906
run_0066.root	34665	-20.3561	4.40073
run_0066.root	34731	-25.4496	2.47981
run_0066.root	34878	-23.0524	1.48759
run_0066.root	35089	-55.8492	2.34371
run_0066.root	35187	-23.2793	53.5955
run_0066.root	35415	-51.7661	4.67013
run_0066.root	35610	-23.509	0.815322
run_0066.root	35808	-31.5204	3.0579
run_0066.root	35875	-31.9148	1.96942
run_0066.root	35951	-24.0295	1092.15
run_0066.root	36153	-23.4442	2.45545
run_0066.root	36284	-50.9612	3.33341
run_0066.root	36376	-29.3895	1.36622
run_0066.root	36495	-28.4081	2.92667
run_0066.root	36806	-22.4741	1.36321
run_0066.root	37055	-30.9527	9.43438
run_0066.root	37229	-29.3135	4.99755
run_0066.root	37343	-34.0132	6.11843
run_0066.root	37448	-39.4883	4.55856
run_0066.root	37512	-25.0895	10.4194
run_0066.root	37693	-63.8936	7.67981
run_0066.root	37694	-63.8936	7.67981
run_0066.root	37970	-30.2709	0.723267
run_0066.root	38103	-54.963	5.48741
run_0066.root	38512	-20.956	0.811652
run_0066.root	38562	-24.8974	18.4968
run_0066.root	38565	-39.6452	1.94046
run_0066.root	38758	-32.7312	3.61652
run_0066.root	38852	-24.2528	30.2509
run_0066.root	38853	-24.2528	30.2509
run_0066.root	39249	-29.7272	1.69307
run_0066.root	39278	-55.8752	8.15594
run_0066.root	39352	-44.9379	12.3503
run_0066.root	39524	-24.1533	0.951598
run_0066.root	39577	-33.3473	2.4441
run_0066.root	39790	-30.3737	0.468747
run_0066.root	40084	-41.4337	1.26535
run_0066.root	40450	-37.502	2.34461
run_0066.root	40508	-26.2443	0.934734
run_0066.root	40519	-23.5319	0.598423
run_0066.root	40896	-39.0002	5.20443
run_0066.root	41478	-27.3467	5.79962
run_0066.root	41666	-60.8191	5.04408
run_0066.root	42046	-56.2447	10.492
run_0066.root	42153	-48.6228	5.19175
run_0066.root	42267	-26.0884	3.29341
run_0066.root	42462	-25.6478	1.6309
run_0066.root	42482	-26.7073	3.3109
run_0066.root	42542	-43.0071	5.1245
run_0066.root	42544	-46.7567	2.99075
run_0066.root	42592	-38.0738	4.32389
run_0066.root	42862	-43.4892	4.77554
run_0066.root	42993	-24.2708	0.644744
run_0066.root	43059	-26.1919	4.43879
run_0066.root	43204	-22.693	5.78911
run_0066.root	43219	-26.1651	8.58781
run_0066.root	43834	-24.7098	1.58694
run_0066.root	44378	-39.1749	3.61468
run_0066.root	44379	-39.1749	3.61468
run_0066.root	44626	-38.3203	1.41269
run_0066.root	44656	-40.0314	3.41566
run_0066.root	44691	-30.4278	7.1731
run_0066.root	44769	-27.1886	0.969756
run_0066.root	45029	-39.3564	5.09116
run_0066.root	45128	-63.1828	0.834881
run_0066.root	45230	-21.4285	0.158758
run_0066.root	45342	-21.5393	12.8866
run_0066.root	46038	-28.9051	0.824533
run_0066.root	46363	-34.8227	2.72031
run_0066.root	46456	-43.5585	1.3568
run_0066.root	46504	-32.9203	6.99946
run_0066.root	46714	-38.5326	1.99691
run_0066.root	47195	-20.5891	0.659932
run_0066.root	47296	-31.6597	313.006
run_0066.root	47647	-39.8039	2.43755
run_0066.root	47933	-22.8356	0.7538
run_0066.root	48383	-45.3583	2.35142
run_0066.root	48513	-35.6569	3.68448
run_0066.root	48541	-45.1436	5.64536
run_0066.root	48581	-27.3675	0.391204
run_0066.root	48650	-72.278	11.0795
run_0066.root	49621	-32.2956	1.68369
run_0066.root	49795	-32.7619	0.985064
run_0066.root	49994	-42.5225	1.92131
run_0066.root	50166	-34.4648	1.12968
run_0066.root	50237	-57.4061	5.69538
run_0066.root	50482	-49.0958	3.96648
run_0066.root	50753	-26.377	0.362254
run_0066.root	50788	-32.5465	1.05237
run_0066.root	51014	-23.0955	12.7279
run_0066.root	51050	-32.6852	1.0124
run_0066.root	51237	-41.6502	3.29324
run_0066.root	51613	-38.9922	3.4638
run_0066.root	51844	-39.7381	1.45354
run_0066.root	51857	-48.0894	4.44987
run_0066.root	52132	-29.5599	2.188
run_0066.root	52416	-23.5649	2.94593
run_0066.root	52541	-22.5791	0.124723
run_0066.root	52858	-21.7811	134.696
run_0066.root	53121	-42.394	3.52102
run_0066.root	53443	-21.0561	0.605015
run_0066.root	53598	-21.7064	2.28483
run_0066.root	53657	-23.0262	1.08042
run_0066.root	53671	-54.8954	5.59803
run_0066.root	53694	-23.8694	613.097
run_0066.root	53901	-35.5727	5.60731
run_0066.root	53916	-29.2997	1.67882
run_0066.root	54320	-25.4653	3.6277
run_0066.root	54662	-55.3336	8.35491
run_0066.root	54663	-55.3336	8.35491
run_0066.root	54669	-42.1684	2.42211
run_0066.root	55117	-23.9109	9.74606
run_0066.root	55351	-22.1086	0.840057
run_0066.root	55364	-21.5288	6.30154
run_0066.root	55724	-33.8854	0.749851
run_0066.root	55786	-60.1359	4.65822
run_0066.root	56151	-48.1536	7.12373
run_0066.root	56583	-28.1308	1.80884
run_0066.root	56754	-70.7562	10.7328
run_0066.root	57001	-22.0179	0.973311
run_0066.root	57043	-26.3031	4.91396
run_0066.root	57114	-55.0635	8.08113
run_0066.root	57287	-80.3839	5.80946
run_0066.root	57401	-81.5868	6.73425
run_0066.root	57436	-35.3585	2.05151
run_0066.root	57458	-22.9045	0.746964
run_0066.root	57964	-44.6335	2.59485
run_0066.root	58285	-41.1121	1.25614
run_0066.root	58345	-24.9397	1.29074
run_0066.root	58346	-24.9397	1.29074
run_0066.root	58475	-34.9021	1.54865
run_0066.root	58511	-22.3369	2.41779
run_0066.root	58549	-43.7583	2.60493
run_0066.root	58614	-27.1196	2.42979
run_0066.root	58672	-60.0844	16.7488
run_0066.root	59046	-56.9349	6.20094
run_0066.root	59078	-30.9449	23.0878
run_0066.root	59123	-44.7252	1.89824
run_0066.root	59817	-26.4543	0.303264
run_0066.root	59911	-38.5939	3.72761
run_0066.root	60009	-22.2669	2.45712
run_0066.root	60392	-30.4547	2.39094
run_0066.root	60504	-47.231	12.444
run_0066.root	60989	-35.5062	9.52891
run_0066.root	60990	-31.6239	6.81451
run_0066.root	61305	-20.3765	2.00507
run_0066.root	61307	-21.8738	0.447843
run_0066.root	61373	-33.184	5.03181
run_0066.root	61583	-39.5318	1.358
run_0066.root	61692	-46.2837	9.99027
run_0066.root	61698	-39.4016	1.63555
run_0066.root	61727	-66.744	4.70854
run_0066.root	61738	-30.5834	155.161
run_0066.root	61815	-62.5199	9.50621
run_0066.root	62057	-22.7808	0.672102
run_0066.root	62352	-41.9372	2.9366
run_0066.root	62474	-27.3741	16.8506
run_0066.root	62699	-32.5616	21.1855
run_0066.root	62731	-54.5836	4.60648
run_0066.root	62996	-54.5077	6.52806
run_0066.root	63210	-52.2657	3.77038
run_0066.root	63331	-52.5303	5.5955
run_0066.root	63339	-66.8907	7.63273
run_0066.root	63375	-33.3265	131.767
run_0066.root	63641	-27.9728	46.5794
run_0066.root	63897	-28.6885	3.08418
run_0066.root	63977	-20.3984	3.58431
run_0066.root	63989	-45.296	2.50013
run_0066.root	64123	-33.0828	6.56661
run_0066.root	64699	-54.5536	5.66124
run_0066.root	64712	-33.4805	2.55247
run_0066.root	64826	-21.5437	16.2928
run_0066.root	64929	-43.9527	4.9307
run_0066.root	64965	-24.3258	1.81238
run_0066.root	65072	-39.7089	2.41499
run_0066.root	65096	-28.0864	10.673
run_0066.root	65103	-23.4158	38.2302
run_0066.root	65339	-22.1627	1.2691
run_0066.root	65528	-24.8723	19492
run_0066.root	65989	-31.5793	3.96067
run_0066.root	66061	-21.7708	4.32355
run_0066.root	66448	-22.7167	23.7241
run_0066.root	66645	-24.6654	7.48917
run_0066.root	66957	-36.7405	3.26078
run_0066.root	67171	-59.345	4.61008
run_0066.root	67334	-59.7093	15.0891
run_0066.root	67519	-51.6744	4.63052
run_0066.root	67885	-36.0696	11.9703
run_0066.root	67940	-37.9256	2.5176
run_0066.root	68070	-27.7862	5.79982
run_0066.root	68128	-24.869	24.72
run_0066.root	68230	-20.4651	0.848393
run_0066.root	68329	-63.3328	5.78991
run_0066.root	69361	-24.0854	26.894
run_0066.root	69686	-32.5585	5.42607
run_0066.root	69700	-44.2772	0.442695
run_0066.root	70086	-46.9467	6.95455
run_0066.root	70124	-62.6806	7.89227
run_0066.root	70683	-54.4522	4.6353
run_0066.root	70891	-51.6888	7.46579
run_0066.root	71435	-35.3263	2.43585
run_0066.root	71525	-27.6578	1.73767
run_0066.root	71727	-49.5979	2.94384
run_0066.root	71783	-53.9766	5.29383
run_0066.root	72265	-20.2731	0.751416
run_0066.root	72288	-34.0633	2.37459
run_0066.root	72467	-33.3788	1.52299
run_0066.root	72660	-27.8713	4.53781
run_0066.root	72739	-21.6293	9.22026
run_0066.root	72803	-21.4487	47.8275
run_0066.root	72882	-21.0922	0.446697
run_0066.root	73082	-25.9634	10.103
run_0066.root	73165	-20.4768	0.535645
run_0066.root	73201	-35.8702	5.31888
run_0066.root	73497	-30.1587	6.18203
run_0066.root	73512	-37.6297	6.17148
run_0066.root	73651	-22.288	0.905585
run_0066.root	73676	-39.1702	6.27771
run_0066.root	73713	-30.4317	5.1788
run_0066.root	74272	-56.2154	14.0685
run_0066.root	74330	-22.7851	6.41432
run_0066.root	74364	-20.2322	15.4175
run_0066.root	74725	-23.9737	1.75577
run_0066.root	75030	-38.0483	1.36679
run_0066.root	75262	-29.907	3.82788
run_0066.root	75309	-38.6399	15.515
run_0066.root	75675	-27.6298	149.794
run_0066.root	75977	-27.6983	182.159
run_0066.root	76006	-24.1784	2.58957
run_0066.root	76305	-35.3175	82.2613
run_0066.root	76326	-35.5193	4.50619
run_0066.root	76545	-21.9348	1.89171
run_0066.root	76569	-32.9252	16.7989
run_0066.root	76678	-41.4356	3.2963
run_0067.root	198	-27.2432	4.22763
run_0067.root	232	-46.7259	7.65504
run_0067.root	338	-22.2218	0.616812
run_0067.root	971	-26.0542	2.80201
run_0067.root	989	-33.24	3.51164
run_0067.root	1391	-28.5147	1.42872
run_0067.root	2199	-45.4015	5.11643
run_0067.root	2535	-37.2082	90667.9
run_0067.root	2800	-22.7766	62.0637
run_0067.root	2972	-56.7313	0.504562
run_0067.root	2994	-28.5685	2.41839
run_0067.root	3046	-25.618	0.494876
run_0067.root	3289	-21.6178	0.501432
run_0067.root	3297	-26.3314	0.671147
run_0067.root	3302	-21.8763	2.54717
run_0067.root	3340	-34.7451	1.62658
run_0067.root	3674	-21.1744	1.31922
run_0067.root	3756	-36.348	2.51974
run_0067.root	4223	-30.9986	3.42588
run_0067.root	4292	-21.3186	1.43328
run_0067.root	4347	-28.6942	1.5949
run_0067.root	4369	-41.7885	7.29544
run_0067.root	4406	-41.5494	617.018
run_0067.root	5317	-47.4918	3.38633
run_0067.root	5754	-21.6006	2.39078
run_0067.root	6351	-42.4266	2.90546
run_0067.root	6442	-34.2869	5.5078
run_0067.root	6814	-62.8834	14.1248
run_0067.root	7022	-30.8667	1.72247
run_0067.root	7181	-27.9548	39.8347
run_0067.root	7452	-20.5638	1.92778
run_0067.root	8176	-50.2828	5.8095
run_0067.root	8336	-25.382	1.34154
run_0067.root	8991	-30.851	5.45903
run_0067.root	9306	-27.2683	1.38197
run_0067.root	9626	-27.2057	1.0043
run_0067.root	9897	-31.4435	13.0357
run_0067.root	9946	-42.086	1.70089
run_0067.root	10188	-44.6459	7.02658
run_0067.root	10355	-54.9938	6.47313
run_0067.root	11170	-58.7609	7.5237
run_0067.root	11233	-22.0559	286.884
run_0067.root	11468	-44.6478	4.96119
run_0067.root	11511	-49.3244	6.39218
run_0067.root	11552	-29.4592	31.3366
run_0067.root	11696	-58.4819	13.6395
run_0067.root	11780	-24.5912	48.344
run_0067.root	11813	-24.0284	2.54927
run_0067.root	11954	-34.418	2.71483
run_0067.root	11962	-38.0744	2.72296
run_0067.root	12087	-36.4162	279.467
run_0067.root	12609	-31.2714	1.32613
run_0067.root	12678	-21.4082	0.458768
run_0067.root	12987	-40.3471	2.46801
run_0067.root	13313	-29.8354	11.885
run_0067.root	13348	-22.8817	3.73166
run_0067.root	13453	-32.7157	4.56277
run_0067.root	13623	-21.5388	16.8472
run_0067.root	13646	-24.7236	1.99805
run_0067.root	13917	-23.1141	165.108
run_0067.root	14418	-20.6594	1.35961
run_0067.root	14845	-44.2749	6.61278
run_0067.root	15007	-34.9442	1.31258
run_0067.root	15044	-54.3612	6.39485
run_0067.root	15285	-22.4097	0.455757
run_0067.root	15318	-45.3699	6.91091
run_0067.root	15492	-65.8879	4.45538
run_0067.root	16221	-57.6709	4.60985
run_0067.root	16274	-36.504	1.67322
run_0067.root	16314	-25.7128	0.922301
run_0067.root	16449	-46.0543	1.62197
run_0067.root	16602	-29.5686	3.82358
run_0067.root	16645	-56.9324	4.22797
run_0067.root	16843	-44.4917	3.02545
run_0067.root	16914	-30.0776	0.789794
run_0067.root	16953	-46.4899	3.46448
run_0067.root	17566	-42.6038	3.13517
run_0067.root	17782	-24.2836	3.53226
run_0067.root	17932	-51.6104	17.2679
run_0067.root	18118	-25.4404	4.08586
run_0067.root	18133	-28.7981	2.20247
run_0067.root	18161	-28.7949	286.733
run_0067.root	18167	-20.6612	81.906
run_0067.root	18528	-20.949	1.63372
run_0067.root	18594	-27.2014	1.36808
run_0067.root	18745	-34.6774	3.82465
run_0067.root	18763	-57.4056	45.486
run_0067.root	18798	-41.0662	5.39431
run_0067.root	19096	-31.246	2.37708
run_0067.root	19137	-32.6609	3.73354
run_0067.root	19331	-25.801	6.2599
run_0067.root	19513	-34.9635	2.66878
run_0067.root	19794	-57.043	4.61035
run_0067.root	20169	-35.2268	1.21447
run_0067.root	20316	-23.928	4.21201
run_0067.root	20402	-34.8183	29.9333
run_0067.root	20577	-32.5699	6.23529
run_0067.root	20651	-23.3065	4.77105
run_0067.root	20866	-25.9879	93.6019
run_0067.root	21003	-30.1957	4.45623
run_0067.root	21363	-21.6923	1.8071
run_0067.root	21368	-20.1924	1.43355
run_0067.root	21476	-31.333	3.2256
run_0067.root	21656	-50.308	104.337
run_0067.root	21681	-26.4051	6.81566
run_0067.root	21997	-30.326	1.19216
run_0067.root	22194	-46.5063	3.39671
run_0067.root	22439	-40.254	2.30202
run_0067.root	22445	-70.2583	63.7303
run_0067.root	22577	-22.3211	0.761707
run_0067.root	22660	-32.6938	4.05585
run_0067.root	22675	-28.6922	4.83565
run_0067.root	22760	-42.303	4.31717
run_0067.root	23134	-30.135	43.6097
run_0067.root	23135	-30.135	43.6097
run_0067.root	23927	-29.8169	0.730868
run_0067.root	24476	-24.4882	1.02575
run_0067.root	24838	-42.7055	2.52375
run_0067.root	24874	-28.0476	1.06532
run_0067.root	24929	-22.9467	0.949994
run_0067.root	24956	-35.3437	47.5338
run_0067.root	25185	-61.7096	9.11069
run_0067.root	25451	-39.2433	2.90214
run_0067.root	25516	-54.4327	5.53743
run_0067.root	25541	-23.1512	5.8902
run_0067.root	25740	-25.8446	4.6474
run_0067.root	26026	-32.1497	2.22527
run_0067.root	26313	-25.565	14.8824
run_0067.root	26315	-23.7611	1.63317
run_0067.root	26454	-24.9028	728.791
run_0067.root	26455	-24.9028	728.791
run_0067.root	26518	-25.8019	27.1269
run_0067.root	26567	-40.0871	12.4252
run_0067.root	27000	-23.3984	89.653
run_0067.root	27120	-26.2946	1.18883
run_0067.root	27309	-29.9221	6.8884
run_0067.root	27759	-26.7362	10.8088
run_0067.root	27999	-34.3022	2.29942
run_0067.root	28011	-22.3565	1.08208
run_0067.root	28643	-29.4033	3.41946
run_0067.root	28654	-31.6747	2.41524
run_0067.root	28664	-31.3659	19.1811
run_0067.root	28680	-34.6353	5.26521
run_0067.root	28737	-23.8525	2.43659
run_0067.root	28836	-41.6976	3.82512
run_0067.root	28930	-44.7457	4.15565
run_0067.root	29232	-21.7207	43.9035
run_0067.root	29333	-28.144	0.73086
run_0067.root	29424	-62.4453	9.19814
run_0067.root	29571	-26.7482	0.910402
run_0067.root	29670	-31.388	1.14006
run_0067.root	29927	-61.5748	5.34905
run_0067.root	30024	-27.7959	0.812778
run_0067.root	30115	-25.2395	58.9029
run_0067.root	30568	-51.1051	7.71827
run_0067.root	30600	-34.9723	1.46468
run_0067.root	31091	-28.1297	3.11683
run_0067.root	31275	-75.2897	7.84189
run_0067.root	31276	-75.2897	7.84189
run_0067.root	31277	-75.2897	7.84189
run_0067.root	31278	-75.2897	7.84189
run_0067.root	31473	-28.2945	8.05299
run_0067.root	31505	-35.411	10.5028
run_0067.root	31727	-65.0444	11.9007
run_0067.root	32010	-44.2086	2.95989
run_0067.root	32153	-25.562	19.3013
run_0067.root	32184	-23.701	5.5591
run_0067.root	32332	-46.4696	7.52282
run_0067.root	32844	-48.2373	12.8286
run_0067.root	32903	-24.9102	0.992369
run_0067.root	32930	-27.6042	1.3307
run_0067.root	32935	-47.0188	4.96909
run_0067.root	33246	-26.7839	2.79134
run_0067.root	33275	-27.7552	8.42923
run_0067.root	33476	-25.078	1.87698
run_0067.root	33612	-20.0123	3.25176
run_0067.root	33767	-68.5707	10.9686
run_0067.root	33853	-28.8459	1.69193
run_0067.root	33934	-23.8985	2.7236
run_0067.root	35007	-29.0233	1.75325
run_0067.root	35008	-29.0233	1.75325
run_0067.root	35234	-51.3109	7.53037
run_0067.root	35656	-33.4615	4.89991
run_0067.root	35661	-28.3019	4.33676
run_0067.root	35773	-24.6893	95.4561
run_0067.root	35883	-36.2581	752.679
run_0067.root	35973	-31.2323	7.20641
run_0067.root	36064	-23.4227	1.77805
run_0067.root	36263	-42.7139	3.6217
run_0067.root	36474	-27.5316	1.55909
run_0067.root	37084	-45.5921	3.44345
run_0067.root	37260	-41.22	3.97209
run_0067.root	37315	-75.6734	52.8805
run_0067.root	37402	-26.9383	30.1923
run_0067.root	37556	-20.6207	9.89604
run_0067.root	37575	-23.9966	3.39425
run_0067.root	37933	-25.1661	102.27
run_0067.root	38513	-24.152	3.09872
run_0067.root	38561	-27.6276	7.54161
run_0067.root	38816	-47.7806	5.81104
run_0067.root	38884	-20.7709	0.5052
run_0067.root	39197	-30.3216	2.53091
run_0067.root	39295	-39.5154	3.43853
run_0067.root	39798	-29.2848	1.61351
run_0067.root	40124	-24.4766	3.57754
run_0067.root	40331	-48.976	6.12038
run_0067.root	40336	-45.8178	4.50881
run_0067.root	40522	-21.4327	7.00072
run_0067.root	40797	-36.0316	1.53668
run_0067.root	41040	-21.3976	1.63854
run_0067.root	41294	-44.2471	2.69973
run_0067.root	41295	-44.2471	2.69973
run_0067.root	41384	-38.4854	10.9277
run_0067.root	42156	-28.2396	1.85289
run_0067.root	42339	-38.4396	5.72349
run_0067.root	42380	-24.5136	7.04864
run_0067.root	42495	-44.5959	760.728
run_0067.root	42766	-22.9686	0.724685
run_0067.root	42779	-43.0415	3.69709
run_0067.root	42852	-25.0218	15.3522
run_0067.root	42861	-43.7589	7.48798
run_0067.root	43038	-31.3317	39.3781
run_0067.root	43039	-31.3317	39.3781
run_0067.root	43282	-52.1946	78.9948
run_0067.root	43415	-31.0235	2.05186
run_0067.root	43438	-30.0847	6.44495
run_0067.root	44089	-35.0349	4.1358
run_0067.root	44181	-70.915	8.20003
run_0067.root	44384	-22.8689	0.65587
run_0067.root	44417	-25.1959	5.45605
run_0067.root	44625	-24.1159	9130.79
run_0067.root	44824	-23.4785	0.56655
run_0067.root	44923	-42.0418	1.73378
run_0067.root	45036	-44.4947	1.33332
run_0067.root	45046	-52.8952	7.54804
run_0067.root	45358	-25.8243	8.34186
run_0067.root	45396	-57.8021	6.44436
run_0067.root	45451	-20.6376	1.29017
run_0067.root	45453	-47.2763	5.0493
run_0067.root	45515	-29.0048	1.2044
run_0067.root	45734	-39.059	5.40129
run_0067.root	45770	-25.8445	3.46552
run_0067.root	46190	-23.491	2.93037
run_0067.root	46344	-49.5815	9.71415
run_0067.root	46372	-42.2149	8.75621
run_0067.root	46412	-22.2914	1.83591
run_0067.root	46602	-26.8852	4.04525
run_0067.root	46731	-25.0746	1.5292
run_0067.root	47779	-28.509	2.28107
run_0067.root	47960	-21.3203	0.949797
run_0067.root	47974	-45.4459	17.9594
run_0067.root	48017	-27.3537	1.64219
run_0067.root	48095	-24.9645	18.0293
run_0067.root	48113	-23.5216	1.42419
run_0067.root	48459	-48.6646	3.06031
run_0067.root	48479	-29.401	2.02955
run_0067.root	48872	-57.3952	4.65633
run_0067.root	48937	-44.5987	1.56918
run_0067.root	49037	-24.9084	1.13801
run_0067.root	49214	-27.1957	1.35773
run_0067.root	49305	-22.0755	0.726856
run_0067.root	49543	-40.8055	1.98596
run_0067.root	49720	-34.6913	14.6873
run_0067.root	49758	-26.3774	23.9831
run_0067.root	49835	-41.4725	4.27865
run_0067.root	49909	-25.4573	1.30956
run_0067.root	50261	-59.222	7.96394
run_0067.root	50458	-55.5875	4.67314
run_0067.root	50864	-45.5641	6.17499
run_0067.root	50983	-51.2649	6.57493
run_0067.root	51078	-52.3428	14.578
run_0067.root	51189	-36.2513	6.808
run_0067.root	51545	-25.465	2.72944
run_0067.root	51548	-26.9674	15.3024
run_0067.root	51724	-30.5213	4.59403
run_0067.root	52128	-21.2369	0.998089
run_0067.root	52459	-41.4691	4.57698
run_0067.root	52525	-28.8521	14.8282
run_0067.root	52623	-44.342	1.76775
run_0067.root	52948	-35.5047	1.4281
run_0067.root	53082	-53.1237	8.75689
run_0067.root	53442	-35.4575	4.55988
run_0067.root	53464	-42.3952	8.05001
run_0067.root	53583	-31.0844	3.58048
run_0067.root	53690	-36.1255	1.28602
run_0067.root	53710	-47.2094	8.13025
run_0067.root	54352	-57.5081	5.02126
run_0067.root	54353	-20.68	192.424
run_0067.root	54443	-30.0083	18.1064
run_0067.root	54488	-22.6181	2.64974
run_0067.root	54673	-29.185	2.70287
run_0067.root	55036	-43.9672	4.78468
run_0067.root	55119	-44.4886	3.28177
run_0067.root	55184	-24.7848	0.98106
run_0067.root	55618	-34.3517	12.3045
run_0067.root	55808	-29.3667	1.23379
run_0067.root	56176	-22.3262	0.710292
run_0067.root	56394	-39.4755	188.272
run_0067.root	56610	-21.017	6.73425
run_0067.root	56688	-20.6558	1.39736
run_0067.root	56759	-43.247	2.80046
run_0067.root	57076	-41.6738	4.07955
run_0067.root	57275	-55.8682	4.96893
run_0067.root	57676	-21.7692	5.24267
run_0067.root	57705	-34.2746	2.62832
run_0067.root	57961	-27.1603	3.97641
run_0067.root	58214	-43.2528	6.45647
run_0067.root	58754	-37.1542	4.0966
run_0067.root	58997	-21.9069	0.766897
run_0067.root	59061	-30.5677	2.26634
run_0067.root	59395	-31.6204	43.4689
run_0067.root	59417	-35.9024	1.5232
run_0067.root	59774	-36.4128	13.4008
run_0067.root	60110	-20.7934	6.10356
run_0067.root	60126	-47.5031	6.33008
run_0067.root	60347	-59.1149	2.24283
run_0067.root	60415	-25.0334	8.2216
run_0067.root	60464	-25.3291	2.99137
run_0067.root	60728	-66.6943	6.39834
run_0067.root	60745	-37.1344	1.2112
run_0067.root	60770	-37.8721	3.86276
run_0067.root	60960	-24.4953	0.652519
run_0067.root	60973	-55.4643	3.3693
run_0067.root	61079	-31.052	1.7995
run_0067.root	61210	-22.9407	0.450189
run_0067.root	61405	-39.9229	2.34209
run_0067.root	61421	-37.1787	1.50924
run_0067.root	61526	-33.9233	6.41709
run_0067.root	61529	-20.2524	1.32834
run_0067.root	61598	-30.7082	4.84329
run_0067.root	61646	-35.5548	6.75339
run_0067.root	61705	-41.6791	6.99113
run_0067.root	61741	-40.3651	1.45351
run_0067.root	61754	-47.7576	9.09567
run_0067.root	61908	-32.6152	164.365
run_0067.root	61927	-34.9667	2.48232
run_0067.root	61990	-39.8782	3.72613
run_0067.root	62007	-20.0439	0.476763
run_0067.root	62123	-21.1107	41.2496
run_0067.root	62149	-37.1052	1.78247
run_0067.root	62301	-37.0338	6.90366
run_0067.root	62627	-27.3694	0.610367
run_0067.root	62839	-26.0176	0.504548
run_0067.root	62964	-44.3796	4.91294
run_0067.root	63799	-24.3915	0.235689
run_0067.root	63800	-70.5953	5.6053
run_0067.root	63955	-32.9247	5.10921
run_0067.root	64002	-40.6061	3.00662
run_0067.root	64138	-33.964	2.52863
run_0067.root	64213	-25.7952	0.839212
run_0067.root	64266	-31.4197	0.914465
run_0067.root	64325	-21.2279	0.365073
run_0067.root	64525	-32.845	1.22495
run_0067.root	64647	-21.6011	1.83058
run_0067.root	64889	-54.4848	10.2939
run_0067.root	65011	-29.5959	1.25894
run_0067.root	65194	-50.2431	3.21394
run_0067.root	65474	-36.993	4.32425
run_0067.root	65882	-23.329	1.20776
run_0067.root	66420	-37.867	3.95127
run_0067.root	66972	-32.0191	1.15191
run_0067.root	66977	-68.6396	16.582
run_0067.root	67390	-22.9305	0.519633
run_0067.root	67601	-31.0507	0.933488
run_0067.root	67652	-53.8736	5.86782
run_0067.root	68369	-25.1477	1.50374
run_0067.root	68690	-26.9448	38.0777
run_0067.root	68707	-28.3789	2.05367
run_0067.root	68848	-39.2006	7.12747
run_0067.root	68866	-30.9521	12.2237
run_0067.root	70358	-48.0496	3.66827
run_0067.root	70540	-50.8804	11.437
run_0067.root	71178	-59.8746	5.93211
run_0067.root	71275	-55.9681	5.80354
run_0067.root	71276	-49.6277	6.79633
run_0067.root	71316	-42.9482	73.3863
run_0067.root	71407	-33.3494	1.90377
run_0067.root	71443	-24.243	2.28311
run_0067.root	71585	-50.8342	6.5159
run_0067.root	71851	-21.9721	0.91666
run_0067.root	71870	-37.4798	2.45271
run_0067.root	71871	-37.4798	2.45271
run_0067.root	71884	-44.739	4.04722
run_0067.root	72453	-20.6287	0.459986
run_0067.root	72989	-50.5715	1.92291
run_0067.root	73026	-22.9186	0.964657
run_0067.root	73057	-43.7317	2.00951
run_0067.root	73646	-36.9683	4.56533
run_0067.root	74376	-20.4944	2.25071
run_0067.root	75107	-27.7484	0.72474
run_0067.root	75268	-41.9062	26.7561
run_0067.root	75277	-70.0435	6.59444
run_0067.root	75368	-52.133	8.24279
run_0067.root	75377	-24.5505	3.67926
run_0067.root	75434	-25.3299	61.2516
run_0067.root	75839	-51.524	3.21841
run_0070.root	9	-35.7748	1.89734
run_0070.root	10	-35.7748	1.89734
run_0070.root	404	-61.8924	6.02326
run_0070.root	628	-52.0933	3.58248
run_0070.root	709	-26.3758	2.50159
run_0070.root	949	-30.6047	1.50775
run_0070.root	1097	-20.0699	1.71898
run_0070.root	1470	-38.5754	1.53219
run_0070.root	1611	-43.9107	2.60273
run_0070.root	1616	-47.9246	6.03733
run_0070.root	1812	-20.8159	2.79687
run_0070.root	1950	-24.7183	1.0363
run_0070.root	1993	-21.0618	0.0697476
run_0070.root	2234	-33.4581	1.79265
run_0070.root	2838	-25.5116	1.49194
run_0070.root	3184	-28.153	1.76634
run_0070.root	3538	-45.8078	4.0482
run_0070.root	3692	-27.3843	16.3283
run_0070.root	3716	-29.2046	1.79127
run_0070.root	3724	-37.7054	2.3411
run_0070.root	3732	-37.2383	2.33894
run_0070.root	3913	-39.3862	4.40501
run_0070.root	3948	-70.6214	9.54404
run_0070.root	4322	-34.9374	10.6655
run_0070.root	4365	-22.2793	1.10939
run_0070.root	4671	-31.2587	1.38878
run_0070.root	4682	-24.8145	29.3054
run_0070.root	4790	-21.0888	255.95
run_0070.root	4886	-80.0399	10.3885
run_0070.root	4901	-25.2355	40.2313
run_0070.root	5038	-32.8323	1.67453
run_0070.root	5489	-51.9575	5.27013
run_0070.root	5523	-23.2644	953.336
run_0070.root	5731	-28.7041	0.992784
run_0070.root	5842	-22.0575	3.19245
run_0070.root	5875	-51.7201	7.41914
run_0070.root	5991	-21.9738	0.94046
run_0070.root	6675	-31.8275	211.703
run_0070.root	6744	-30.6566	1.10183
run_0070.root	6797	-36.8911	1.9592
run_0070.root	6825	-47.5906	6.52615
run_0070.root	6839	-24.6451	1.62902
run_0070.root	6888	-23.9591	1.38967
run_0070.root	7211	-32.3291	1.14476
run_0070.root	7548	-37.1376	2.9662
run_0070.root	7945	-33.3032	157.738
run_0070.root	8481	-42.3952	23.4066
run_0070.root	8636	-61.6067	10.8669
run_0070.root	8645	-21.7398	7.84406
run_0070.root	8761	-40.7111	2.0295
run_0070.root	8965	-22.8862	11.2427
run_0070.root	9036	-21.5874	1.99894
run_0070.root	9242	-20.9225	0.898578
run_0070.root	9265	-20.0951	0.990436
run_0070.root	9282	-34.7346	1.59043
run_0070.root	9300	-41.9197	5.84851
run_0070.root	9877	-22.0829	49.1348
run_0070.root	10408	-154.139	5.01687
run_0070.root	10562	-23.14	1.23609
run_0070.root	10583	-23.578	3.11855
run_0070.root	10588	-35.8413	0.745508
run_0070.root	10848	-42.1519	11.0748
run_0070.root	10863	-21.1505	41.8965
run_0070.root	11087	-39.3443	2.16546
run_0070.root	11143	-54.7227	3.4453
run_0070.root	11181	-27.5389	4.96837
run_0070.root	12191	-51.8986	3.0919
run_0070.root	12202	-32.7677	48.5637
run_0070.root	12220	-27.4432	4.10351
run_0070.root	12349	-35.3786	2.81826
run_0070.root	12394	-46.2278	40.8178
run_0070.root	12788	-29.993	3.57862
run_0070.root	12951	-28.2822	13.658
run_0070.root	12997	-20.3005	9.56245
run_0070.root	13208	-24.1372	149.539
run_0070.root	13368	-153.925	4.84412
run_0070.root	13631	-32.8433	7.54544
run_0070.root	13818	-57.0622	8.27198
run_0070.root	14038	-33.6011	0.2371
run_0070.root	14688	-55.7305	7.46861
run_0070.root	14907	-39.7858	1.72586
run_0070.root	15196	-38.4718	3.98805
run_0070.root	15198	-20.0893	2.42021
run_0070.root	15385	-39.5808	4.16527
run_0070.root	15578	-22.8457	5.31327
run_0070.root	15685	-45.1492	3.57043
run_0070.root	15870	-57.6731	5.71418
run_0070.root	16230	-71.4545	7.56738
run_0070.root	16878	-35.6565	4.36651
run_0070.root	16933	-20.5981	1.22322
run_0070.root	16934	-46.3804	5.62186
run_0070.root	17010	-30.251	4.84523
run_0070.root	17081	-29.0966	4.98827
run_0070.root	17412	-24.8326	191.261
run_0070.root	17571	-42.5344	11.6532
run_0070.root	17651	-21.3367	1.33603
run_0070.root	18175	-53.3178	4.75013
run_0070.root	18269	-32.7766	1.24904
run_0070.root	18407	-51.8112	3.5489
run_0070.root	18564	-36.0044	4.13907
run_0070.root	18610	-32.2909	5.4677
run_0070.root	18760	-22.7122	1.47547
run_0070.root	18798	-21.6848	0.687305
run_0070.root	18929	-26.0795	79.4479
run_0070.root	19106	-27.6145	4.94657
run_0070.root	19185	-25.1188	6.13275
run_0070.root	19251	-30.8341	12.729
run_0070.root	19354	-43.0383	3.16436
run_0070.root	19663	-24.2821	92.2215
run_0070.root	19739	-21.4665	536.918
run_0070.root	19777	-53.9403	7.71764
run_0070.root	19933	-59.2766	10.2531
run_0070.root	20033	-25.0369	3.23622
run_0070.root	20194	-43.9863	1.40367
run_0070.root	20195	-44.301	3.07638
run_0070.root	20228	-35.9087	1.59822
run_0070.root	20679	-54.1482	6.67946
run_0070.root	20814	-45.9952	3.30625
run_0070.root	20837	-64.9245	8.99914
run_0070.root	21074	-20.8455	5.27654
run_0070.root	21095	-36.4279	5.10061
run_0070.root	21132	-46.8336	5.59466
run_0070.root	21404	-22.9125	1.12082
run_0070.root	21796	-30.9794	1.05373
run_0070.root	21841	-29.5587	15.655
run_0070.root	21849	-21.795	2.36405
run_0070.root	21850	-21.795	2.36405
run_0070.root	22033	-29.1371	182.241
run_0070.root	22188	-31.4073	1.01657
run_0070.root	22650	-48.834	7.04996
run_0070.root	23094	-40.5895	2.75695
run_0070.root	23178	-37.7374	2.13404
run_0070.root	23332	-50.4631	3.30874
run_0070.root	23454	-24.7379	1.40259
run_0070.root	23455	-24.7379	1.40259
run_0070.root	23490	-28.0249	0.153816
run_0070.root	23649	-26.9496	1.52622
run_0070.root	23847	-38.3759	8.34707
run_0070.root	23977	-55.5526	7.285
run_0070.root	24210	-32.0729	2.27743
run_0070.root	24548	-49.415	4.40666
run_0070.root	24664	-30.0157	5.33187
run_0070.root	24680	-56.9056	9.0026
run_0070.root	25526	-23.4347	6.36392
run_0070.root	25851	-39.3451	4.01449
run_0070.root	26149	-38.3614	7.57819
run_0070.root	26234	-25.9459	15.0901
run_0070.root	26376	-56.3709	8.68213
run_0070.root	26594	-45.8845	14.0317
run_0070.root	26729	-32.7224	2.38968
run_0070.root	26805	-34.7418	13.4928
run_0070.root	27105	-61.8431	7.54442
run_0070.root	27250	-44.8792	3.66015
run_0070.root	27350	-56.0226	2.01679
run_0070.root	27525	-29.3767	2.07301
run_0070.root	28055	-41.362	5.37525
run_0070.root	28304	-24.6199	14570
run_0070.root	28338	-42.6413	3.73999
run_0070.root	28748	-63.5334	9.65154
run_0070.root	28825	-38.5819	9.44649
run_0070.root	29035	-50.9132	0.989735
run_0070.root	29701	-25.0098	4.09474
run_0070.root	29881	-54.7787	6.00839
run_0070.root	30012	-25.5418	1.51033
run_0070.root	30441	-23.0408	7.72868
run_0070.root	30492	-25.2086	16.5084
run_0070.root	30524	-38.1888	3.80068
run_0070.root	30624	-34.7297	2.2719
run_0070.root	30719	-52.0927	6.06445
run_0070.root	31274	-22.7424	8.46404
run_0070.root	31477	-21.5788	1.64684
run_0070.root	31757	-37.2792	1.96027
run_0070.root	31871	-23.503	28.8255
run_0070.root	31954	-21.7629	0.663195
run_0070.root	32391	-58.7793	15.3855
run_0070.root	32492	-29.1814	10.6461
run_0070.root	32540	-22.2697	5.3093
run_0070.root	32675	-52.8454	6.79914
run_0070.root	32734	-27.7229	6.32887
run_0070.root	32735	-46.0954	4.84168
run_0070.root	32764	-36.3642	2.02106
run_0070.root	32969	-60.7783	5.76622
run_0070.root	33056	-28.0284	2.39911
run_0070.root	33199	-58.1842	6.44279
run_0070.root	33340	-38.3625	1.524
run_0070.root	33373	-39.2096	4.33787
run_0070.root	33387	-39.4685	3.24854
run_0070.root	33572	-33.9039	1.39685
run_0070.root	33589	-49.3585	4.66382
run_0070.root	33601	-26.1485	13.9616
run_0070.root	33806	-22.0445	0.477234
run_0070.root	33927	-46.3988	5.03794
run_0070.root	33996	-38.493	2.8882
run_0070.root	34092	-29.478	4.24323
run_0070.root	34199	-26.1106	2.34511
run_0070.root	34382	-53.9578	12.9001
run_0070.root	34709	-23.2733	0.514938
run_0070.root	34953	-24.5963	2.88067
run_0070.root	35966	-37.6637	0.965634
run_0070.root	36260	-42.155	1.90318
run_0070.root	36777	-20.1418	0.561422
run_0070.root	37077	-24.076	4.62016
run_0070.root	37171	-43.1051	5.90772
run_0070.root	37253	-44.0357	7.02845
run_0070.root	37509	-22.2723	1.93365
run_0070.root	37625	-27.8166	3.61461
run_0070.root	37737	-22.3502	1.44551
run_0070.root	37814	-28.4767	2.20151
run_0070.root	37891	-70.0445	5.75567
run_0070.root	37924	-32.5684	1.10483
run_0070.root	38328	-38.2929	78.9196
run_0070.root	38358	-20.7104	5.27115
run_0070.root	38492	-24.2849	1.23924
run_0070.root	38746	-48.947	7.44432
run_0070.root	39507	-43.3612	6.35935
run_0070.root	39760	-34.5243	3.01007
run_0070.root	39844	-39.441	2.76107
run_0070.root	40041	-29.939	5.20578
run_0070.root	40100	-34.1044	0.855662
run_0070.root	40277	-21.4191	0.500005
run_0070.root	40327	-24.7611	3.94587
run_0070.root	40447	-60.1488	3.63582
run_0070.root	40448	-60.1488	3.63582
run_0070.root	40449	-60.1488	3.63582
run_0070.root	40502	-20.4517	4.43695
run_0070.root	40508	-20.0997	1.49642
run_0070.root	40704	-29.9596	0.960696
run_0070.root	41286	-23.125	44.7391
run_0070.root	41324	-85.6136	12.1868
run_0070.root	41733	-42.0774	5.44127
run_0070.root	41752	-29.6111	2.11191
run_0070.root	41755	-21.4168	8.02075
run_0070.root	41780	-56.4277	6.95407
run_0070.root	42039	-66.5002	12.8098
run_0070.root	43430	-27.3657	42.5535
run_0070.root	43490	-26.6655	4.20221
run_0070.root	43771	-30.1834	5.95668
run_0070.root	44016	-26.1761	15.9637
run_0070.root	44520	-27.2679	8.41121
run_0070.root	44638	-34.788	5.1369
run_0070.root	44711	-40.8387	3.07239
run_0070.root	44987	-21.1945	1.57197
run_0070.root	45030	-24.5087	2.75634
run_0070.root	45487	-22.0371	1035.67
run_0070.root	45907	-29.36	0.952612
run_0070.root	46032	-36.5138	1.22872
run_0070.root	46665	-36.641	1.41395
run_0070.root	46822	-46.2224	1.07016
run_0070.root	47126	-36.3099	2.80702
run_0070.root	47488	-29.5779	0.825086
run_0070.root	48137	-25.2213	7.53916
run_0070.root	48238	-50.4766	16.6648
run_0070.root	48311	-35.6742	8.40924
run_0070.root	48312	-35.6742	8.40924
run_0070.root	48510	-35.9863	2.51219
run_0070.root	48717	-25.274	0.536424
run_0070.root	48892	-51.3914	8.77223
run_0070.root	48893	-51.3914	8.77223
run_0070.root	49257	-35.319	1.71454
run_0070.root	49651	-31.4185	14.8476
run_0070.root	49744	-25.7234	2.95215
run_0070.root	49786	-48.5199	683.509
run_0070.root	49787	-48.5199	683.509
run_0070.root	49807	-22.4936	2.7252
run_0070.root	49941	-46.7452	4.76824
run_0070.root	50125	-22.249	10.9847
run_0070.root	50183	-37.2178	7.8025
run_0070.root	50197	-55.048	5.87923
run_0070.root	50508	-23.3216	23.8192
run_0070.root	50724	-23.3794	3.75232
run_0070.root	51020	-23.4466	290.668
run_0070.root	51249	-31.1992	7.96387
run_0070.root	52161	-35.1366	5.79886
run_0070.root	52524	-23.4182	1.12772
run_0070.root	52560	-27.4793	3.36125
run_0070.root	52605	-40.8314	6.14962
run_0070.root	52764	-37.9859	1.81235
run_0070.root	52867	-37.1008	4.7848
run_0070.root	52972	-24.6605	1.2223
run_0070.root	53351	-159.069	9.8471
run_0070.root	53444	-111.561	16.0901
run_0070.root	53634	-22.6167	6.07987
run_0070.root	53738	-25.0715	408.439
run_0070.root	54028	-22.2554	2.19078
run_0070.root	54316	-42.7261	4.8289
run_0070.root	54389	-26.2824	4.47823
run_0070.root	54473	-26.4669	0.771813
run_0070.root	54558	-28.5842	2151.19
run_0070.root	54747	-33.3053	26.8701
run_0070.root	54969	-20.6702	13.5137
run_0070.root	55487	-31.6721	0.797075
run_0070.root	55494	-23.8494	12.8426
run_0070.root	55612	-30.2793	0.454875
run_0070.root	55737	-49.7399	7.42185
run_0070.root	55890	-22.2381	3.24349
run_0070.root	55984	-38.916	2.35338
run_0070.root	56151	-20.1812	0.366894
run_0070.root	56784	-36.7444	7.41308
run_0070.root	57087	-47.9633	1.41641
run_0070.root	57206	-27.1886	3.87025
run_0070.root	57229	-34.6968	1.27576
run_0070.root	57726	-22.4428	0.615354
run_0070.root	57727	-22.4428	0.615354
run_0070.root	58056	-25.4616	6.76725
run_0070.root	58084	-35.4828	1.61419
run_0070.root	58156	-36.6269	4.99045
run_0070.root	58173	-49.6099	6.95834
run_0070.root	58674	-28.2777	813.258
run_0070.root	58860	-39.3019	3.38978
run_0070.root	59122	-22.6098	22.5889
run_0070.root	59362	-33.6004	1.996
run_0070.root	59461	-25.2022	8.86766
run_0070.root	59694	-22.9842	0.415036
run_0070.root	60279	-20.9792	2.29302
run_0070.root	60321	-23.4662	1.09587
run_0070.root	60757	-22.9129	3.10027
run_0070.root	60792	-41.9339	9.277
run_0070.root	60931	-57.0666	5.18975
run_0070.root	60941	-35.3808	3.21218
run_0070.root	60944	-47.6277	7.59866
run_0070.root	60958	-23.6577	2.33268
run_0070.root	60960	-35.1464	19.0831
run_0070.root	60975	-47.5741	2.26166
run_0070.root	60993	-62.3301	7.20368
run_0070.root	61033	-51.6605	7.29722
run_0070.root	61771	-32.4156	49.0665
run_0070.root	62056	-46.3253	7.06855
run_0070.root	62187	-32.6767	5.66023
run_0070.root	62673	-41.8607	5.84377
run_0070.root	62716	-20.823	7.63974
run_0070.root	62854	-50.2078	6.12474
run_0070.root	62935	-20.5668	0.723987
run_0070.root	62968	-39.5105	1.88235
run_0070.root	63329	-27.3868	179.289
run_0070.root	63438	-35.3767	2.08038
run_0070.root	63667	-40.5831	3.01321
run_0070.root	63963	-33.1435	1.30504
run_0070.root	64247	-30.8818	6.57309
run_0070.root	64312	-45.0862	7.03499
run_0070.root	64790	-22.7296	12.5011
run_0070.root	65300	-37.2829	1.35332
run_0070.root	65301	-30.7728	1.45176
run_0070.root	65355	-30.5116	2.74104
run_0070.root	65541	-20.6121	2.63547
run_0070.root	65574	-22.2921	313.148
run_0070.root	65949	-65.3148	8.07378
run_0070.root	66279	-38.0477	13.415
run_0070.root	66424	-56.7719	12.0405
run_0070.root	66556	-33.6175	2.36242
run_0070.root	66707	-72.9728	28.5095
run_0070.root	66782	-24.2192	0.971907
run_0070.root	66788	-41.0863	4.11502
run_0070.root	67020	-36.378	17.4659
run_0070.root	67111	-31.1174	1.52952
run_0070.root	67197	-23.016	8.06716
run_0070.root	67286	-37.9262	5.07239
run_0070.root	67404	-20.8326	12.8428
run_0070.root	67425	-55.5249	2.84755
run_0070.root	67641	-41.4917	4.54402
run_0070.root	67973	-25.21	1.12484
run_0070.root	67974	-25.21	1.12484
run_0070.root	68003	-39.3714	2.90786
run_0070.root	68264	-63.4561	9.04439
run_0070.root	68355	-23.3306	5.54242
run_0070.root	68602	-31.8937	1.33499
run_0070.root	68667	-22.9728	6.47922
run_0070.root	68688	-52.2692	4.82253
run_0070.root	68759	-37.3709	4.22824
run_0070.root	68950	-33.4109	1.40701
run_0070.root	68954	-25.9687	0.763733
run_0070.root	68984	-23.171	2.82019
run_0070.root	69086	-23.7394	0.502666
run_0070.root	69296	-20.412	98.5031
run_0070.root	69497	-28.0468	0.873975
run_0070.root	69966	-24.6759	3.19366
run_0070.root	70097	-24.9035	26.7312
run_0070.root	70284	-21.8716	1.45195
run_0070.root	70304	-40.0614	6.25657
run_0070.root	70407	-22.9092	1.77924
run_0070.root	70415	-50.1009	4.4048
run_0070.root	70682	-28.7249	3.7004
run_0070.root	70730	-34.7985	1.27927
run_0070.root	71028	-36.9253	1.72513
run_0070.root	71074	-37.1354	20.896
run_0070.root	71097	-22.5636	0.53205
run_0070.root	71687	-60.137	7.71392
run_0070.root	71746	-27.0014	3.10729
run_0070.root	71799	-36.4931	41.3523
run_0070.root	71800	-23.0976	4.39533
run_0070.root	71820	-24.7587	26.8182
run_0070.root	71873	-26.4115	1.36133
run_0070.root	71889	-25.873	2.35884
run_0070.root	72028	-22.3592	2.38728
run_0070.root	72203	-32.532	9.52638
run_0070.root	72260	-27.7954	12.6656
run_0070.root	72282	-24.007	6.43446
run_0070.root	72425	-24.701	0.882598
run_0070.root	72578	-21.9601	9.55442
run_0070.root	72598	-30.2826	0.932773
run_0070.root	72647	-25.2259	0.669398
run_0071.root	0	-24.2493	3.55151
run_0071.root	1	-24.2493	3.55151
run_0071.root	55	-35.9729	3.67221
run_0071.root	233	-20.7329	181.781
run_0071.root	260	-20.4525	0.306239
run_0071.root	675	-22.9304	330.496
run_0071.root	703	-29.6168	0.800237
run_0071.root	854	-40.7017	2.45005
run_0071.root	939	-43.0336	3.49946
run_0071.root	988	-43.0891	5.08682
run_0071.root	1460	-32.1602	1.19617
run_0071.root	1771	-36.5453	3.72094
run_0071.root	1802	-32.4075	4.34294
run_0071.root	1977	-22.9085	2.66844
run_0071.root	2029	-44.7489	4.14612
run_0071.root	2328	-37.2818	2.7317
run_0071.root	2549	-50.2124	4.98743
run_0071.root	3096	-21.9207	0.070473
run_0071.root	3103	-32.9909	0.793848
run_0071.root	3462	-24.3394	0.0863544
run_0071.root	3871	-40.4541	6.03442
run_0071.root	3941	-20.7981	0.517177
run_0071.root	4058	-49.7179	2342.14
run_0071.root	4151	-24.802	3.84883
run_0071.root	4839	-55.6687	3.9592
run_0071.root	4873	-32.5589	5.0324
run_0071.root	5691	-27.4302	1.62358
run_0071.root	6047	-30.7113	2.45554
run_0071.root	6246	-48.0275	4.652
run_0071.root	6428	-52.2697	3.33874
run_0071.root	6644	-21.6821	6.48027
run_0071.root	6691	-38.1944	8.71369
run_0071.root	6883	-20.4579	2.41528
run_0071.root	6927	-25.1457	12.5883
run_0071.root	7378	-61.411	5.87484
run_0071.root	7492	-63.9911	7.04773
run_0071.root	7601	-26.6386	2.81265
run_0071.root	7699	-61.4314	7.73739
run_0071.root	7950	-23.177	1.55582
run_0071.root	8302	-26.9673	2.05533
run_0071.root	8557	-28.352	0.938964
run_0071.root	8623	-37.6105	8.25986
run_0071.root	9883	-21.2443	4.18801
run_0071.root	10162	-27.6913	0.949454
run_0071.root	11430	-20.2157	2.5392
run_0071.root	11619	-43.7014	2.15804
run_0071.root	12391	-57.9649	33.3606
run_0071.root	12678	-55.3737	6.34349
run_0071.root	12807	-35.1364	1.29035
run_0071.root	12881	-46.3577	2.08153
run_0071.root	13359	-20.7831	1.86545
run_0071.root	13790	-57.835	30.0039
run_0071.root	14105	-30.0925	4.65129
run_0071.root	14355	-46.6783	4.66456
run_0071.root	14368	-22.4075	0.829929
run_0071.root	14474	-20.7478	8.55384
run_0071.root	14781	-25.2704	1.11798
run_0071.root	14930	-29.0202	0.751319
run_0071.root	14997	-39.2362	2.82066
run_0071.root	15431	-33.9998	501.914
run_0071.root	15690	-29.4433	14.2177
run_0071.root	16349	-21.2309	2.69878
run_0071.root	16356	-24.1455	1.22947
run_0071.root	16438	-35.1857	2.5196
run_0071.root	16925	-24.5739	3.0102
run_0071.root	17061	-31.9743	1539.87
run_0071.root	17170	-46.3717	7.70517
run_0071.root	17471	-23.6112	1.68797
run_0071.root	17478	-38.6106	2.93805
run_0071.root	17527	-39.2262	5.2907
run_0071.root	17848	-22.3933	7.09004
run_0071.root	17885	-20.5773	22.4873
run_0071.root	17953	-34.4034	4.25575
run_0071.root	17990	-56.2319	9.35858
run_0071.root	18020	-33.2947	1.90953
run_0071.root	18044	-24.3746	0.682051
run_0071.root	18117	-43.3792	8.09834
run_0071.root	18142	-54.6429	6.33007
run_0071.root	18153	-21.2528	0.775385
run_0071.root	18195	-43.6358	3.17583
run_0071.root	18391	-41.3334	8.96823
run_0071.root	18693	-21.5302	0.872373
run_0071.root	18739	-26.5971	2.69334
run_0071.root	18766	-48.2258	2.37756
run_0071.root	19232	-60.44	10.0698
run_0071.root	20194	-20.8635	68.522
run_0071.root	20583	-20.7159	0.600056
run_0071.root	20796	-35.3457	2.46317
run_0071.root	21240	-23.3181	64.8952
run_0071.root	21383	-42.2724	6.4178
run_0071.root	21445	-36.2668	5.20338
run_0071.root	21515	-21.7164	0.54235
run_0071.root	21612	-24.2445	1.82652
run_0071.root	21826	-70.5652	6.70415
run_0071.root	21894	-34.1681	5.28535
run_0071.root	21920	-26.9694	33.2046
run_0071.root	21921	-26.9694	33.2046
run_0071.root	21967	-29.4294	1.57618
run_0071.root	22164	-28.3189	1.44418
run_0071.root	22270	-37.8352	8.58507
run_0071.root	22373	-32.9922	1.96015
run_0071.root	22499	-56.3648	9.7173
run_0071.root	22627	-22.1913	3.71177
run_0071.root	22716	-35.2206	2.05794
run_0071.root	22722	-22.2371	0.846402
run_0071.root	22848	-44.6365	9.226
run_0071.root	23946	-39.794	42.6714
run_0071.root	23988	-37.0222	2.16182
run_0071.root	24096	-20.3269	17.1717
run_0071.root	24272	-27.5374	0.598874
run_0071.root	24449	-24.6095	0.99578
run_0071.root	24523	-48.0795	169
run_0071.root	24556	-23.2088	4.93878
run_0071.root	24617	-37.3924	2.84904
run_0071.root	24969	-26.9548	3.29534
run_0071.root	25336	-21.4739	232.662
run_0071.root	25989	-25.6782	0.659672
run_0071.root	26042	-43.0703	8.88173
run_0071.root	26105	-60.6223	2.57284
run_0071.root	26170	-73.194	8.78882
run_0071.root	26317	-53.6817	5.84193
run_0071.root	26329	-20.9357	3.40228
run_0071.root	26365	-33.6251	4.22226
run_0071.root	26537	-63.4035	5.49735
run_0071.root	26850	-21.5148	1.84468
run_0071.root	26857	-37.2009	7.8489
run_0071.root	27139	-26.5652	4.18161
run_0071.root	27281	-51.7944	7.3913
run_0071.root	27415	-39.5924	3.94183
run_0071.root	27636	-37.6897	5.30921
run_0071.root	27642	-20.1611	1.64062
run_0071.root	27764	-32.7708	1.13786
run_0071.root	28659	-35.3812	3.92737
run_0071.root	29134	-31.1475	1.6913
run_0071.root	29392	-34.3535	1.52386
run_0071.root	29543	-28.9093	2.36927
run_0071.root	29595	-58.6274	12.6389
run_0071.root	29972	-21.5899	0.59525
run_0071.root	30054	-20.1151	0.547601
run_0071.root	30189	-38.0003	3.54852
run_0071.root	30237	-20.4305	43.8345
run_0071.root	30470	-36.7974	2.17849
run_0071.root	30600	-66.4125	9.25867
run_0071.root	30835	-24.0094	8.86235
run_0071.root	31370	-41.8151	33.1277
run_0071.root	31474	-36.3828	9754.58
run_0071.root	31501	-41.7942	3.63982
run_0071.root	31680	-25.932	2.06157
run_0071.root	31726	-35.4317	27.3689
run_0071.root	31830	-21.7344	1.19982
run_0071.root	32118	-36.4817	3.55101
run_0071.root	32381	-21.758	9.84077
run_0071.root	32830	-44.114	2.81422
run_0071.root	32845	-26.8323	3.36334
run_0071.root	32932	-28.2502	3.67247
run_0071.root	32961	-49.6745	6.31825
run_0071.root	33124	-25.1238	3.20468
run_0071.root	33306	-21.5818	5994.5
run_0071.root	33980	-42.935	2.3407
run_0071.root	34081	-25.9605	0.318632
run_0071.root	34512	-54.9005	6.98516
run_0071.root	34536	-33.1256	1.27575
run_0071.root	34611	-51.9469	4.95554
run_0071.root	34677	-24.0415	0.361234
run_0071.root	34912	-47.8295	15.988
run_0071.root	35043	-39.9871	6.5469
run_0071.root	35240	-36.4937	0.860479
run_0071.root	35617	-39.1707	11.9232
run_0071.root	35790	-27.4638	7.09642
run_0071.root	36107	-54.7078	2.53904
run_0071.root	36186	-21.6505	0.878525
run_0071.root	36312	-24.1803	1.04327
run_0071.root	36404	-40.1699	2.73567
run_0071.root	36514	-41.4189	4.3956
run_0071.root	36647	-30.9646	3.89934
run_0071.root	36704	-33.738	2.10246
run_0071.root	36801	-33.3097	1.90939
run_0071.root	36844	-24.6788	0.884492
run_0071.root	37127	-22.9156	71.9029
run_0071.root	38035	-21.4612	0.430096
run_0071.root	38050	-41.2218	4.47841
run_0071.root	38060	-41.0062	2.45757
run_0071.root	38112	-38.7962	3.49061
run_0071.root	38356	-46.9349	13.4586
run_0071.root	38558	-36.338	3.22226
run_0071.root	38607	-20.5144	7.2394
run_0071.root	38634	-21.9448	5.41834
run_0071.root	38751	-28.6193	179.7
run_0071.root	38843	-27.7356	0.98088
run_0071.root	39329	-47.698	5.19921
run_0071.root	39541	-49.9747	7.64713
run_0071.root	39588	-32.1415	1.83324
run_0071.root	39870	-55.9692	6.68232
run_0071.root	39877	-37.3172	2.47557
run_0071.root	40076	-26.7609	0.707357
run_0071.root	40573	-58.4011	10.2521
run_0071.root	40751	-33.1299	1.92682
run_0071.root	40826	-24.9856	1.44686
run_0071.root	40849	-28.4915	0.926471
run_0071.root	40912	-34.4249	4.74392
run_0071.root	40955	-27.1301	1.20112
run_0071.root	41067	-23.3101	1.03894
run_0071.root	42012	-27.4832	4.86872
run_0071.root	42147	-47.8188	6.64768
run_0071.root	42809	-20.8467	0.488637
run_0071.root	42987	-30.2179	3.10697
run_0071.root	42988	-50.1367	6.9094
run_0071.root	43015	-46.8094	2.45675
run_0071.root	43099	-58.0954	4.96926
run_0071.root	43141	-30.8159	1.45972
run_0071.root	43266	-51.9172	4.88594
run_0071.root	43494	-21.3874	1.72395
run_0071.root	43529	-20.0138	4.67243
run_0071.root	43536	-24.0298	1.23349
run_0071.root	43836	-47.4924	1.97279
run_0071.root	44250	-22.9838	1.82492
run_0071.root	44555	-24.6873	1.20725
run_0071.root	44724	-31.1782	0.838312
run_0071.root	45181	-24.7211	3.69963
run_0071.root	45421	-24.624	1190.61
run_0071.root	45529	-31.6857	1.9187
run_0071.root	45617	-26.3183	2.74172
run_0071.root	46075	-42.6041	1887.99
run_0071.root	46144	-28.6059	46.9512
run_0071.root	46240	-56.1675	4.54716
run_0071.root	46329	-27.7734	10.4336
run_0071.root	46553	-23.5133	3.94242
run_0071.root	46695	-44.7318	4.52475
run_0071.root	46738	-34.3449	6.83906
run_0071.root	46825	-27.1605	7.39143
run_0071.root	46935	-22.7747	0.31593
run_0071.root	47223	-22.1968	2.18466
run_0071.root	47383	-32.0803	1.43072
run_0071.root	47469	-21.9587	651.341
run_0071.root	47723	-23.1482	13.2972
run_0071.root	47800	-36.6175	1.78771
run_0071.root	48094	-44.4982	2.60387
run_0071.root	48126	-33.3123	3.30766
run_0071.root	48246	-37.4578	4.28166
run_0071.root	49346	-37.1936	2.06675
run_0071.root	50337	-45.5872	7.43319
run_0071.root	50715	-29.4452	118.046
run_0071.root	50766	-41.351	5.86843
run_0071.root	51159	-42.1521	4.25588
run_0071.root	51201	-38.2339	7.93235
run_0071.root	51333	-48.8353	2.1272
run_0071.root	51483	-41.4743	3.09845
run_0071.root	51726	-33.7478	2.88701
run_0071.root	51863	-25.2591	9.57067
run_0071.root	51911	-28.663	181.418
run_0071.root	51986	-24.0076	1.45511
run_0071.root	52033	-38.3998	3.56406
run_0071.root	52202	-21.8063	112.561
run_0071.root	52419	-44.6834	5.26717
run_0071.root	52422	-53.6471	6.42242
run_0071.root	52566	-65.4652	5.89132
run_0071.root	52579	-21.5709	8.88513
run_0071.root	52962	-42.8974	5.34556
run_0071.root	53272	-25.7583	430.202
run_0071.root	53870	-30.2197	1.72416
run_0071.root	53982	-49.0665	6.03035
run_0071.root	54022	-21.1431	7.5128
run_0071.root	54244	-33.3069	5.2834
run_0071.root	54686	-31.412	1.62602
run_0071.root	55134	-20.7854	1.28041
run_0071.root	55277	-41.723	3.64972
run_0071.root	55577	-33.2189	10.1183
run_0071.root	55744	-38.2944	1.53003
run_0071.root	55891	-20.9074	1.77644
run_0071.root	55930	-83.9528	15.9069
run_0071.root	56111	-36.7211	3.54937
run_0071.root	56213	-24.3723	1.50818
run_0071.root	56581	-47.7085	4.5184
run_0071.root	56712	-30.5741	7.90675
run_0071.root	56762	-42.465	10.0575
run_0071.root	56871	-33.5346	3.49145
run_0071.root	56901	-58.2282	4.48509
run_0071.root	56945	-23.4095	1.93706
run_0071.root	57425	-26.6575	0.826032
run_0071.root	57828	-54.5544	4.14593
run_0071.root	57833	-33.8294	2.49101
run_0071.root	57857	-40.1464	3.21203
run_0071.root	58007	-35.0409	20.6439
run_0071.root	58308	-45.8768	4.31084
run_0071.root	58330	-45.6129	5.34561
run_0071.root	58333	-24.1669	0.5522
run_0071.root	58336	-29.2517	45.0645
run_0071.root	58495	-40.1191	1.4148
run_0071.root	58527	-22.0883	1.39337
run_0071.root	58736	-42.1923	3.3889
run_0071.root	58842	-42.9683	2.47344
run_0071.root	58923	-34.9009	0.970355
run_0071.root	58933	-48.5577	0.540829
run_0071.root	59313	-31.5463	1.57195
run_0071.root	59324	-21.5731	3.39518
run_0071.root	60604	-65.7585	5.72014
run_0071.root	60798	-31.6033	4.57667
run_0071.root	60904	-36.8621	3.53633
run_0071.root	61487	-55.6194	13.8811
run_0071.root	61502	-41.0404	1.27736
run_0071.root	61619	-45.1656	7.85089
run_0071.root	61664	-28.3402	13.2378
run_0071.root	61887	-25.483	0.960274
run_0071.root	62356	-35.9121	3.83024
run_0071.root	62665	-20.6885	0.79786
run_0071.root	62738	-25.458	12.393
run_0071.root	62739	-25.458	12.393
run_0071.root	62970	-21.633	0.547972
run_0071.root	62994	-49.8196	5.5595
run_0071.root	63066	-34.1776	8.31912
run_0071.root	63545	-31.9146	2.51487
run_0071.root	63701	-26.2924	1.4979
run_0071.root	63718	-20.1747	0.794326
run_0071.root	63719	-20.1747	0.794326
run_0071.root	63850	-41.635	3.16923
run_0071.root	64021	-47.2056	7.83486
run_0071.root	64535	-56.7477	4.71342
run_0071.root	64566	-56.7237	7.51673
run_0071.root	64576	-21.7692	5.21045
run_0071.root	65149	-21.4945	0.975067
run_0071.root	65191	-30.7041	1268.32
run_0071.root	65502	-32.4859	227.928
run_0071.root	65658	-23.671	23.8315
run_0071.root	65782	-24.6906	23.9563
run_0071.root	65954	-20.0198	0.936549
run_0071.root	65985	-31.3687	4.26699
run_0071.root	66133	-37.9274	1.04709
run_0071.root	66366	-57.3117	8.69101
run_0071.root	67054	-23.1538	2.94465
run_0071.root	67155	-24.052	91.0627
run_0071.root	67192	-27.2659	1.73591
run_0071.root	67368	-22.972	1.20131
run_0071.root	67530	-46.3194	4.75339
run_0071.root	67536	-22.4387	0.404562
run_0071.root	67695	-32.8016	3.3513
run_0071.root	68064	-45.0352	3.30658
run_0071.root	68545	-30.9352	146.415
run_0071.root	69182	-24.0019	3.10452
run_0071.root	69532	-45.0876	3.39903
run_0071.root	70165	-24.4617	6.37724
run_0071.root	70647	-32.4187	32.7733
run_0071.root	70715	-32.4126	2.78967
run_0071.root	70781	-26.66	1.11321
run_0071.root	71161	-26.3146	7.76884
run_0071.root	71463	-30.0584	12.8214
run_0071.root	71518	-26.6489	1.04274
run_0071.root	72260	-20.2064	142.305
run_0071.root	72466	-25.8288	56.0317
run_0071.root	72589	-20.023	0.982535
run_0071.root	72596	-27.8066	1.28958
run_0071.root	72692	-27.6568	1.9332
run_0071.root	72963	-52.2212	4.6284
run_0071.root	73039	-21.8142	25.7843
run_0071.root	73125	-40.843	1.43904
run_0071.root	73242	-29.4677	8.64196
run_0071.root	73306	-22.7635	1.19222
run_0072.root	280	-23.172	14.9032
run_0072.root	284	-35.3424	3.37699
run_0072.root	385	-38.2751	0.872597
run_0072.root	980	-25.8309	3.6286
run_0072.root	1031	-63.0451	7.98154
run_0072.root	1472	-30.1464	1.92165
run_0072.root	1549	-25.7029	1.19247
run_0072.root	1598	-45.5622	4.33311
run_0072.root	1690	-20.0785	1.49447
run_0072.root	1774	-27.7716	3.65385
run_0072.root	1877	-28.4772	8.7157
run_0072.root	2007	-40.4907	6.36746
run_0072.root	2220	-43.6671	3.76862
run_0072.root	2304	-42.6346	4.71556
run_0072.root	2494	-20.8876	0.396458
run_0072.root	2635	-25.7346	28.198
run_0072.root	2893	-55.5231	10.1922
run_0072.root	2925	-72.1483	7.95427
run_0072.root	2969	-31.8267	7.43068
run_0072.root	3132	-27.0699	95.7902
run_0072.root	3536	-32.4996	2.1513
run_0072.root	3557	-35.7097	1.54225
run_0072.root	3601	-24.0215	378.138
run_0072.root	3896	-31.8978	287.77
run_0072.root	4573	-125.256	2.85091
run_0072.root	4798	-39.1997	2.55536
run_0072.root	5290	-20.871	10.4689
run_0072.root	5505	-21.7296	7.74098
run_0072.root	5660	-20.2044	1.69929
run_0072.root	5712	-23.1086	4.36594
run_0072.root	5794	-43.6738	3.06676
run_0072.root	5871	-42.4264	14.2918
run_0072.root	5912	-50.1237	5.13927
run_0072.root	6481	-20.8863	37.3491
run_0072.root	6691	-66.5682	5.13723
run_0072.root	6710	-62.5048	8.67324
run_0072.root	7053	-40.2328	5.46937
run_0072.root	7391	-51.6887	3.78954
run_0072.root	7449	-24.3634	3.10935
run_0072.root	7502	-20.4053	1.59406
run_0072.root	7733	-20.3461	0.488847
run_0072.root	7880	-25.8136	739.8
run_0072.root	7975	-73.3992	2.97527
run_0072.root	8610	-33.3578	2.49494
run_0072.root	8766	-24.597	1.58345
run_0072.root	8800	-34.4792	3.02309
run_0072.root	8866	-38.625	7.16822
run_0072.root	9009	-49.2935	37.9538
run_0072.root	9352	-41.4521	5.84866
run_0072.root	9522	-26.1734	26.4602
run_0072.root	9923	-36.2408	1.12322
run_0072.root	10248	-61.7113	10.004
run_0072.root	10510	-43.2118	3.54864
run_0072.root	10692	-23.1053	1.01929
run_0072.root	10857	-21.8766	84.5542
run_0072.root	11454	-36.8288	0.681059
run_0072.root	11484	-20.1182	0.449465
run_0072.root	11759	-27.8544	1.0733
run_0072.root	11819	-24.3305	0.530162
run_0072.root	12378	-22.9873	1.20994
run_0072.root	12898	-47.7999	2.14343
run_0072.root	13282	-28.6979	2.98329
run_0072.root	13409	-44.8059	4.93232
run_0072.root	13775	-35.1804	1.21925
run_0072.root	13940	-34.0672	26.138
run_0072.root	13944	-20.2533	6.49635
run_0072.root	14030	-21.3537	51.3504
run_0072.root	14045	-45.5951	1.41244
run_0072.root	14096	-40.0909	1.20038
run_0072.root	14224	-30.9299	2.19092
run_0072.root	14845	-25.9124	1.44586
run_0072.root	15064	-42.6705	10.9748
run_0072.root	15217	-30.9578	1.11215
run_0072.root	15323	-39.6981	1.31695
run_0072.root	15361	-22.0901	1022.41
run_0072.root	15506	-28.312	15.7551
run_0072.root	15563	-97.22	2.91376
run_0072.root	15595	-37.9633	5.90855
run_0072.root	16073	-90.8998	1.90382
run_0072.root	16570	-35.2173	1.39579
run_0072.root	16882	-47.7197	1.82173
run_0072.root	17148	-36.6541	1.22374
run_0072.root	17743	-26.1719	2.20927
run_0072.root	17750	-23.4705	4.2502
run_0072.root	17931	-44.9199	4.25831
run_0072.root	18152	-41.8328	8.11666
run_0072.root	18186	-20.1751	15.3932
run_0072.root	18562	-49.2297	2.70745
run_0072.root	18680	-21.3439	2.677
run_0072.root	18746	-41.7479	5.85081
run_0072.root	19147	-26.3048	1.52433
run_0072.root	19225	-30.5938	3.3338
run_0072.root	19296	-31.9874	1.21991
run_0072.root	19302	-42.2921	3.48192
run_0072.root	19484	-61.252	6.23059
run_0072.root	19631	-21.4955	43.5441
run_0072.root	19738	-27.4939	71.4931
run_0072.root	20319	-45.0991	7.50218
run_0072.root	20402	-29.7575	8290.72
run_0072.root	20650	-40.8188	4.37083
run_0072.root	21016	-21.4562	2.82591
run_0072.root	21056	-39.066	3.83733
run_0072.root	21729	-26.3026	1.60261
run_0072.root	21749	-49.1773	11.3935
run_0072.root	21896	-20.1855	1.0539
run_0072.root	22468	-63.2907	14.394
run_0072.root	22513	-24.5257	49.7732
run_0072.root	22984	-49.5011	1.62454
run_0072.root	23031	-76.78	6.8817
run_0072.root	23529	-43.4609	2.67598
run_0072.root	23625	-38.7658	4.28137
run_0072.root	23726	-59.4893	7.90207
run_0072.root	24031	-23.6993	0.94898
run_0072.root	24255	-48.0425	6.73949
run_0072.root	24296	-33.8427	2.55146
run_0072.root	24597	-30.5932	94.6908
run_0072.root	24782	-27.7786	7.12969
run_0072.root	24897	-23.7677	5.91811
run_0072.root	25095	-43.3462	3.58718
run_0072.root	25405	-22.8249	2.34598
run_0072.root	25437	-34.227	5.50561
run_0072.root	25612	-24.1023	1.07922
run_0072.root	25964	-45.569	4.2792
run_0072.root	25979	-27.2026	16.136
run_0072.root	25980	-27.2026	16.136
run_0072.root	25998	-22.5359	1.98926
run_0072.root	26229	-46.4782	4.40841
run_0072.root	26602	-28.8551	0.681588
run_0072.root	26626	-32.3677	1.24706
run_0072.root	26719	-33.2912	3.27633
run_0072.root	26791	-27.2657	2.10973
run_0072.root	26823	-44.9563	6.68218
run_0072.root	26936	-37.5588	8.66899
run_0072.root	27321	-29.8485	2.72356
run_0072.root	27431	-21.4058	2.71311
run_0072.root	27626	-20.2609	3.25515
run_0072.root	27869	-40.06	5.26063
run_0072.root	27912	-43.1716	2.52991
run_0072.root	28015	-49.7683	2.25191
run_0072.root	28073	-65.3401	7.71364
run_0072.root	28086	-25.3814	1.14872
run_0072.root	28178	-56.7474	7.51135
run_0072.root	28359	-20.7653	1.55736
run_0072.root	28454	-33.3997	2.07822
run_0072.root	28790	-38.5793	3.83923
run_0072.root	28791	-38.5793	3.83923
run_0072.root	29089	-36.8171	2.33417
run_0072.root	29172	-22.1108	0.352878
run_0072.root	29178	-32.2421	1.53823
run_0072.root	30329	-36.2347	1.24386
run_0072.root	30628	-28.4377	3.81536
run_0072.root	31477	-41.016	7.70483
run_0072.root	31519	-25.0479	3.7191
run_0072.root	31648	-37.1337	3.60511
run_0072.root	31775	-37.3926	5.69901
run_0072.root	31817	-38.9039	6.09925
run_0072.root	31987	-54.5111	4.05595
run_0072.root	32170	-28.6732	18.8634
run_0072.root	32269	-26.3976	2.72494
run_0072.root	32343	-28.6668	11.3689
run_0072.root	32617	-30.3989	2.4977
run_0072.root	32663	-21.4106	0.70613
run_0072.root	32766	-22.6153	4.63644
run_0072.root	32967	-22.2512	3.38465
run_0072.root	33181	-34.9617	3.08799
run_0072.root	33184	-63.9528	6.74664
run_0072.root	33355	-24.7579	11.5656
run_0072.root	33595	-26.565	1.70241
run_0072.root	33687	-20.0535	11.6307
run_0072.root	33784	-22.5499	2.93483
run_0072.root	33814	-24.5402	2.73905
run_0072.root	33841	-33.413	5.76788
run_0072.root	34096	-30.9665	1.64127
run_0072.root	34935	-52.8141	5.13632
run_0072.root	35165	-22.9385	1.69552
run_0072.root	35216	-23.0456	1.11157
run_0072.root	35222	-31.3859	0.452668
run_0072.root	35585	-31.9609	2.37065
run_0072.root	35669	-21.291	1.39034
run_0072.root	36159	-44.3042	1.65201
run_0072.root	36313	-21.7702	4.90339
run_0072.root	36342	-88.2536	13.0393
run_0072.root	36521	-28.0561	4.00233
run_0072.root	36546	-21.0403	13.8485
run_0072.root	36676	-27.9343	18.016
run_0072.root	36754	-40.2429	4.6205
run_0072.root	36882	-45.7275	4.7039
run_0072.root	36954	-33.8315	3.3592
run_0072.root	37116	-38.1246	4.43532
run_0072.root	37163	-27.6353	13.4491
run_0072.root	37431	-36.5736	1.97247
run_0072.root	37502	-23.4701	0.891959
run_0072.root	37511	-35.4777	1.30665
run_0072.root	37763	-20.302	1.44646
run_0072.root	37803	-20.0883	6.26318
run_0072.root	38100	-35.2036	3.93193
run_0072.root	38133	-41.058	5.25928
run_0072.root	38352	-67.7626	6.44219
run_0072.root	38356	-22.2489	3.20428
run_0072.root	38450	-21.0487	0.919929
run_0072.root	38451	-21.0487	0.919929
run_0072.root	38732	-20.835	0.229483
run_0072.root	38740	-20.9737	1.07727
run_0072.root	38854	-33.7508	6.83585
run_0072.root	39010	-30.2678	4.37575
run_0072.root	39221	-38.4447	2.25604
run_0072.root	39287	-43.2107	5.20999
run_0072.root	39379	-21.7884	1.45777
run_0072.root	39428	-40.8437	11.853
run_0072.root	39631	-40.9193	1.11732
run_0072.root	39701	-29.5232	1.41692
run_0072.root	40052	-25.9363	7.18862
run_0072.root	40533	-55.4595	5.81289
run_0072.root	40998	-22.9869	3.08481
run_0072.root	41029	-22.3584	0.920936
run_0072.root	41116	-39.889	2.62256
run_0072.root	41136	-20.1413	2.90124
run_0072.root	41235	-21.5408	28.6144
run_0072.root	41447	-22.0527	1.10941
run_0072.root	41458	-62.1479	7.75161
run_0072.root	41797	-25.7218	1739.22
run_0072.root	41936	-20.9348	3.55515
run_0072.root	42051	-48.5721	9.42989
run_0072.root	42117	-52.6265	2.52184
run_0072.root	42644	-26.5385	17.5616
run_0072.root	43013	-20.0094	0.802647
run_0072.root	43122	-92.9047	7.10469
run_0072.root	43177	-56.1496	7.60257
run_0072.root	43531	-23.864	0.57041
run_0072.root	43566	-24.3514	1.82828
run_0072.root	43826	-24.5917	18.4434
run_0072.root	44034	-26.9946	1.44628
run_0072.root	44109	-25.7938	1.76098
run_0072.root	44998	-38.5436	3.6139
run_0072.root	45004	-44.2997	6.64255
run_0072.root	45032	-43.3887	6.85003
run_0072.root	45154	-24.5481	2.75364
run_0072.root	45563	-26.2686	0.79727
run_0072.root	45696	-24.7353	6.77689
run_0072.root	45911	-30.1552	131.336
run_0072.root	46097	-30.8124	1.3594
run_0072.root	46358	-34.8214	2.4834
run_0072.root	47164	-28.7641	1.07187
run_0072.root	47321	-26.2841	1.12903
run_0072.root	47581	-24.5076	1.01904
run_0072.root	47590	-32.2007	2.46999
run_0072.root	47829	-25.8284	31.1128
run_0072.root	47969	-42.0112	45.5561
run_0072.root	48179	-23.6493	0.855688
run_0072.root	48386	-38.7013	3.16655
run_0072.root	48736	-71.7669	5.78824
run_0072.root	48752	-21.9967	0.64534
run_0072.root	49080	-22.2442	4.71594
run_0072.root	49298	-21.6196	2.32814
run_0072.root	49372	-21.8182	7.70599
run_0072.root	49452	-28.5157	6.53981
run_0072.root	49526	-54.357	7.44951
run_0072.root	49571	-20.6344	10.6146
run_0072.root	49638	-50.8008	2.70498
run_0072.root	49930	-59.1168	2.92792
run_0072.root	50008	-60.5294	10.5243
run_0072.root	50174	-37.9742	1.90801
run_0072.root	50424	-26.0304	0.86741
run_0072.root	50547	-25.5212	6.10312
run_0072.root	50716	-39.0823	1.66534
run_0072.root	50745	-24.6038	5.46383
run_0072.root	50749	-48.8311	3.4673
run_0072.root	50764	-35.8565	1.64435
run_0072.root	50824	-36.6345	6.00315
run_0072.root	51067	-32.9985	0.448411
run_0072.root	51134	-34.1701	5.32293
run_0072.root	51237	-20.2941	3.69017
run_0072.root	51342	-41.4695	12.1128
run_0072.root	51576	-22.1198	5.68268
run_0072.root	51704	-20.1454	1.79655
run_0072.root	51792	-37.4716	2.80202
run_0072.root	51799	-40.706	2.56463
run_0072.root	52725	-22.2963	0.60098
run_0072.root	53034	-20.6561	3.85275
run_0072.root	53035	-20.6561	3.85275
run_0072.root	53715	-24.2896	0.664898
run_0072.root	54274	-21.6916	0.597783
run_0072.root	54730	-38.2961	1.20021
run_0072.root	54931	-33.7297	0.591232
run_0072.root	55139	-45.0866	6.27367
run_0072.root	55162	-41.201	10.774
run_0072.root	55548	-50.7346	1.02554
run_0072.root	55680	-23.1202	0.679512
run_0072.root	55726	-30.1279	24.9918
run_0072.root	55729	-31.886	3.40045
run_0072.root	55937	-22.8197	0.714329
run_0072.root	56251	-23.2839	6.87099
run_0072.root	56256	-35.6531	2.81061
run_0072.root	56517	-52.2051	6.65004
run_0072.root	57200	-20.5042	2.27748
run_0072.root	57230	-27.0241	7.41098
run_0072.root	57355	-24.7031	0.318168
run_0072.root	57595	-62.6812	4.03728
run_0072.root	57865	-45.5737	6.06755
run_0072.root	57929	-88.4696	13.2396
run_0072.root	58026	-37.2407	3.17963
run_0072.root	58202	-42.5899	2.88601
run_0072.root	58302	-54.416	6.98499
run_0072.root	58414	-20.0608	1.27108
run_0072.root	58838	-54.1869	22.4163
run_0072.root	58851	-21.3541	0.420362
run_0072.root	58980	-93.4878	7.10377
run_0072.root	59195	-37.8849	4.80254
run_0072.root	59311	-42.3474	4.0586
run_0072.root	59508	-30.4251	69.9993
run_0072.root	59627	-24.9558	1.95463
run_0072.root	59707	-34.8428	3.86468
run_0072.root	59758	-49.1072	4.26811
run_0072.root	60353	-25.266	252.264
run_0072.root	60467	-23.5822	1.17375
run_0072.root	60908	-27.3517	6.25687
run_0072.root	61314	-29.1945	2.40702
run_0072.root	61359	-56.5392	2.67479
run_0072.root	61405	-29.6513	4.01412
run_0072.root	61529	-24.5206	2918.77
run_0072.root	61741	-70.5385	11.1973
run_0072.root	61769	-29.4107	6.00294
run_0072.root	62308	-53.4599	3.51182
run_0072.root	62392	-31.792	2.80384
run_0072.root	62491	-22.3966	0.911392
run_0072.root	62511	-42.9792	3.2243
run_0072.root	62630	-47.6451	8.11438
run_0072.root	62780	-30.0383	1.29464
run_0072.root	63183	-22.7458	1.04031
run_0072.root	63184	-56.3197	13.3986
run_0072.root	63306	-20.0678	25.7593
run_0072.root	63330	-51.1506	4.32799
run_0072.root	63364	-37.6813	1.47942
run_0072.root	63380	-30.9209	1.92615
run_0072.root	63706	-27.3867	4.0538
run_0072.root	63777	-48.2822	4.24702
run_0072.root	64287	-41.8962	3.76776
run_0072.root	64788	-20.1043	2.26548
run_0072.root	64830	-41.9674	1.49427
run_0072.root	64892	-21.3557	1.83409
run_0072.root	65230	-37.9126	4.40365
run_0072.root	65296	-54.2567	9.80198
run_0072.root	65438	-51.2885	4.52078
run_0072.root	65624	-62.4111	7.8097
run_0072.root	65827	-39.8819	5.07097
run_0072.root	66044	-36.0508	9.93957
run_0072.root	66219	-27.3771	0.773669
run_0072.root	66233	-23.0586	15.6931
run_0072.root	66301	-29.2801	4.57291
run_0072.root	66439	-40.4293	5.46342
run_0072.root	66490	-31.931	1.1486
run_0072.root	66669	-45.1695	4.74846
run_0072.root	66808	-35.789	1.09157
run_0072.root	66902	-42.5826	2.72562
run_0072.root	67035	-25.6829	2.35292
run_0072.root	67276	-37.0463	3.92279
run_0072.root	67322	-38.079	3.70588
run_0072.root	67325	-29.2612	1.10337
run_0072.root	67372	-44.1503	15.2729
run_0072.root	67718	-44.8999	4.69057
run_0072.root	67795	-43.2875	5.35758
run_0072.root	67944	-29.9234	2.28113
run_0072.root	68207	-48.189	6.56766
run_0072.root	68263	-29.5837	10.7655
run_0072.root	68626	-42.6945	109.519
run_0072.root	68728	-20.7451	14.8308
run_0072.root	69019	-22.7171	1.27777
run_0072.root	69071	-65.13	5.39606
run_0072.root	69215	-24.8461	6.10395
run_0072.root	69321	-41.0568	2.34791
run_0072.root	70548	-22.4623	1.79999
run_0072.root	70549	-22.4623	1.79999
run_0072.root	70897	-22.674	0.472698
run_0072.root	71058	-51.5935	8.87026
run_0072.root	72033	-59.1751	9.57547
run_0072.root	72189	-69.4777	10.053
run_0072.root	72246	-21.4698	0.898761
run_0072.root	72320	-26.7642	73.0248
run_0072.root	72616	-20.0762	0.207534
run_0072.root	72709	-24.2916	1.76398
run_0072.root	72791	-38.4016	7.43748
run_0072.root	72898	-71.5808	11.0758
run_0072.root	73242	-26.3614	1.99085
run_0072.root	73287	-33.222	4.30832
run_0072.root	73576	-41.6411	3.56322
run_0072.root	73828	-27.122	4.7614
run_0072.root	73846	-20.8472	0.21374
run_0072.root	74034	-22.7388	1.17039
run_0072.root	74036	-55.7541	8.93365
run_0072.root	74179	-35.6701	4.35161
run_0072.root	74533	-40.3815	3.93419
run_0072.root	75427	-35.2522	3.785
run_0072.root	75684	-43.0069	5.97636
run_0072.root	75704	-27.4798	1.55475
run_0072.root	75973	-24.2092	1.54699
run_0072.root	75988	-55.326	4.15791
run_0072.root	76275	-20.5993	1.82865
run_0072.root	76375	-30.4794	10.8098
run_0072.root	76418	-28.9789	3.03534
run_0072.root	76667	-55.4225	119.184
run_0072.root	76922	-60.3726	5.93046
run_0072.root	76939	-42.5821	2.58652
run_0072.root	77172	-26.8548	4.8892
run_0072.root	77470	-27.0079	19.0924
run_0072.root	78038	-20.6448	0.921771
run_0072.root	78267	-29.5268	1.33476
run_0072.root	78749	-27.9313	4779.95
run_0072.root	79223	-21.4038	4533.8
run_0072.root	79664	-32.497	9.06768
run_0072.root	79698	-21.7707	6.28127
run_0072.root	79759	-51.9025	3.29775
run_0072.root	80224	-23.4167	11.727
run_0072.root	80250	-59.3607	7.762
run_0072.root	80281	-26.0613	23.5711
run_0072.root	80314	-24.1031	9.03942
run_0072.root	80500	-22.5216	0.661336
run_0072.root	80930	-26.3737	6.43738
run_0072.root	81021	-25.9849	6.8156
run_0072.root	81061	-38.6685	8.02661
run_0072.root	81089	-26.4754	3.24886
run_0072.root	81570	-33.8761	1.27697
run_0072.root	81699	-37.0101	2.14226
run_0072.root	81783	-25.4517	4.88351
run_0073.root	62	-25.8058	1.07511
run_0073.root	65	-30.3601	6.8117
run_0073.root	88	-42.7017	2.15386
run_0073.root	89	-42.7017	2.15386
run_0073.root	97	-20.2371	0.527861
run_0073.root	99	-21.6226	0.896982
run_0073.root	290	-22.449	7.2662
run_0073.root	710	-49.3547	6.08658
run_0073.root	726	-44.2782	2.98108
run_0073.root	777	-26.2661	4.68899
run_0073.root	959	-36.6392	2.89435
run_0073.root	1042	-22.3192	5.6865
run_0073.root	1219	-21.6679	3.19517
run_0073.root	1346	-41.8117	4.05791
run_0073.root	1403	-58.7224	2.4164
run_0073.root	1453	-26.1082	6.55576
run_0073.root	1531	-37.9434	6.29515
run_0073.root	1596	-28.5203	0.671347
run_0073.root	1755	-42.3451	5.56949
run_0073.root	2045	-41.7168	3.7611
run_0073.root	2087	-44.3123	5.23103
run_0073.root	2341	-44.42	2.61721
run_0073.root	2541	-45.3786	3.24235
run_0073.root	2707	-51.7127	12.0355
run_0073.root	2767	-26.7297	5.84434
run_0073.root	3054	-22.1031	7.43485
run_0073.root	3089	-28.0003	1.62011
run_0073.root	3103	-46.4073	6.4318
run_0073.root	3204	-21.4027	0.768771
run_0073.root	3400	-22.5565	1.5131
run_0073.root	3689	-33.0136	5.62436
run_0073.root	3777	-30.1441	3.10208
run_0073.root	3889	-21.38	0.647258
run_0073.root	4105	-21.8201	4.49738
run_0073.root	4273	-24.7571	2.5447
run_0073.root	4619	-50.1239	3.13889
run_0073.root	4731	-57.545	14.471
run_0073.root	4899	-42.024	2.92159
run_0073.root	5092	-35.9311	6.59852
run_0073.root	5093	-32.4651	4.82618
run_0073.root	5351	-63.3866	6.06635
run_0073.root	5523	-22.3919	1.21107
run_0073.root	5991	-52.7415	6.28923
run_0073.root	6119	-30.9428	3.52753
run_0073.root	6185	-38.9302	10.6804
run_0073.root	6300	-20.3489	4.10253
run_0073.root	6356	-27.3312	2.14357
run_0073.root	6416	-49.4662	5.71371
run_0073.root	6641	-23.7877	0.845787
run_0073.root	6656	-79.0711	6.01956
run_0073.root	6692	-79.4284	3.12409
run_0073.root	6750	-20.4176	1.56628
run_0073.root	6953	-39.0218	3.39575
run_0073.root	6966	-47.8042	4.94028
run_0073.root	7100	-44.7033	6.35238
run_0073.root	7110	-41.8302	3.65624
run_0073.root	7286	-37.7391	5.83187
run_0073.root	7302	-43.0243	5.64057
run_0073.root	7469	-33.9123	1.42022
run_0073.root	7483	-38.6623	3.52843
run_0073.root	7650	-25.6544	0.808375
run_0073.root	8158	-44.0923	2.82193
run_0073.root	8252	-31.5898	2.51938
run_0073.root	8324	-30.9834	15.4445
run_0073.root	8465	-22.8572	1.84513
run_0073.root	8466	-22.8572	1.84513
run_0073.root	8546	-52.7803	11.7777
run_0073.root	8818	-44.6587	2.42865
run_0073.root	9011	-32.3473	1.70291
run_0073.root	9358	-23.2199	1.393
run_0073.root	9590	-24.0692	2.01211
run_0073.root	9600	-47.6612	5.25149
run_0073.root	9703	-37.0237	2.6234
run_0073.root	9801	-32.3289	33.1537
run_0073.root	9888	-141.43	2.86184
run_0073.root	10060	-60.6438	16.366
run_0073.root	10110	-45.1085	3.13368
run_0073.root	10239	-24.0418	1.41091
run_0073.root	10260	-22.1842	7.66035
run_0073.root	10308	-33.4	2.78888
run_0073.root	10637	-22.5501	6.36003
run_0073.root	10736	-20.9223	1.17813
run_0073.root	10904	-32.8725	1.12636
run_0073.root	10914	-37.5489	3.09265
run_0073.root	10924	-39.5247	2.10283
run_0073.root	11155	-51.8904	23.3626
run_0073.root	11202	-29.5562	8.03751
run_0073.root	11350	-26.7715	2.43157
run_0073.root	11609	-42.4358	5.83246
run_0073.root	11845	-24.3713	4.11728
run_0073.root	12041	-45.5193	2.20166
run_0073.root	12247	-28.5843	6.90182
run_0073.root	12428	-41.7642	2.28465
run_0073.root	12599	-25.8275	1.63977
run_0073.root	12607	-36.279	3.39371
run_0073.root	12793	-35.2824	1.30606
run_0073.root	12908	-51.1158	5.82099
run_0073.root	12918	-27.0994	0.915717
run_0073.root	12939	-31.6255	14.986
run_0073.root	13199	-57.8942	8.51808
run_0073.root	13298	-61.1324	4.60308
run_0073.root	13360	-24.9632	1.84008
run_0073.root	13374	-33.3975	11.9732
run_0073.root	13425	-24.8168	0.683069
run_0073.root	13655	-54.9213	4.66793
run_0073.root	13875	-30.365	0.665985
run_0073.root	14197	-26.4267	5.23822
run_0073.root	14203	-34.9451	1.36906
run_0073.root	14543	-23.2775	1.18522
run_0073.root	14778	-51.4665	3.66283
run_0073.root	14907	-40.3536	2.44777
run_0073.root	14979	-24.97	51.6218
run_0073.root	15009	-24.1576	0.637859
run_0073.root	15130	-21.7471	2.11385
run_0073.root	15270	-23.5639	1.36139
run_0073.root	15282	-25.1879	7.96434
run_0073.root	15598	-35.2588	3.9615
run_0073.root	15977	-32.9673	5.31704
run_0073.root	16069	-28.4487	11.8724
run_0073.root	16389	-23.6599	5.73608
run_0073.root	16391	-35.1167	0.525776
run_0073.root	16439	-24.0885	5.76949
run_0073.root	16591	-30.3327	0.819794
run_0073.root	17240	-26.0634	9.51607
run_0073.root	17323	-39.9302	2.25261
run_0073.root	17502	-31.4595	4.65456
run_0073.root	17823	-34.687	1.99056
run_0073.root	18064	-35.821	2.00652
run_0073.root	18152	-65.2763	9.40349
run_0073.root	18268	-30.1323	7.47212
run_0073.root	18378	-59.7025	6.45628
run_0073.root	18446	-22.3441	2.38194
run_0073.root	18706	-20.5761	5.61007
run_0073.root	18754	-37.041	2.60526
run_0073.root	18900	-39.7071	3.14663
run_0073.root	19064	-72.3887	5.62454
run_0073.root	19068	-32.2214	1.59911
run_0073.root	19382	-31.9723	1.57674
run_0073.root	19447	-62.9706	8.05142
run_0073.root	19453	-31.8993	1.51133
run_0073.root	19489	-22.0488	3.8199
run_0073.root	19548	-32.2931	1.60705
run_0073.root	19549	-32.2931	1.60705
run_0073.root	19830	-28.3588	247.505
run_0073.root	20178	-28.9392	3.8783
run_0073.root	20543	-21.3498	1.61921
run_0073.root	20551	-23.6292	0.835588
run_0073.root	20569	-56.6574	5.07101
run_0073.root	20696	-20.0154	0.564472
run_0073.root	20697	-20.0154	0.564472
run_0073.root	21595	-21.3448	9.62498
run_0073.root	21704	-44.0979	11.4005
run_0073.root	21758	-25.0124	96.7996
run_0073.root	21882	-65.9459	8.11241
run_0073.root	21930	-23.0247	16.8416
run_0073.root	22076	-56.8172	2.5068
run_0073.root	22205	-31.6712	6.53307
run_0073.root	22265	-26.3892	4.13588
run_0073.root	22315	-24.1483	11.9864
run_0073.root	22348	-28.315	1.74202
run_0073.root	22415	-23.4215	0.53827
run_0073.root	22779	-31.6526	2.68897
run_0073.root	22917	-51.5704	6.30083
run_0073.root	23672	-22.5292	5.15738
run_0073.root	23723	-48.3237	6.57081
run_0073.root	24233	-40.0303	1.57378
run_0073.root	24392	-20.4399	19.5703
run_0073.root	24586	-29.1553	66.2134
run_0073.root	24728	-49.6642	2.80125
run_0073.root	25217	-41.046	1.94065
run_0073.root	25320	-46.2246	3.98311
run_0073.root	25530	-33.1953	1.17399
run_0073.root	25690	-31.0828	3.40877
run_0073.root	25806	-21.7329	10.4731
run_0073.root	25858	-35.8191	5.89147
run_0073.root	26116	-21.781	0.955265
run_0073.root	26340	-21.086	2.45076
run_0073.root	26390	-48.6211	8.51999
run_0073.root	27007	-43.7064	5.92666
run_0073.root	27492	-27.492	2.60132
run_0073.root	27543	-32.0843	7.00358
run_0073.root	27828	-67.5521	10.2843
run_0073.root	27994	-43.877	3.70656
run_0073.root	28177	-23.2493	0.317224
run_0073.root	28189	-61.7275	13.0122
run_0073.root	28221	-27.5397	2.83962
run_0073.root	28274	-28.3357	1.0603
run_0073.root	28495	-30.7254	13.9115
run_0073.root	28644	-30.1648	0.932492
run_0073.root	28754	-60.3124	7.31898
run_0073.root	28880	-38.9058	1.3787
run_0073.root	28930	-27.4331	7.00406
run_0073.root	29202	-36.5295	6.5017
run_0073.root	30065	-26.0143	0.451679
run_0073.root	30308	-23.5906	0.598651
run_0073.root	30368	-26.5465	4.53844
run_0073.root	30867	-43.1665	4.39358
run_0073.root	30892	-40.4627	10.1668
run_0073.root	30949	-35.0667	4.23831
run_0073.root	31107	-27.9566	3.37344
run_0073.root	31251	-20.677	2.87236
run_0073.root	31349	-26.704	1.30212
run_0073.root	31385	-26.0149	2.49659
run_0073.root	31517	-30.4904	1.87416
run_0073.root	31939	-50.1418	2.71207
run_0073.root	32007	-37.2488	3.51684
run_0073.root	32147	-30.7511	2.0215
run_0073.root	32299	-53.1777	4.98215
run_0073.root	32582	-53.5835	44.441
run_0073.root	33573	-52.5432	4.93392
run_0073.root	33628	-20.6865	5.45915
run_0073.root	33719	-40.8969	1.61406
run_0073.root	34093	-27.7518	17.1724
run_0073.root	34139	-29.5375	1.62024
run_0073.root	34701	-48.0841	7.05257
run_0073.root	34817	-48.0712	1.84232
run_0073.root	34942	-53.5994	5.3463
run_0073.root	35045	-54.1607	3.42662
run_0073.root	35103	-57.7897	6.56608
run_0073.root	35147	-31.2634	20.7594
run_0073.root	35727	-20.864	1.09717
run_0073.root	35781	-21.5988	2.05554
run_0073.root	36007	-31.6608	20.4339
run_0073.root	36462	-26.6728	29.0614
run_0073.root	36676	-26.746	22.4543
run_0073.root	36729	-31.6898	2.59918
run_0073.root	36833	-24.0661	5.27055
run_0073.root	37004	-45.6641	9.49177
run_0073.root	37117	-27.5872	2.3247
run_0073.root	38529	-30.6936	0.950974
run_0073.root	39074	-39.5337	5.27219
run_0073.root	39570	-50.6633	2.60477
run_0073.root	39603	-24.4353	10.1592
run_0073.root	39819	-27.0189	0.695531
run_0073.root	39860	-27.8617	3.3912
run_0073.root	39907	-28.7667	1.84368
run_0073.root	40093	-24.1714	2.70113
run_0073.root	40249	-24.0171	5.05646
run_0073.root	40275	-25.3145	35.4445
run_0073.root	40319	-21.6775	3.97906
run_0073.root	40535	-22.551	8.07635
run_0073.root	40586	-27.4991	0.875839
run_0073.root	41278	-39.1882	3.61533
run_0073.root	41651	-31.6223	41.2701
run_0073.root	41731	-64.7166	6.77058
run_0073.root	42150	-20.7668	2.55425
run_0073.root	42240	-20.4936	0.305129
run_0073.root	42634	-20.2079	8.99287
run_0073.root	42705	-57.5818	5.31254
run_0073.root	42898	-22.1617	1.74203
run_0073.root	43002	-37.5401	7.27499
run_0073.root	43156	-44.5661	5.52984
run_0073.root	43483	-33.7481	3.08364
run_0073.root	43766	-46.7155	13.6378
run_0073.root	43778	-55.5429	8.01895
run_0073.root	43812	-31.5162	0.524902
run_0073.root	44218	-25.0476	1.65495
run_0073.root	44284	-43.4963	2.89818
run_0073.root	44426	-28.5532	5.40507
run_0073.root	44442	-35.2717	3.97457
run_0073.root	44487	-41.3102	1.22795
run_0073.root	44773	-21.186	1.03338
run_0073.root	44787	-29.3093	1.1886
run_0073.root	45360	-29.4579	1.24245
run_0073.root	45546	-39.4348	0.27413
run_0073.root	45553	-22.6762	1.17364
run_0073.root	45660	-21.4653	1.15268
run_0073.root	45707	-49.0867	2.25545
run_0073.root	45708	-49.0867	2.25545
run_0073.root	46128	-20.8169	3.86715
run_0073.root	46138	-31.8347	2.34459
run_0073.root	46307	-21.3343	24.435
run_0073.root	46679	-38.607	1.54148
run_0073.root	46699	-20.5471	2.72838
run_0073.root	46834	-20.0303	0.265231
run_0073.root	47118	-21.5626	1.69234
run_0073.root	47153	-33.8902	79.947
run_0073.root	47268	-35.8341	3.17383
run_0073.root	47642	-28.3727	19.1908
run_0073.root	48151	-26.1061	10.4149
run_0073.root	48271	-30.9154	1.05017
run_0073.root	48330	-65.2406	6.0247
run_0073.root	48450	-20.3277	0.648861
run_0073.root	48482	-20.5787	7.10364
run_0073.root	48550	-32.0457	1663.46
run_0073.root	48935	-28.3505	4.92269
run_0073.root	49235	-21.2831	4.57231
run_0073.root	49308	-21.2782	1.79719
run_0073.root	49455	-20.0447	1.01393
run_0073.root	49551	-35.5749	3.06138
run_0073.root	49580	-46.5562	13.7631
run_0073.root	49699	-56.4543	3.64972
run_0073.root	49845	-42.514	1.39141
run_0073.root	49966	-26.5327	1.03665
run_0073.root	50109	-57.0109	5.35942
run_0073.root	50263	-25.8726	4.63589
run_0073.root	50394	-39.3615	1.98503
run_0073.root	50649	-61.3815	7.19041
run_0073.root	51002	-20.7551	8.24461
run_0073.root	51013	-26.9363	4.32184
run_0073.root	51074	-34.3813	2.12119
run_0073.root	51260	-61.8379	10.9985
run_0073.root	52030	-25.4528	41.2674
run_0073.root	52058	-45.1784	3.7051
run_0073.root	52197	-36.8733	3.74933
run_0073.root	52309	-20.8466	4.68031
run_0073.root	52326	-25.9752	0.569487
run_0073.root	52363	-25.046	1.80326
run_0073.root	52432	-42.0971	3.6289
run_0073.root	52536	-27.1776	7.60278
run_0073.root	52629	-31.3791	2.0546
run_0073.root	52683	-21.9196	1.08109
run_0073.root	52777	-39.4555	5.82847
run_0073.root	52896	-37.7604	2.1417
run_0073.root	53002	-24.9408	2.13897
run_0073.root	53058	-30.9237	2.76693
run_0073.root	53181	-34.2013	7.60986
run_0073.root	53220	-20.7169	4111.74
run_0073.root	53222	-44.5864	3.89232
run_0073.root	53327	-26.551	7.40971
run_0073.root	53572	-47.5498	7.01788
run_0073.root	53715	-39.7533	90.6706
run_0073.root	53904	-21.6643	1.68193
run_0073.root	54260	-38.523	1.87846
run_0073.root	54349	-56.6574	4.79309
run_0073.root	54483	-61.1328	7.8981
run_0073.root	54498	-57.1679	7.56831
run_0073.root	54659	-39.2291	1.78489
run_0073.root	54673	-53.3327	6.27127
run_0073.root	54779	-44.4935	4.64035
run_0073.root	54983	-74.9432	13.3115
run_0073.root	55530	-51.2321	10.1902
run_0073.root	55778	-76.4658	18.4099
run_0073.root	55792	-31.3317	1.71582
run_0073.root	55859	-36.7086	12.9961
run_0073.root	56348	-30.3766	1.40164
run_0073.root	56562	-26.3094	2316.65
run_0073.root	56578	-34.5905	1.86094
run_0073.root	56706	-58.8567	7.22309
run_0073.root	56936	-29.6211	1.45488
run_0073.root	57030	-26.6289	0.854124
run_0073.root	57042	-50.5144	10.8365
run_0073.root	57045	-28.0671	0.91521
run_0073.root	57180	-45.0115	2.20592
run_0073.root	57257	-30.0537	1.66829
run_0073.root	57722	-58.3097	10.3967
run_0073.root	58663	-29.9581	1.23238
run_0073.root	58745	-27.101	2.11701
run_0073.root	58782	-21.1594	4.81288
run_0073.root	59136	-45.1368	89.7174
run_0073.root	59160	-34.0785	8.02843
run_0073.root	59257	-49.9567	15.4225
run_0073.root	59285	-22.7523	0.143529
run_0073.root	59469	-67.2945	9.96118
run_0073.root	59485	-33.0493	1.04344
run_0073.root	59906	-41.0916	2.19315
run_0073.root	59986	-62.6594	9.02151
run_0073.root	60070	-20.1945	5.17797
run_0073.root	60112	-48.0444	4.2481
run_0073.root	60157	-57.8704	5.31385
run_0073.root	60178	-24.8951	0.685266
run_0073.root	60330	-31.1194	5.76523
run_0073.root	60598	-23.139	1.54094
run_0073.root	60714	-34.7628	149.371
run_0073.root	60727	-51.3367	4.58357
run_0073.root	60779	-34.1238	2.11282
run_0073.root	61103	-38.1179	1.98134
run_0073.root	61818	-20.5101	0.686913
run_0073.root	62136	-22.2402	3.30328
run_0073.root	63127	-49.2463	11.547
run_0073.root	63368	-52.2107	26.2227
run_0073.root	63559	-29.6258	4.69623
run_0073.root	63662	-37.2845	2.23567
run_0073.root	63888	-20.1371	1.12157
run_0073.root	64108	-27.9066	0.652791
run_0073.root	64816	-30.6729	4.06271
run_0073.root	65233	-27.4613	6.12403
run_0073.root	65605	-23.0183	2.93703
run_0073.root	65708	-37.2045	3.0803
run_0073.root	65731	-36.6404	1.70616
run_0073.root	65852	-22.2653	50.7642
run_0073.root	66697	-29.1262	1.57452
run_0073.root	66761	-30.3534	7.55182
run_0073.root	66762	-30.3534	7.55182
run_0073.root	67082	-34.27	4.07193
run_0073.root	67172	-21.2944	2.64325
run_0073.root	67253	-26.0308	0.652007
run_0073.root	67441	-30.725	1.0305
run_0073.root	67781	-40.8794	2.15621
run_0073.root	67824	-29.5686	6.9319
run_0073.root	68031	-34.9005	6.73382
run_0073.root	68637	-26.6371	30.3846
run_0073.root	68648	-28.0642	0.509861
run_0073.root	68854	-40.7918	2.0156
run_0073.root	69149	-35.8174	3.05435
run_0073.root	69458	-22.5393	0.740104
run_0073.root	69491	-42.7067	5.28281
run_0073.root	69546	-27.236	23.3751
run_0073.root	69638	-27.4591	0.659071
run_0073.root	70040	-39.2846	1.50177
run_0073.root	70244	-28.8646	8.84055
run_0073.root	70769	-29.0959	2.37925
run_0073.root	70854	-30.0959	0.916527
run_0073.root	70909	-39.0785	3.72149
run_0073.root	71036	-29.1175	0.854415
run_0073.root	71048	-50.6292	5.23519
run_0073.root	71406	-20.2785	4.45495
run_0073.root	71635	-47.064	5.31569
run_0073.root	71895	-23.73	9.77248
run_0073.root	72192	-35.738	2.32075
run_0073.root	72199	-49.0343	5.37526
run_0073.root	72487	-56.4526	8.90178
run_0073.root	72840	-60.1897	12.0567
run_0073.root	72943	-25.9598	595.743
run_0073.root	72960	-25.8111	1.13262
run_0073.root	73106	-20.3711	0.755004
run_0073.root	73120	-53.8807	0.244877
run_0073.root	73196	-47.5602	5.50922
run_0073.root	73504	-25.5175	4.28559
run_0073.root	73522	-51.953	15.2896
run_0073.root	73765	-43.5915	90.8554
run_0073.root	73835	-56.516	5.72702
run_0073.root	74047	-40.81	2.43655
run_0073.root	74241	-28.9215	1.86041
run_0073.root	74341	-22.9395	3.98517
run_0073.root	74527	-42.2792	2.5008
run_0073.root	74698	-64.8651	19.2821
run_0073.root	75182	-23.0926	0.511213
run_0073.root	75251	-29.6271	1.45367
run_0073.root	75419	-21.5917	2.20977
run_0073.root	75423	-24.0485	5.36984
run_0073.root	75527	-31.4432	3.82994
run_0073.root	76379	-24.7223	3.54323
run_0073.root	76470	-32.8317	1.80878
run_0073.root	76577	-27.0877	0.961037
run_0073.root	76788	-27.0909	3.06386
run_0073.root	76845	-29.4404	0.982169
run_0073.root	76898	-20.2115	0.911776
run_0073.root	76910	-30.8375	2.36234
run_0073.root	76932	-28.1802	7.09058
run_0073.root	77047	-62.7025	5.41742
run_0073.root	77606	-41.8031	3.45041
run_0073.root	77821	-26.2263	141.848
run_0073.root	78062	-40.4076	12.062
run_0073.root	78138	-30.7951	1.72568
run_0073.root	79439	-21.374	2.31863
run_0073.root	79469	-30.2065	1.80698
run_0073.root	79481	-37.359	1.62799
run_0073.root	79514	-30.6021	5.04392
run_0073.root	79689	-64.3325	8.14932
run_0073.root	79958	-22.5867	3.17548
run_0073.root	80078	-33.2388	8.59632
run_0073.root	80869	-28.7277	4.87024
run_0073.root	80980	-38.3853	8.0471
run_0073.root	81119	-23.4571	2.16187
run_0073.root	81125	-34.0031	7.39484
run_0073.root	81220	-27.2613	4.21079
run_0073.root	81618	-23.3123	1.98898
run_0073.root	82224	-39.1382	1.99303
run_0073.root	82300	-57.4795	7.60955
run_0073.root	82667	-37.2779	12.0398
run_0074.root	146	-25.1619	0.511307
run_0074.root	211	-22.4855	3.78418
run_0074.root	509	-36.4691	53.7608
run_0074.root	1266	-43.2713	2.0195
run_0074.root	1482	-38.5188	2.40981
run_0074.root	1560	-25.9032	1.23411
run_0074.root	1636	-30.049	26.7195
run_0074.root	1856	-43.4075	3.37107
run_0074.root	2032	-43.2459	8.21179
run_0074.root	2054	-21.4901	5.65445
run_0074.root	2069	-42.0542	1.17704
run_0074.root	2290	-42.6906	1.73029
run_0074.root	2580	-49.7407	8.80019
run_0074.root	2683	-67.8393	5.10961
run_0074.root	2762	-21.4359	1.2159
run_0074.root	2869	-23.7482	6.08138
run_0074.root	3070	-48.2117	3.84644
run_0074.root	3768	-25.5518	4.76953
run_0074.root	4031	-22.7807	0.356028
run_0074.root	4032	-22.7807	0.356028
run_0074.root	4089	-42.6516	3.32638
run_0074.root	4091	-71.6553	14.5933
run_0074.root	4185	-25.9874	17.3348
run_0074.root	4383	-22.601	8.95519
run_0074.root	4477	-42.3261	4.88577
run_0074.root	4567	-41.629	3.47074
run_0074.root	5010	-22.2499	12.9379
run_0074.root	5061	-69.6157	12.1281
run_0074.root	5078	-36.98	1.14485
run_0074.root	5081	-48.0394	10.1225
run_0074.root	5384	-36.2776	3.7717
run_0074.root	5440	-28.7047	1.63856
run_0074.root	5460	-24.9773	1.31295
run_0074.root	5510	-31.4952	5.96155
run_0074.root	5755	-23.2803	1.48875
run_0074.root	5756	-23.2803	1.48875
run_0074.root	5909	-25.105	29.0586
run_0074.root	6002	-56.2384	6.79834
run_0074.root	6533	-44.375	4.07597
run_0074.root	6574	-28.3366	1.07329
run_0074.root	6624	-22.529	1.40159
run_0074.root	6755	-33.8753	13.4324
run_0074.root	6775	-28.4896	1.8929
run_0074.root	7007	-81.5608	11.7405
run_0074.root	7261	-21.7472	176.488
run_0074.root	7339	-28.8788	8.86063
run_0074.root	7823	-21.705	4.92597
run_0074.root	7948	-38.0235	1.20003
run_0074.root	8246	-57.7185	4.56236
run_0074.root	8594	-39.2426	1.80415
run_0074.root	8719	-33.597	4442.65
run_0074.root	8884	-38.6608	1.44166
run_0074.root	9304	-85.9597	11.8213
run_0074.root	9334	-24.992	2.52923
run_0074.root	9374	-35.4278	3.85201
run_0074.root	9561	-24.3212	3.37616
run_0074.root	9615	-67.2685	23.4853
run_0074.root	9616	-51.846	6.39033
run_0074.root	9732	-20.9201	1.27763
run_0074.root	9756	-36.893	135.683
run_0074.root	10091	-40.1892	6.95629
run_0074.root	10276	-52.8935	4.00269
run_0074.root	10607	-46.1332	1.36104
run_0074.root	10825	-44.3729	6.80246
run_0074.root	11011	-59.8147	12.4243
run_0074.root	11219	-36.3623	15.215
run_0074.root	11448	-60.4347	7.08266
run_0074.root	11960	-40.8273	22.9627
run_0074.root	11967	-21.3126	1.49094
run_0074.root	12377	-31.6308	27.0365
run_0074.root	12474	-33.3849	1.1554
run_0074.root	12531	-53.9314	8.42921
run_0074.root	12844	-30.1393	2.09435
run_0074.root	13425	-27.1472	1.55152
run_0074.root	13444	-36.927	2.21442
run_0074.root	13579	-62.421	5.5333
run_0074.root	13906	-38.0208	1.39836
run_0074.root	14022	-26.1682	110.596
run_0074.root	14264	-36.8925	2.08121
run_0074.root	14523	-37.4381	5.38098
run_0074.root	14787	-63.9785	5.96156
run_0074.root	14842	-22.4885	6.78478
run_0074.root	14920	-33.4252	101186
run_0074.root	15101	-82.6559	4.96092
run_0074.root	15449	-20.8182	1.09754
run_0074.root	15740	-36.7217	3.54146
run_0074.root	15808	-92.5149	5.10479
run_0074.root	16423	-38.7846	3.17144
run_0074.root	16572	-26.0079	5.55293
run_0074.root	16662	-28.1446	13391
run_0074.root	16712	-25.0159	2.70318
run_0074.root	16876	-37.4267	1.76893
run_0074.root	17506	-22.1975	32.0565
run_0074.root	17560	-58.792	21.8298
run_0074.root	17846	-27.0464	0.955736
run_0074.root	18226	-22.3376	2.03752
run_0074.root	18269	-23.9989	0.7915
run_0074.root	18808	-43.4713	2.01934
run_0074.root	18832	-44.404	10.5951
run_0074.root	18906	-40.613	2.45487
run_0074.root	18928	-88.5075	8.31811
run_0074.root	19030	-23.5583	249.4
run_0074.root	19040	-20.581	2.25793
run_0074.root	19385	-23.5648	23.6286
run_0074.root	19688	-34.007	1.03286
run_0074.root	19799	-57.4109	8.86748
run_0074.root	20055	-23.3208	1.64412
run_0074.root	20238	-32.1598	6.69471
run_0074.root	20475	-47.3689	1.36919
run_0074.root	20478	-25.8595	0.753534
run_0074.root	20595	-30.4068	1096.33
run_0074.root	20654	-20.5912	0.530194
run_0074.root	20677	-51.5247	5.05346
run_0074.root	20708	-26.6789	6.52928
run_0074.root	20825	-51.7915	5.77087
run_0074.root	21030	-43.1738	4.42415
run_0074.root	21229	-28.4312	6.00616
run_0074.root	21261	-21.896	88.3625
run_0074.root	21291	-24.8594	2.01907
run_0074.root	21386	-42.365	4.74966
run_0074.root	21457	-25.7397	0.610587
run_0074.root	21507	-24.0187	0.863639
run_0074.root	21657	-50.6059	13.5559
run_0074.root	21662	-47.5513	7.07347
run_0074.root	21739	-37.6345	8.95977
run_0074.root	21759	-21.1958	21.9585
run_0074.root	21786	-33.2237	27.4824
run_0074.root	21963	-53.6819	4.48849
run_0074.root	22013	-25.3642	3.6075
run_0074.root	22034	-32.3715	1.08981
run_0074.root	22237	-21.3228	3.42305
run_0074.root	22852	-23.8291	4.32116
run_0074.root	22900	-23.9363	0.721742
run_0074.root	23179	-21.4702	1.17556
run_0074.root	23199	-28.9007	6.76065
run_0074.root	23221	-47.6905	8.64818
run_0074.root	23422	-38.1168	89.2123
run_0074.root	23495	-42.8179	16.4681
run_0074.root	23666	-20.5018	11.0714
run_0074.root	23784	-56.584	13.2267
run_0074.root	23936	-26.9085	0.581055
run_0074.root	23969	-31.1454	2.20874
run_0074.root	24046	-30.8801	4.34489
run_0074.root	24195	-67.1473	8.94921
run_0074.root	24203	-24.4758	4.77916
run_0074.root	24767	-30.5545	17.0288
run_0074.root	24776	-20.5255	1.33607
run_0074.root	25105	-20.7486	0.604786
run_0074.root	25238	-28.9834	11.1163
run_0074.root	25593	-43.0489	3.18604
run_0074.root	25642	-44.1046	8.70319
run_0074.root	25726	-24.5011	484.516
run_0074.root	26188	-39.3301	1.595
run_0074.root	26507	-23.3943	1.48482
run_0074.root	26517	-47.6272	3.46849
run_0074.root	26533	-24.9447	2.97957
run_0074.root	27448	-22.1531	0.602404
run_0074.root	27722	-39.3084	4.23597
run_0074.root	27755	-24.8291	0.542673
run_0074.root	27878	-36.2802	1.98553
run_0074.root	27938	-22.4021	1.06024
run_0074.root	28009	-43.0867	3.41003
run_0074.root	28241	-22.1144	7.47923
run_0074.root	28481	-40.1257	2.55089
run_0074.root	29043	-32.4812	7.08394
run_0074.root	29113	-22.3525	2.26498
run_0074.root	30153	-32.0613	2.25739
run_0074.root	30170	-27.0407	5.24269
run_0074.root	30192	-54.1301	6.13042
run_0074.root	30981	-32.6018	5.0741
run_0074.root	30988	-56.9263	10.1295
run_0074.root	31300	-24.6329	1.21469
run_0074.root	31351	-30.4838	0.863163
run_0074.root	31633	-43.5675	6.36454
run_0074.root	31897	-55.5901	2.79523
run_0074.root	31948	-37.1792	2.07429
run_0074.root	32071	-33.5413	0.993746
run_0074.root	32141	-46.8969	4.04183
run_0074.root	32283	-25.1273	2.62356
run_0074.root	32401	-24.176	6.34508
run_0074.root	32723	-31.6662	37.7065
run_0074.root	32835	-25.9744	1.7462
run_0074.root	33299	-35.8491	1.75883
run_0074.root	33310	-31.0224	4.11015
run_0074.root	33436	-28.7335	0.680849
run_0074.root	33641	-23.9044	6.53549
run_0074.root	33928	-38.7013	2.2088
run_0074.root	33936	-28.8319	17.8502
run_0074.root	34120	-21.2988	1.28433
run_0074.root	34239	-23.8554	0.0607526
run_0074.root	34438	-30.3646	4.46106
run_0074.root	34456	-20.5562	1.04261
run_0074.root	34719	-40.6051	2.8235
run_0074.root	34888	-46.6167	3.98129
run_0074.root	35272	-30.157	1.27387
run_0074.root	35300	-53.8957	5.75324
run_0074.root	35528	-31.6002	33.3556
run_0074.root	35601	-37.5876	3.88595
run_0074.root	35670	-24.3524	5.58952
run_0074.root	35730	-29.3121	2.43608
run_0074.root	35847	-32.4128	1.54367
run_0074.root	36122	-27.3848	10.6909
run_0074.root	36251	-69.4647	5.07299
run_0074.root	36311	-39.7854	4.48556
run_0074.root	36387	-26.5427	1.49607
run_0074.root	36523	-22.0406	2.31678
run_0074.root	36664	-35.7397	1.36907
run_0074.root	36930	-44.2745	3.71384
run_0074.root	36931	-44.2745	3.71384
run_0074.root	37084	-20.0581	0.671874
run_0074.root	37262	-34.5021	4.26981
run_0074.root	37386	-26.9277	0.688591
run_0074.root	37446	-46.3574	7.3182
run_0074.root	37717	-23.4744	2.90573
run_0074.root	37879	-44.1587	3.87724
run_0074.root	37955	-22.7319	45.1277
run_0074.root	38270	-27.4443	2.4869
run_0074.root	38783	-51.0073	2.85011
run_0074.root	38784	-53.9953	3.15827
run_0074.root	39062	-56.8539	4.83256
run_0074.root	39063	-56.8539	4.83256
run_0074.root	39855	-31.4995	4.33111
run_0074.root	40208	-61.4695	7.26601
run_0074.root	40209	-61.4695	7.26601
run_0074.root	40210	-61.4695	7.26601
run_0074.root	40330	-30.9939	3.58551
run_0074.root	40331	-30.9939	3.58551
run_0074.root	40623	-36.5834	3.79784
run_0074.root	40624	-36.5834	3.79784
run_0074.root	40625	-36.5834	3.79784
run_0074.root	40626	-36.5834	3.79784
run_0074.root	42478	-48.8546	4.26028
run_0074.root	42677	-45.5934	12.1691
run_0074.root	42678	-45.5934	12.1691
run_0074.root	42838	-23.6619	10.3095
run_0074.root	42845	-62.7706	7.23987
run_0074.root	42911	-41.1596	1.25993
run_0074.root	44064	-22.7907	0.717301
run_0074.root	46149	-50.0331	3.34228
run_0074.root	46150	-50.0331	3.34228
run_0074.root	46884	-50.4268	28.3148
run_0074.root	46885	-50.4268	28.3148
run_0074.root	46886	-50.4268	28.3148
run_0074.root	46887	-50.4268	28.3148
run_0074.root	47416	-53.6158	8.24129
run_0074.root	47476	-47.153	5.32606
run_0074.root	47882	-60.5728	5.56075
run_0074.root	48053	-39.0328	7.32957
run_0074.root	48132	-75.0273	10.7778
run_0074.root	48391	-42.3072	5.93873
run_0074.root	48571	-26.5322	4.82706
run_0074.root	48836	-24.068	6.14158
run_0074.root	48941	-22.9596	1.90661
run_0074.root	49102	-42.9198	9.12611
run_0074.root	49132	-21.1145	0.821847
run_0074.root	49295	-25.2939	4.93741
run_0074.root	49300	-85.5145	3.87194
run_0074.root	49411	-21.5562	0.989729
run_0074.root	49487	-24.1694	12531.7
run_0074.root	49760	-39.7752	3.89685
run_0074.root	49792	-22.8118	0.968415
run_0074.root	50000	-66.3148	25.7505
run_0074.root	50039	-38.5837	4.03443
run_0074.root	50161	-59.2719	3.86086
run_0074.root	50883	-39.5226	5.02106
run_0074.root	51170	-46.2546	6.9907
run_0074.root	51296	-26.5047	1.24703
run_0074.root	51374	-40.0395	6.1006
run_0074.root	51712	-43.8974	6.44599
run_0074.root	51917	-31.2821	5.81777
run_0074.root	52027	-62.0292	6.20963
run_0074.root	52196	-30.6132	3.6648
run_0074.root	52304	-64.8966	17.5196
run_0074.root	52707	-56.0076	6.89181
run_0074.root	52852	-49.0105	5.6185
run_0074.root	53024	-21.027	0.880204
run_0074.root	53368	-70.4827	10.967
run_0074.root	53418	-43.0104	6.93173
run_0074.root	53850	-35.3992	0.743005
run_0074.root	53999	-29.8853	2.56788
run_0074.root	54097	-34.2494	16.4892
run_0074.root	54199	-62.361	8.03746
run_0074.root	54365	-21.1879	51.4474
run_0074.root	54601	-59.368	4.79691
run_0074.root	54816	-20.1102	3.18362
run_0074.root	54867	-36.5808	4.97811
run_0074.root	55117	-27.1391	3.14198
run_0074.root	55197	-20.4067	5.50537
run_0074.root	55217	-100.436	12.8593
run_0074.root	55543	-40.8971	1.27463
run_0074.root	55554	-23.4804	0.502065
run_0074.root	55819	-50.3539	3.29742
run_0074.root	55897	-21.4978	9.6992
run_0074.root	56216	-24.0638	39.8331
run_0074.root	56331	-33.6328	2.6984
run_0074.root	56549	-20.7109	0.441471
run_0074.root	56644	-22.3956	0.37331
run_0074.root	56719	-54.1824	5.86154
run_0074.root	57027	-22.8508	35.4613
run_0074.root	57152	-41.9637	11.241
run_0074.root	57237	-42.6716	1.79302
run_0074.root	57280	-20.7513	0.908118
run_0074.root	57552	-36.7015	1.19093
run_0074.root	57681	-26.7074	27.5363
run_0074.root	57926	-31.4999	8.8437
run_0074.root	58151	-36.522	3.06927
run_0074.root	58473	-31.3566	4.05827
run_0074.root	58487	-27.0676	3.54748
run_0074.root	58848	-34.296	0.989669
run_0074.root	58890	-20.4862	4.57756
run_0074.root	58891	-20.4862	4.57756
run_0074.root	59256	-62.1539	7.71751
run_0074.root	59363	-20.6287	0.914046
run_0074.root	59406	-34.6419	1.10561
run_0074.root	59421	-70.7331	7.29523
run_0074.root	59701	-46.7637	10.026
run_0074.root	59898	-32.7666	4.93034
run_0074.root	60066	-31.7349	2.0092
run_0074.root	60174	-23.6812	0.63307
run_0074.root	60269	-61.416	9.06851
run_0074.root	60330	-28.1727	0.724984
run_0074.root	60406	-61.5618	4.76191
run_0074.root	60523	-34.9315	17.1651
run_0074.root	60575	-32.8049	11.5044
run_0074.root	60880	-46.8775	4.91974
run_0074.root	60903	-60.322	3.8454
run_0074.root	61153	-36.248	8.27252
run_0074.root	61167	-28.3971	1.9873
run_0074.root	62002	-27.5265	1.46681
run_0074.root	62079	-30.4182	9.84699
run_0074.root	62090	-32.8164	1.70079
run_0074.root	62204	-43.9072	2.75022
run_0074.root	62522	-54.8561	5.46647
run_0074.root	63156	-27.4643	1.20533
run_0074.root	63232	-25.9872	2.72549
run_0074.root	63576	-25.277	0.951231
run_0074.root	63716	-39.9955	1.27981
run_0074.root	64555	-23.7401	2.78464
run_0074.root	64689	-38.1035	1.55443
run_0074.root	64739	-68.2597	7.3609
run_0074.root	64861	-38.6458	2.84719
run_0074.root	64962	-22.6436	31.1523
run_0074.root	65120	-21.6847	2.1545
run_0074.root	65262	-29.8556	0.924282
run_0074.root	65344	-49.9802	5.43795
run_0074.root	65699	-59.0082	10.7415
run_0074.root	65896	-20.5743	1924.59
run_0074.root	66050	-22.4761	1.30115
run_0074.root	66246	-26.2078	1.27799
run_0074.root	66311	-32.2011	1.3805
run_0074.root	66488	-22.879	0.820787
run_0074.root	66535	-43.8445	6.56057
run_0074.root	66790	-46.3838	3.91024
run_0074.root	66852	-33.8	3.66757
run_0074.root	66857	-22.3941	2.27461
run_0074.root	66925	-50.4859	41.1763
run_0074.root	67053	-38.5532	1.29902
run_0074.root	67069	-60.7603	8.16301
run_0074.root	67579	-40.4985	3.80736
run_0074.root	67600	-48.5804	2.76727
run_0074.root	67642	-50.4452	5.46888
run_0074.root	67765	-32.7365	2.95789
run_0074.root	67829	-29.7178	1.49641
run_0074.root	67891	-31.0214	4.70856
run_0074.root	68018	-24.7111	1.21905
run_0074.root	68308	-54.1144	10480.2
run_0074.root	68319	-36.5199	0.946182
run_0074.root	68439	-38.4751	2.47821
run_0074.root	68627	-50.5103	11.2392
run_0074.root	68739	-45.4228	2.09101
run_0074.root	68780	-35.8468	17.1413
run_0074.root	69296	-21.5837	4.89108
run_0074.root	69351	-41.7917	2.79354
run_0074.root	69513	-33.5183	1.05028
run_0074.root	69706	-24.9316	1.12552
run_0074.root	69711	-45.0776	3.42699
run_0074.root	70199	-30.1524	43.0037
run_0074.root	70454	-61.6534	5.26643
run_0074.root	71037	-35.0297	2.11372
run_0074.root	71173	-25.7543	1.4876
run_0074.root	71242	-28.9993	2.07544
run_0074.root	71697	-29.1933	2.26724
run_0074.root	71856	-38.1566	1.76458
run_0074.root	71953	-22.103	0.481983
run_0074.root	72033	-23.338	244.821
run_0074.root	72313	-74.8475	24.3385
run_0074.root	72391	-42.1577	3.35701
run_0074.root	72398	-27.5199	1.59351
run_0074.root	72695	-27.3952	2.82049
run_0074.root	72847	-32.7724	0.493774
run_0074.root	72874	-23.8406	0.470603
run_0074.root	72960	-20.6852	9.41724
run_0074.root	73078	-60.0461	3.81192
run_0074.root	73262	-28.1998	1.24457
run_0074.root	73444	-36.9639	2.40536
run_0074.root	73474	-26.9336	2.03727
run_0074.root	73500	-37.0783	17.7294
run_0074.root	74019	-60.0337	18.4747
run_0074.root	74127	-28.1553	0.960979
run_0074.root	74157	-20.3339	3.05113
run_0074.root	74246	-22.007	1.02964
run_0074.root	74414	-28.0661	9.39662
run_0074.root	74748	-56.1085	4.28365
run_0074.root	74749	-56.1085	4.28365
run_0074.root	74902	-26.4765	2.08293
run_0074.root	75175	-27.941	2.23619
run_0074.root	75280	-20.8696	8.29234
run_0074.root	75525	-35.9473	2.59229
run_0074.root	75824	-33.6783	5.97246
run_0074.root	75885	-23.2309	1.16143
run_0074.root	75975	-46.3247	4.17189
run_0074.root	76129	-62.9559	4.4633
run_0074.root	76674	-39.2894	5.51714
run_0074.root	77106	-43.8856	2.25772
run_0074.root	77240	-40.8401	5.74792
run_0074.root	77310	-81.5811	7.95604
run_0074.root	77656	-23.9405	7.15421
run_0074.root	78269	-49.242	6.32667
run_0074.root	78376	-24.3563	395.182
run_0074.root	78774	-20.9148	277.967
run_0074.root	78835	-60.1887	12.244
run_0074.root	79018	-53.4185	4.79572
run_0074.root	79049	-20.713	2.81609
run_0074.root	79070	-28.7212	7.23651
run_0074.root	79399	-26.5743	1.24693
run_0074.root	79544	-37.9923	7.20929
run_0074.root	79559	-39.1775	1.71712
run_0074.root	79581	-51.0616	3.43244
run_0074.root	79644	-20.0855	32.3788
run_0074.root	79797	-21.9981	20.3096
run_0074.root	80699	-50.5318	4.9444
run_0074.root	80806	-47.369	3.08592
run_0074.root	80850	-33.9366	1.64065
run_0074.root	80851	-33.9366	1.64065
run_0074.root	81045	-27.5893	1.23555
run_0074.root	81226	-48.4069	9.96526
run_0074.root	81335	-25.6679	45.1352
run_0074.root	81360	-35.1124	39.6672
run_0074.root	81464	-21.5	0.841241
run_0074.root	81576	-45.6439	1.86861
run_0074.root	81665	-28.5721	0.973826
run_0074.root	81787	-28.5522	1.35087
run_0074.root	81826	-20.837	1.70475
run_0074.root	81964	-21.4339	1.49933
run_0074.root	82282	-34.2371	3.60728
run_0074.root	82329	-24.4681	2.89244
run_0074.root	82430	-53.2735	2.12774
run_0074.root	82519	-45.2134	8.04825
run_0074.root	82632	-27.2798	2.55845
run_0074.root	82761	-31.113	2.30753
run_0074.root	82801	-26.8952	5.19564
run_0074.root	83139	-35.9448	2.74227
run_0074.root	83168	-29.8941	20.3164
run_0074.root	83406	-41.0316	8.18942
run_0074.root	83435	-32.5241	1.74806
run_0074.root	83464	-42.8251	4.3297
run_0074.root	83571	-43.3446	4.37735
run_0074.root	83693	-24.7448	41.6747
run_0075.root	110	-50.158	7.67997
run_0075.root	619	-23.1932	87.1552
run_0075.root	1150	-24.4516	3.00401
run_0075.root	1508	-34.6703	3.18154
run_0075.root	1533	-39.8787	252.076
run_0075.root	2161	-23.0963	19.0289
run_0075.root	2214	-29.0653	18.1707
run_0075.root	2277	-33.9115	2.146
run_0075.root	2433	-47.1364	2.48336
run_0075.root	2452	-48.4597	8.68265
run_0075.root	2460	-51.014	7.39044
run_0075.root	2679	-25.0877	4.97359
run_0075.root	2877	-56.185	7.11468
run_0075.root	3360	-25.68	1.41166
run_0075.root	3612	-31.3726	4.17528
run_0075.root	3684	-28.7761	43.3502
run_0075.root	3882	-30.49	1.01556
run_0075.root	3917	-111.846	8.5086
run_0075.root	3984	-21.7383	0.407805
run_0075.root	4272	-61.9261	5.10302
run_0075.root	4521	-35.2644	11.7156
run_0075.root	4912	-27.7718	1737.84
run_0075.root	5070	-26.0742	5.63218
run_0075.root	5540	-58.563	5.1151
run_0075.root	5583	-26.3441	2.49919
run_0075.root	5653	-22.0294	1.77811
run_0075.root	5689	-52.963	12.7919
run_0075.root	6481	-62.0307	12.1224
run_0075.root	6508	-60.5142	3.07208
run_0075.root	6842	-27.9611	0.674651
run_0075.root	7102	-30.7306	26.0196
run_0075.root	7108	-39.6578	1.01711
run_0075.root	7482	-22.7475	1.20777
run_0075.root	7946	-35.5875	3.94123
run_0075.root	8213	-46.5803	4.53696
run_0075.root	8293	-61.6667	7.35162
run_0075.root	8379	-43.1009	8.03636
run_0075.root	8495	-27.3112	15.5155
run_0075.root	8521	-33.1228	4.41223
run_0075.root	8522	-33.1228	4.41223
run_0075.root	8619	-28.933	0.760275
run_0075.root	8979	-24.2219	34.3802
run_0075.root	9141	-34.7305	1639.37
run_0075.root	9190	-27.0525	14.3481
run_0075.root	9754	-32.5721	1.23071
run_0075.root	9895	-32.5676	117.733
run_0075.root	10122	-50.8275	10.0102
run_0075.root	10149	-22.6472	1.74418
run_0075.root	10286	-28.279	0.897595
run_0075.root	10566	-20.9565	0.907902
run_0075.root	10851	-21.1449	10.5138
run_0075.root	11083	-28.9676	2.31724
run_0075.root	11182	-45.4968	1.68092
run_0075.root	11273	-59.0384	9.62107
run_0075.root	11520	-46.9593	3.70002
run_0075.root	11598	-44.1331	5.92206
run_0075.root	12216	-42.5242	5.28131
run_0075.root	12271	-20.638	0.159883
run_0075.root	12273	-23.7484	9.24737
run_0075.root	12305	-27.6046	3.97453
run_0075.root	12314	-46.0979	7.21722
run_0075.root	12432	-43.102	19.8157
run_0075.root	12502	-51.5878	5.64251
run_0075.root	12539	-23.9719	0.910553
run_0075.root	12879	-30.8019	4.76636
run_0075.root	12935	-31.5513	0.790902
run_0075.root	13052	-35.0859	3.63373
run_0075.root	13150	-22.177	0.581059
run_0075.root	13210	-43.7278	4.4579
run_0075.root	13304	-42.1357	2.42993
run_0075.root	13359	-40.1404	24.6951
run_0075.root	13403	-21.0676	18.8128
run_0075.root	13568	-51.0529	5.06295
run_0075.root	14332	-40.7469	4.79596
run_0075.root	14508	-38.074	5.3918
run_0075.root	14712	-21.4983	0.322512
run_0075.root	15396	-55.325	5.82268
run_0075.root	15555	-26.3667	2.17021
run_0075.root	15747	-36.1445	2.09909
run_0075.root	15772	-45.5714	2.47721
run_0075.root	15879	-37.7748	2.10445
run_0075.root	15944	-30.7453	3.02287
run_0075.root	16284	-55.7352	6.9573
run_0075.root	16323	-26.0719	2.14301
run_0075.root	16508	-30.3074	4.00794
run_0075.root	16975	-24.7269	0.798962
run_0075.root	17651	-35.7056	0.948967
run_0075.root	17729	-31.9733	8.97061
run_0075.root	17885	-44.6641	4.35464
run_0075.root	18168	-56.8647	9.81614
run_0075.root	18180	-51.1986	6.55211
run_0075.root	18508	-31.817	2.70447
run_0075.root	18518	-24.1228	5.56483
run_0075.root	18532	-31.2196	3.6896
run_0075.root	18540	-23.3817	2.69087
run_0075.root	18640	-22.4572	5.86183
run_0075.root	18865	-39.2313	3.47368
run_0075.root	18909	-40.2222	47.9509
run_0075.root	18922	-30.7187	1.57952
run_0075.root	19085	-29.4044	0.751343
run_0075.root	19099	-22.2228	23.5329
run_0075.root	19100	-22.2228	23.5329
run_0075.root	19189	-20.0739	0.971012
run_0075.root	19316	-33.1602	5.39608
run_0075.root	19328	-36.0469	1.89318
run_0075.root	19571	-24.8769	7.81693
run_0075.root	19737	-24.5497	10.4834
run_0075.root	19738	-24.5497	10.4834
run_0075.root	19739	-24.5497	10.4834
run_0075.root	19973	-35.7383	0.839423
run_0075.root	20059	-60.3274	6.06466
run_0075.root	20165	-33.7268	6.08688
run_0075.root	20258	-32.307	5.53338
run_0075.root	20287	-33.4014	1.11576
run_0075.root	20536	-54.286	21.8307
run_0075.root	20936	-36.2387	16.2036
run_0075.root	20956	-27.9998	0.628124
run_0075.root	20969	-24.0544	1.59191
run_0075.root	21377	-25.0857	144.623
run_0075.root	21437	-49.843	3.45522
run_0075.root	21710	-21.9695	1.50227
run_0075.root	21818	-37.8443	2.11098
run_0075.root	21977	-31.6524	31.753
run_0075.root	22008	-25.2821	16.5409
run_0075.root	22100	-25.5359	391.37
run_0075.root	22456	-21.9584	1.11712
run_0075.root	22470	-25.0774	2.41865
run_0075.root	22678	-35.4149	4.93875
run_0075.root	22679	-35.4149	4.93875
run_0075.root	22781	-55.9509	3.10997
run_0075.root	22834	-31.2005	3.05522
run_0075.root	22847	-41.3711	1.92232
run_0075.root	23174	-22.0758	6.70753
run_0075.root	23210	-26.878	0.914844
run_0075.root	23268	-26.4877	5.42048
run_0075.root	23330	-30.3858	7.10313
run_0075.root	23433	-43.2194	13.438
run_0075.root	23531	-43.3015	6.71716
run_0075.root	24000	-25.7854	0.468487
run_0075.root	24363	-39.662	4.59549
run_0075.root	24681	-42.1399	3.88832
run_0075.root	24811	-52.6927	3.83695
run_0075.root	25418	-21.5557	125.093
run_0075.root	25666	-29.3824	2.06012
run_0075.root	26084	-31.6907	4.62854
run_0075.root	26185	-46.1336	3.36997
run_0075.root	26224	-30.5674	1.72042
run_0075.root	26229	-32.7292	3.27368
run_0075.root	26242	-44.6502	7.64873
run_0075.root	26398	-31.666	4.13682
run_0075.root	26575	-48.0935	10.3251
run_0075.root	26620	-27.6332	0.877178
run_0075.root	26737	-27.4975	1.07782
run_0075.root	26840	-46.7508	4.2475
run_0075.root	26866	-42.9097	4.55573
run_0075.root	26993	-33.9512	20.5453
run_0075.root	27290	-61.5355	8.92892
run_0075.root	27816	-58.5771	21.1675
run_0075.root	27846	-26.1073	668.317
run_0075.root	27973	-25.525	1.81909
run_0075.root	28053	-43.0993	7.67656
run_0075.root	28083	-47.6533	11.0317
run_0075.root	28324	-27.2257	30.3312
run_0075.root	28605	-53.6075	11.4268
run_0075.root	29020	-35.4814	1.2131
run_0075.root	29173	-23.8675	2.47246
run_0075.root	29344	-47.5011	4.13664
run_0075.root	29457	-45.7971	3.87273
run_0075.root	29556	-31.0142	1.34696
run_0075.root	29698	-26.7476	5.66994
run_0075.root	30540	-35.4001	4.87923
run_0075.root	30570	-24.7748	2.07249
run_0075.root	30735	-22.7509	0.519089
run_0075.root	30860	-28.0986	5.88321
run_0075.root	30925	-57.4688	4.36991
run_0075.root	30961	-22.8461	1.23503
run_0075.root	31005	-50.0348	3.4067
run_0075.root	31634	-35.4732	2.29966
run_0075.root	31693	-31.1721	1.04143
run_0075.root	31914	-45.3238	6.41354
run_0075.root	32202	-29.4234	4.49166
run_0075.root	32264	-23.2504	0.477982
run_0075.root	32431	-59.0483	4.97058
run_0075.root	32451	-24.5874	0.843321
run_0075.root	32539	-131.471	23.7584
run_0075.root	32900	-28.3076	6.83354
run_0075.root	33067	-38.2321	4.86963
run_0075.root	33208	-56.0794	11.5444
run_0075.root	33465	-23.794	1.03317
run_0075.root	33501	-33.232	1.25759
run_0075.root	33731	-38.3365	2.25861
run_0075.root	33785	-54.3512	6.06683
run_0075.root	34259	-27.9781	79.9039
run_0075.root	34341	-29.5693	4.18086
run_0075.root	34576	-22.589	0.518706
run_0075.root	34653	-27.5706	6.20319
run_0075.root	34853	-29.4993	0.883707
run_0075.root	34881	-49.116	6.94532
run_0075.root	34958	-54.8961	6.65744
run_0075.root	35456	-21.8806	0.86811
run_0075.root	35939	-29.3094	3.55799
run_0075.root	35994	-25.3628	3.10675
run_0075.root	36311	-24.7058	0.808047
run_0075.root	36362	-60.0725	8.86787
run_0075.root	36411	-20.8268	8.4764
run_0075.root	36509	-47.4724	6.82677
run_0075.root	36737	-32.357	16.2618
run_0075.root	36794	-29.9224	2.84073
run_0075.root	36821	-30.3264	5.18236
run_0075.root	36998	-57.4404	13.483
run_0075.root	37113	-29.0229	1.61521
run_0075.root	37279	-35.7778	28.694
run_0075.root	37989	-40.4788	19.6281
run_0075.root	38215	-38.8076	4.08985
run_0075.root	38349	-32.56	140.763
run_0075.root	38421	-83.3654	16.4413
run_0075.root	38469	-35.2303	11.9689
run_0075.root	39140	-22.4477	9.37893
run_0075.root	39183	-32.3147	1.41812
run_0075.root	39197	-49.2604	785.529
run_0075.root	39282	-52.2435	11.8433
run_0075.root	39324	-55.2985	4.04821
run_0075.root	39345	-33.4631	3.31568
run_0075.root	39524	-24.1701	0.932937
run_0075.root	39679	-36.0742	4.95624
run_0075.root	39761	-29.5282	0.859608
run_0075.root	39824	-39.339	3.81698
run_0075.root	39902	-22.8603	3.13351
run_0075.root	40095	-24.2726	9.87522
run_0075.root	40196	-33.7035	3.14915
run_0075.root	40242	-58.0512	8.65199
run_0075.root	40288	-31.7946	1.10637
run_0075.root	40431	-22.373	2.83515
run_0075.root	40518	-38.8713	32.8955
run_0075.root	40926	-37.0467	3.83476
run_0075.root	41043	-26.3122	27.4465
run_0075.root	41282	-35.3027	1.1027
run_0075.root	41856	-42.0723	2.06929
run_0075.root	42053	-29.3066	1.32588
run_0075.root	42243	-29.9766	0.169261
run_0075.root	42246	-38.5194	1.47167
run_0075.root	42980	-32.9015	2.70758
run_0075.root	43070	-23.7594	1.06266
run_0075.root	43537	-31.5057	4.31243
run_0075.root	43897	-51.778	4.4401
run_0075.root	44155	-54.2297	4.63482
run_0075.root	44277	-25.7276	5.27433
run_0075.root	44364	-32.0339	102.489
run_0075.root	44642	-49.3595	20.4393
run_0075.root	44774	-51.2896	4.94785
run_0075.root	44937	-31.7044	22.8729
run_0075.root	44994	-20.4823	134.657
run_0075.root	45222	-41.2907	6.24821
run_0075.root	45335	-43.1942	8.86248
run_0075.root	46549	-37.0296	2.21758
run_0075.root	46899	-26.3354	30.8289
run_0075.root	46913	-62.4225	5.07939
run_0075.root	46993	-26.6364	61.1835
run_0075.root	47546	-33.83	1.32433
run_0075.root	47548	-25.6255	0.895851
run_0075.root	47650	-38.0618	2.5253
run_0075.root	47784	-34.1865	3.5287
run_0075.root	47835	-32.6874	1.42178
run_0075.root	47838	-41.9128	9.33191
run_0075.root	48110	-31.2337	0.749216
run_0075.root	48139	-41.1044	1.6586
run_0075.root	48193	-20.7003	2.0868
run_0075.root	48245	-20.6528	0.811221
run_0075.root	48453	-53.4238	10.7577
run_0075.root	48617	-20.973	237.422
run_0075.root	48744	-25.1113	0.326819
run_0075.root	49134	-22.6336	0.605286
run_0075.root	49462	-29.9018	8.68068
run_0075.root	49632	-23.0087	3.45382
run_0075.root	49706	-28.2779	4.22234
run_0075.root	50296	-20.0056	7.62437
run_0075.root	50304	-26.3395	0.47877
run_0075.root	50321	-24.1032	1.75987
run_0075.root	50561	-22.456	0.605888
run_0075.root	50583	-37.7762	4.00184
run_0075.root	50668	-35.787	2.75223
run_0075.root	50918	-57.641	6.49085
run_0075.root	51121	-49.8718	2.39379
run_0075.root	51396	-37.855	2.35534
run_0075.root	51577	-29.1571	1.05136
run_0075.root	51980	-28.9312	7.38225
run_0075.root	51994	-48.3939	4.46766
run_0075.root	52405	-24.8421	0.540771
run_0075.root	52407	-25.8124	0.763428
run_0075.root	52634	-32.807	6.97606
run_0075.root	53144	-31.9632	3.77845
run_0075.root	53205	-25.1227	1.96554
run_0075.root	53458	-44.9116	22.6747
run_0075.root	53471	-26.4696	3.88554
run_0075.root	53493	-25.0856	5.34767
run_0075.root	53770	-51.5194	4.19122
run_0075.root	54247	-32.6534	2.10473
run_0075.root	54248	-32.6534	2.10473
run_0075.root	54464	-49.4723	82.8926
run_0075.root	54837	-76.1979	9.41145
run_0075.root	55119	-27.3801	81.7519
run_0075.root	55456	-41.0303	2.54526
run_0075.root	55579	-32.1945	1.17477
run_0075.root	55719	-21.4969	0.702292
run_0075.root	56160	-20.6996	51.3198
run_0075.root	56331	-53.0123	8.28078
run_0075.root	56387	-20.3442	5.28929
run_0075.root	56503	-48.4674	2.63216
run_0075.root	56527	-43.3773	3.7606
run_0075.root	56783	-24.1564	2.49343
run_0075.root	56790	-41.5228	6.11765
run_0075.root	56853	-30.6503	10.4907
run_0075.root	57213	-20.3804	0.620373
run_0075.root	57506	-21.2852	1.66189
run_0075.root	57705	-40.9227	4.76041
run_0075.root	57907	-26.7579	5.36659
run_0075.root	58003	-25.232	3.54519
run_0075.root	58087	-26.5773	3.56853
run_0075.root	58261	-24.5931	4.40394
run_0075.root	58627	-40.429	17.2564
run_0075.root	58907	-20.2765	109.083
run_0075.root	59067	-25.7382	7.12658
run_0075.root	59140	-49.7105	6.84977
run_0075.root	59244	-51.8597	6.77373
run_0075.root	59568	-24.2486	1.45572
run_0075.root	59974	-20.8495	0.660099
run_0075.root	60772	-34.966	4.1627
run_0075.root	60949	-40.9298	267.025
run_0075.root	61286	-29.627	1.5392
run_0075.root	61347	-30.0622	1.27808
run_0075.root	61877	-30.9477	1.15218
run_0075.root	62057	-20.0618	124.57
run_0075.root	62527	-33.0731	3.6328
run_0075.root	62872	-21.4133	1.37676
run_0075.root	62901	-28.2969	0.973792
run_0075.root	62974	-43.1063	5.20682
run_0075.root	63076	-26.0161	386.407
run_0075.root	63107	-34.1168	1.55726
run_0075.root	63263	-27.8163	4.45985
run_0075.root	63622	-28.4837	3.5524
run_0075.root	63625	-27.2126	4.30781
run_0075.root	63726	-35.8211	26.7129
run_0075.root	63890	-21.4199	146.782
run_0075.root	64035	-25.0097	1.65313
run_0075.root	64363	-39.0513	1.26641
run_0075.root	64464	-26.5058	0.835449
run_0075.root	64764	-37.5647	2.18595
run_0075.root	64984	-21.0305	1.93009
run_0075.root	65022	-20.9098	5.19785
run_0075.root	65023	-20.9098	5.19785
run_0075.root	65480	-24.4202	1.61466
run_0075.root	65629	-50.0023	5.99496
run_0075.root	65788	-28.9035	1111.18
run_0075.root	65792	-38.3565	3.51189
run_0075.root	65993	-122.114	222.196
run_0075.root	65994	-122.114	222.196
run_0075.root	66015	-28.0621	8.40438
run_0075.root	66048	-23.656	0.67206
run_0075.root	66084	-45.3844	2.16588
run_0075.root	66259	-22.7062	0.456434
run_0075.root	66293	-35.4874	3.02072
run_0075.root	66358	-40.0156	5.68598
run_0075.root	66561	-60.6685	13.2083
run_0075.root	66562	-53.1894	7.93316
run_0075.root	66994	-55.2665	4.71713
run_0075.root	67058	-56.4596	10.4387
run_0075.root	67136	-44.5358	2.4963
run_0075.root	67369	-21.9925	0.96852
run_0075.root	67375	-66.937	8.717
run_0075.root	67422	-50.4225	1.68942
run_0075.root	68026	-60.7938	9.73392
run_0075.root	68187	-28.1469	1.86919
run_0075.root	68387	-25.0407	1.34363
run_0075.root	68702	-66.8843	9.76855
run_0075.root	68731	-46.216	11.9528
run_0075.root	69135	-29.9768	7.37269
run_0075.root	69564	-37.0284	4.57699
run_0075.root	70422	-23.5443	1.03681
run_0075.root	70510	-32.596	17.7074
run_0075.root	70567	-58.9427	8.28333
run_0075.root	70579	-42.7715	1.99083
run_0075.root	70607	-48.6807	3.60841
run_0075.root	70682	-49.3729	5.64517
run_0075.root	70745	-64.6715	6.55444
run_0075.root	70822	-77.9193	14.5814
run_0075.root	70932	-42.4064	5.01916
run_0075.root	70991	-26.2699	0.466502
run_0075.root	71506	-33.6807	4.95955
run_0075.root	72053	-22.5808	7.24098
run_0075.root	72291	-46.7658	2.9221
run_0075.root	72468	-35.1508	2.52764
run_0075.root	72538	-35.0997	1.01223
run_0075.root	72917	-21.1333	2.07323
run_0075.root	73145	-46.0928	3.95177
run_0075.root	73268	-26.0823	1.35318
run_0075.root	73279	-21.5323	58.52
run_0075.root	73601	-67.7743	7.74229
run_0075.root	73861	-29.0012	1.70877
run_0075.root	73934	-21.2614	9.83219
run_0075.root	74228	-21.2142	3.03203
run_0075.root	74453	-35.0122	5.24296
run_0075.root	74915	-26.7832	1.33275
run_0075.root	75263	-31.7435	2.71835
run_0075.root	75269	-23.0384	2.2788
run_0075.root	75478	-26.6434	119.755
run_0075.root	75574	-31.8672	1.95012
run_0075.root	75695	-36.0575	4.63671
run_0075.root	75712	-34.1428	6.88788
run_0075.root	75954	-24.0886	0.728789
run_0075.root	76107	-29.9972	1.66801
run_0075.root	76227	-52.1564	9.79222
run_0075.root	76283	-41.8948	1.88528
run_0075.root	76287	-25.1555	1.88604
run_0075.root	76496	-40.7551	9.12775
run_0075.root	76792	-26.529	2.85854
run_0075.root	76912	-23.7225	3.40944
run_0075.root	77009	-25.0366	81.3958
run_0076.root	56	-35.7674	7.68091
run_0076.root	137	-41.7306	5.07175
run_0076.root	334	-26.7262	1.62643
run_0076.root	412	-27.6366	1.56386
run_0076.root	477	-52.301	8.33388
run_0076.root	533	-36.1149	2.51538
run_0076.root	630	-40.7896	3.13129
run_0076.root	696	-25.8131	1.286
run_0076.root	1008	-25.9729	3.05469
run_0076.root	1221	-82.3194	8.60023
run_0076.root	1227	-42.6459	0.195231
run_0076.root	1294	-20.332	2.29544
run_0076.root	1385	-31.8539	2.297
run_0076.root	1393	-54.9616	9.18074
run_0076.root	1518	-24.5405	0.644482
run_0076.root	1665	-26.9981	1.17343
run_0076.root	1807	-21.4569	3.91411
run_0076.root	1967	-42.1831	2.48042
run_0076.root	2057	-40.7065	11.4188
run_0076.root	2171	-58.2728	13.1131
run_0076.root	2190	-145.24	22.9187
run_0076.root	2251	-20.9141	0.744165
run_0076.root	2469	-28.8114	1.17226
run_0076.root	2545	-25.874	1.27678
run_0076.root	2629	-37.3041	9.69931
run_0076.root	2655	-25.9479	30.9991
run_0076.root	3410	-37.5269	2.3754
run_0076.root	3953	-48.0944	20.9632
run_0076.root	4082	-20.5655	7.63734
run_0076.root	4254	-30.969	2.66486
run_0076.root	4257	-53.8293	8.47646
run_0076.root	4695	-48.6044	3.95194
run_0076.root	4759	-39.1839	2.71053
run_0076.root	4771	-35.7029	1.86051
run_0076.root	5221	-69.0133	12.7208
run_0076.root	5298	-21.2988	1.30869
run_0076.root	5434	-26.5899	4.15176
run_0076.root	5446	-38.5217	3.2475
run_0076.root	5578	-21.9061	0.868716
run_0076.root	5684	-70.1458	5.44309
run_0076.root	5766	-36.3741	1.89677
run_0076.root	5854	-25.0326	2.833
run_0076.root	5859	-60.5421	6.36209
run_0076.root	6119	-24.5664	440.515
run_0076.root	6235	-43.7865	2.84643
run_0076.root	6304	-26.5993	2.75312
run_0076.root	6403	-32.8102	1.53833
run_0076.root	6558	-49.7738	39.5399
run_0076.root	6626	-24.9297	28.9118
run_0076.root	6666	-31.8134	1.08116
run_0076.root	6781	-20.245	0.994365
run_0076.root	6808	-24.9079	0.765826
run_0076.root	6890	-20.4352	26722.1
run_0076.root	6920	-28.9729	1.30401
run_0076.root	7116	-40.2032	0.644375
run_0076.root	7147	-25.9186	15.8722
run_0076.root	7503	-57.0387	8.66323
run_0076.root	7643	-30.1871	2.03799
run_0076.root	7882	-23.6974	3.98046
run_0076.root	8591	-38.2509	11.5508
run_0076.root	8630	-53.5024	6.35843
run_0076.root	8635	-68.5152	7.80641
run_0076.root	8637	-31.6429	95.3311
run_0076.root	8669	-29.1479	1.86416
run_0076.root	8967	-25.978	2.15572
run_0076.root	9358	-37.5849	1.61481
run_0076.root	9372	-28.0321	0.875775
run_0076.root	9522	-23.1757	257.156
run_0076.root	9640	-22.8983	17.5199
run_0076.root	9724	-27.3428	4.37153
run_0076.root	9883	-35.8339	2.69272
run_0076.root	10124	-37.7652	4.29799
run_0076.root	10170	-26.5489	25.2242
run_0076.root	10582	-26.6767	7.69529
run_0076.root	11105	-22.6546	211.332
run_0076.root	11126	-35.6003	528.092
run_0076.root	11393	-37.9386	3.50603
run_0076.root	11469	-53.0654	6.73601
run_0076.root	11516	-28.3057	4.91237
run_0076.root	11699	-23.3332	4.35939
run_0076.root	11921	-28.5027	93.099
run_0076.root	11946	-37.2535	7.91756
run_0076.root	12231	-30.2379	4.18627
run_0076.root	12363	-20.7301	0.29434
run_0076.root	12550	-57.3219	6.51235
run_0076.root	13146	-23.6848	23.3934
run_0076.root	13191	-61.1378	10.0386
run_0076.root	13592	-23.4475	0.404368
run_0076.root	13869	-44.0751	8.81965
run_0076.root	13944	-50.6713	7.69677
run_0076.root	14133	-31.4006	0.942483
run_0076.root	14254	-60.2223	17.5459
run_0076.root	14281	-21.9037	3.86438
run_0076.root	14719	-21.2726	2.88987
run_0076.root	15039	-43.106	3.70689
run_0076.root	15173	-23.6243	3.59998
run_0076.root	15420	-24.2574	2.5439
run_0076.root	15505	-53.3878	3.92633
run_0076.root	15687	-29.8313	2.14974
run_0076.root	15763	-23.344	2.09205
run_0076.root	16432	-56.9529	15.7865
run_0076.root	17589	-34.6544	2.76765
run_0076.root	17880	-82.1155	8.91221
run_0076.root	18059	-28.0256	2.79789
run_0076.root	18187	-100.764	16.3742
run_0076.root	18408	-55.2891	4.80734
run_0076.root	18467	-63.3693	13.8241
run_0076.root	18551	-36.0865	1.04809
run_0076.root	18563	-41.363	2.74593
run_0076.root	18769	-28.7034	8.02303
run_0076.root	19165	-46.0123	5.68009
run_0076.root	19218	-33.7804	2.31002
run_0076.root	19430	-57.0947	5.78987
run_0076.root	19431	-57.0947	5.78987
run_0076.root	19679	-33.7237	0.602835
run_0076.root	19788	-27.2032	19.9266
run_0076.root	20091	-29.326	1.16881
run_0076.root	20166	-23.6455	3.80968
run_0076.root	20410	-21.4043	0.78778
run_0076.root	20651	-56.4095	12.6895
run_0076.root	21187	-64.2633	6.53916
run_0076.root	21271	-36.7455	2.91264
run_0076.root	21543	-25.9754	84.6831
run_0076.root	21602	-59.4016	10.2433
run_0076.root	21697	-31.8892	7.02488
run_0076.root	21785	-39.888	15.6622
run_0076.root	22136	-20.5894	48.0544
run_0076.root	22361	-37.0196	6.23513
run_0076.root	22435	-48.3788	4.57444
run_0076.root	22654	-89.2779	6.7915
run_0076.root	22861	-42.8784	2.7047
run_0076.root	22873	-22.3911	0.261545
run_0076.root	22969	-32.6893	4.21727
run_0076.root	23057	-54.5013	49.2898
run_0076.root	23117	-26.6855	159.72
run_0076.root	23358	-58.5641	13.9288
run_0076.root	23441	-49.6837	6.34979
run_0076.root	23511	-24.3346	0.990793
run_0076.root	23672	-25.0421	0.357761
run_0076.root	23813	-64.8069	5.639
run_0076.root	24158	-26.7967	0.559818
run_0076.root	24372	-62.5109	3.60697
run_0076.root	24441	-20.6296	53.9294
run_0076.root	24515	-35.9054	0.210481
run_0076.root	24663	-46.0083	11.7389
run_0076.root	25260	-25.7328	1.60463
run_0076.root	25493	-29.7425	2.88101
run_0076.root	25796	-32.8542	1.47715
run_0076.root	25857	-35.5123	2.19003
run_0076.root	25956	-47.3626	27.6065
run_0076.root	26336	-73.3266	5.47798
run_0076.root	26415	-20.4908	372.594
run_0076.root	26670	-56.5414	5.01542
run_0076.root	26675	-42.2019	4.21325
run_0076.root	26764	-27.9336	6.16085
run_0076.root	26793	-47.2318	3.21268
run_0076.root	27487	-26.283	1.69561
run_0076.root	27754	-26.283	0.619107
run_0076.root	27921	-65.9846	11.4443
run_0076.root	28175	-21.0222	0.417341
run_0076.root	28328	-21.5109	95.3698
run_0076.root	28411	-48.0742	6.66787
run_0076.root	28553	-25.8089	0.797461
run_0076.root	28558	-36.5908	2.59854
run_0076.root	28578	-47.3896	3.31118
run_0076.root	28624	-28.6077	3.17605
run_0076.root	28873	-21.7851	9.82266
run_0076.root	29158	-48.3665	4.59882
run_0076.root	29163	-25.693	0.799821
run_0076.root	29231	-34.9841	3.22935
run_0076.root	29535	-54.8919	5.80638
run_0076.root	29613	-24.7113	2.24084
run_0076.root	29641	-22.8611	1.06174
run_0076.root	29654	-31.2378	3.72444
run_0076.root	29980	-29.3167	12.5849
run_0076.root	30991	-62.1013	2.52521
run_0076.root	31181	-24.1615	2.08256
run_0076.root	31412	-49.8683	4.26993
run_0076.root	31429	-24.2918	1.40836
run_0076.root	31689	-31.8223	257.317
run_0076.root	31691	-20.3997	3.27222
run_0076.root	31997	-21.0342	0.403973
run_0076.root	32291	-28.0255	8.21905
run_0076.root	32471	-27.839	1.42832
run_0076.root	32635	-28.0212	10.7539
run_0076.root	32800	-48.5122	2.85023
run_0076.root	32916	-33.2775	3.50453
run_0076.root	33102	-34.2738	1.77303
run_0076.root	33797	-27.054	21.9953
run_0076.root	33820	-53.7587	13.347
run_0076.root	33944	-25.2451	0.942758
run_0076.root	33985	-23.0299	1.48815
run_0076.root	34249	-52.3915	2.11672
run_0076.root	34646	-47.1919	4.49131
run_0076.root	34723	-47.962	6.66317
run_0076.root	34743	-21.1572	0.943921
run_0076.root	34752	-33.5439	1.31626
run_0076.root	35008	-47.1299	3.15486
run_0076.root	35109	-24.7949	10.7633
run_0076.root	35331	-33.4337	5.61695
run_0076.root	35359	-32.5851	7619.65
run_0076.root	35459	-24.7019	2.42188
run_0076.root	35505	-22.9992	1.97677
run_0076.root	35555	-39.2598	4.11731
run_0076.root	35561	-54.2851	6.14411
run_0076.root	35753	-30.2217	99.42
run_0076.root	35983	-40.1149	2.33
run_0076.root	36110	-23.1892	1.8812
run_0076.root	36198	-20.8711	5.89837
run_0076.root	36381	-23.7764	1.10811
run_0076.root	36497	-41.9999	2.76073
run_0076.root	37102	-51.2333	3.86232
run_0076.root	37349	-34.3607	1.14187
run_0076.root	37395	-52.2978	6.54106
run_0076.root	37444	-24.9156	0.46554
run_0076.root	37496	-25.3706	2.17516
run_0076.root	37759	-27.7985	4.87947
run_0076.root	38166	-47.2303	2.86656
run_0076.root	38602	-94.5812	4.42671
run_0076.root	38832	-39.2229	7.16199
run_0076.root	39278	-38.3907	12.7725
run_0076.root	39334	-39.9859	10.7195
run_0076.root	39854	-20.2898	0.858327
run_0076.root	40291	-36.8516	2.39363
run_0076.root	40693	-22.6106	0.123449
run_0076.root	40847	-49.0597	3.03169
run_0076.root	41391	-21.9173	1.12361
run_0076.root	41550	-60.4695	2.34609
run_0076.root	41892	-34.6956	1.0571
run_0076.root	42080	-53.644	5.0111
run_0076.root	42395	-39.7797	2.10992
run_0076.root	42602	-22.215	3.11356
run_0076.root	42674	-34.0744	11.2888
run_0076.root	42799	-33.195	3.03741
run_0076.root	42916	-21.1753	1.58178
run_0076.root	42950	-38.3894	3.84983
run_0076.root	42960	-28.0432	27.9641
run_0076.root	43387	-40.6726	4.51478
run_0076.root	43463	-33.3264	7.39028
run_0076.root	43894	-25.4186	1.5719
run_0076.root	44436	-32.8706	19.1981
run_0076.root	44715	-27.0181	4.63851
run_0076.root	44748	-23.5207	1.37933
run_0076.root	45317	-25.3819	3.16434
run_0076.root	45322	-42.8586	6.35557
run_0076.root	45776	-20.0716	5.22005
run_0076.root	45955	-21.5308	1.27042
run_0076.root	45963	-24.2381	0.456798
run_0076.root	46191	-32.1103	3.0998
run_0076.root	46223	-32.0518	3.22657
run_0076.root	46316	-27.902	1.67638
run_0076.root	46556	-32.4906	2.08513
run_0076.root	46604	-55.3829	2.52313
run_0076.root	46712	-36.906	2.36804
run_0076.root	46845	-51.2919	4.20591
run_0076.root	47127	-38.6202	2.83684
run_0076.root	47389	-28.6617	0.140071
run_0076.root	47707	-29.8206	2.22255
run_0076.root	48039	-21.2841	1.50108
run_0076.root	48159	-23.7368	4.17086
run_0076.root	48377	-30.5317	2.60398
run_0076.root	48547	-30.1548	1.44127
run_0076.root	48975	-32.5766	4.04766
run_0076.root	50044	-55.5558	5.71844
run_0076.root	50223	-31.4402	2.25719
run_0076.root	50239	-35.8135	1.63821
run_0076.root	50307	-36.3172	36660
run_0076.root	50374	-21.8972	0.613615
run_0076.root	50788	-32.644	4.32411
run_0076.root	50908	-21.2145	110.801
run_0076.root	50936	-51.6239	185.665
run_0076.root	51020	-39.1763	8.84934
run_0076.root	51235	-28.9638	1.92294
run_0076.root	51374	-30.3049	1.003
run_0076.root	51695	-23.2647	0.417817
run_0076.root	51790	-62.9561	7.03534
run_0076.root	51812	-24.8409	1.14783
run_0076.root	51979	-44.631	7.78237
run_0076.root	52173	-21.0365	6.2415
run_0076.root	52496	-41.2226	1.81786
run_0076.root	52498	-23.511	4.15459
run_0076.root	52620	-49.447	3.92749
run_0076.root	52622	-65.0386	11.5019
run_0076.root	52878	-42.7015	5.95227
run_0076.root	53134	-27.3016	2.51585
run_0076.root	53317	-21.335	3.87474
run_0076.root	53344	-40.0233	3.09154
run_0076.root	53541	-26.174	246.304
run_0076.root	53553	-65.3634	9.33081
run_0076.root	53580	-46.3074	3.86888
run_0076.root	53752	-36.3623	2.03746
run_0076.root	54229	-57.045	3.72388
run_0076.root	54234	-24.4775	5.74709
run_0076.root	54296	-32.661	3.58377
run_0076.root	54350	-28.3336	2.07886
run_0076.root	54511	-56.8581	5.01957
run_0076.root	54544	-50.9633	6.74897
run_0076.root	54640	-59.7915	5.2086
run_0076.root	54666	-65.5942	7.10112
run_0076.root	55078	-20.5417	2.0711
run_0076.root	55182	-39.7946	4.64071
run_0076.root	55253	-21.2138	0.360957
run_0076.root	55335	-20.3215	2.72791
run_0076.root	55373	-56.0761	5.03121
run_0076.root	55534	-41.6826	2.16508
run_0076.root	55593	-20.7856	6.25569
run_0076.root	55816	-36.092	1.94056
run_0076.root	55829	-33.5064	15.1284
run_0076.root	55987	-46.0579	8.13582
run_0076.root	56025	-49.3842	7.23015
run_0076.root	56102	-25.6329	4.15668
run_0076.root	56201	-43.4282	3.76276
run_0076.root	56251	-33.3012	5.00465
run_0076.root	56261	-62.7217	12.571
run_0076.root	56377	-41.7291	3.99442
run_0076.root	56518	-25.5467	0.894379
run_0076.root	56550	-38.0843	5.50207
run_0076.root	56578	-30.2327	2.19263
run_0076.root	57041	-28.7101	4.14006
run_0076.root	57231	-20.2726	0.680947
run_0076.root	57475	-23.8083	2.01979
run_0076.root	57561	-20.7011	0.480206
run_0076.root	57854	-36.6376	6.54416
run_0076.root	57867	-33.3553	0.992276
run_0076.root	58056	-31.528	6.18969
run_0076.root	58473	-23.8225	1.47894
run_0076.root	58522	-32.0319	2.79057
run_0076.root	59113	-29.4014	1.20999
run_0076.root	59595	-27.9258	1.26616
run_0076.root	59761	-27.6548	10.9974
run_0076.root	59824	-57.2988	3.41032
run_0076.root	59887	-27.1677	1.73982
run_0076.root	60048	-44.4629	3.10286
run_0076.root	60049	-44.4629	3.10286
run_0076.root	60548	-28.8493	3.32845
run_0076.root	60549	-28.8493	3.32845
run_0076.root	60932	-30.4454	1.05789
run_0076.root	61226	-49.7521	6.52015
run_0076.root	61253	-49.2948	4.41611
run_0076.root	61358	-59.0647	4.89599
run_0076.root	61771	-28.8144	0.737625
run_0076.root	61867	-90.0474	10.9884
run_0076.root	61872	-47.2197	2.50873
run_0076.root	61956	-39.7607	2.89198
run_0076.root	62399	-25.3529	1.2817
run_0076.root	62426	-51.586	3.37491
run_0076.root	62455	-84.0764	3.04891
run_0076.root	62698	-33.3086	1.22096
run_0076.root	62953	-34.8453	1.21826
run_0076.root	63149	-41.0992	5.488
run_0076.root	63524	-55.267	7.6015
run_0076.root	63529	-39.6215	0.915568
run_0076.root	63943	-22.1072	1.26792
run_0076.root	64030	-30.3245	3.35423
run_0076.root	64118	-51.3367	18.1954
run_0076.root	64290	-25.1878	1.41617
run_0076.root	64613	-47.4673	3.95188
run_0076.root	64929	-46.2364	5.2035
run_0076.root	65074	-27.3768	12.6741
run_0076.root	65118	-41.8335	6.14623
run_0076.root	65483	-21.2942	0.171833
run_0076.root	65529	-20.9187	1.78154
run_0076.root	65547	-41.8322	3.5165
run_0076.root	65571	-43.0994	1.59832
run_0076.root	65642	-34.4109	1.19295
run_0076.root	66075	-61.6024	29.5838
run_0076.root	66222	-30.9113	2.40446
run_0076.root	66250	-47.7392	7.09876
run_0076.root	66385	-33.3842	1.89449
run_0076.root	66618	-28.9441	21.1145
run_0076.root	66781	-56.0814	14.9204
run_0076.root	66804	-24.0441	35.9934
run_0076.root	67136	-20.5405	9.26167
run_0076.root	67195	-39.5641	2.56919
run_0076.root	67199	-29.9018	3.95423
run_0076.root	67308	-34.0493	4.04317
run_0076.root	67354	-27.3449	303.99
run_0076.root	67505	-40.2887	6.93806
run_0076.root	67536	-63.164	2.96079
run_0076.root	67761	-22.8477	13.8121
run_0076.root	67841	-42.3463	3.5874
run_0076.root	68061	-85.9642	19.6996
run_0076.root	68442	-26.1406	14.6743
run_0076.root	68825	-30.835	58.3692
run_0076.root	68940	-21.9773	10.1915
run_0076.root	68965	-29.347	1.24256
run_0076.root	69062	-28.1055	0.138515
run_0076.root	69211	-46.0572	6.44824
run_0076.root	69262	-21.2374	436.346
run_0076.root	69326	-52.2064	3.91837
run_0076.root	69379	-58.9549	4.87607
run_0076.root	69843	-45.1367	4.30013
run_0076.root	69844	-45.1367	4.30013
run_0076.root	69907	-20.1958	2.93539
run_0076.root	70083	-46.7925	2.40321
run_0076.root	70402	-35.4324	1.89051
run_0076.root	70562	-30.6248	0.960947
run_0076.root	70573	-29.6948	1.13684
run_0076.root	71119	-27.5696	1.41243
run_0076.root	71120	-27.5696	1.41243
run_0076.root	71340	-23.0821	21.5779
run_0076.root	71383	-55.7449	0.309485
run_0076.root	71464	-31.758	9.23194
run_0076.root	71466	-42.9273	1.49074
run_0076.root	71764	-23.2731	168.538
run_0076.root	71865	-40.8519	6.81744
run_0076.root	71991	-68.2106	12.37
run_0076.root	71998	-22.8605	2.03913
run_0076.root	72317	-21.4936	2.94686
run_0076.root	72797	-21.0694	1.51237
run_0076.root	73132	-60.3751	5.78583
run_0076.root	73274	-56.1145	13.6457
run_0076.root	73546	-58.8657	5.58849
run_0076.root	73643	-20.8676	0.732528
run_0076.root	73895	-45.0737	6.80801
run_0076.root	73904	-40.6209	6.39927
run_0076.root	74003	-26.343	1.29975
run_0076.root	74047	-27.9868	22.4116
run_0076.root	74076	-20.7344	1.16902
run_0076.root	74253	-24.8082	1.62
run_0076.root	74375	-38.968	43.1111
run_0076.root	74487	-43.0447	3.50323
run_0076.root	74849	-42.375	15.124
run_0076.root	74872	-25.7389	0.811253
run_0076.root	74899	-82.5412	10.2223
run_0076.root	75148	-54.919	9.10388
run_0076.root	75472	-48.8299	8.35724
run_0076.root	75801	-26.5332	1.31408
run_0076.root	76041	-59.9977	5.20455
run_0076.root	76180	-20.2318	1.61274
run_0076.root	76600	-30.264	46.2207
run_0076.root	76774	-37.2615	2.32536
run_0076.root	76775	-37.2615	2.32536
run_0076.root	77304	-27.7531	42.0859
run_0076.root	77754	-32.1342	2.69414
run_0076.root	77755	-32.1342	2.69414
run_0076.root	77775	-54.56	2.33733
run_0076.root	77840	-29.0748	7.10221
run_0076.root	77864	-57.952	13.9475
run_0076.root	78184	-34.56	1.78239
run_0076.root	78186	-32.7393	1.20119
run_0076.root	78471	-45.724	4.97366
run_0076.root	78662	-20.3616	3.7962
run_0077.root	346	-50.4465	4.42617
run_0077.root	511	-26.9142	5.59493
run_0077.root	529	-20.7782	11.3248
run_0077.root	685	-33.8906	4.29958
run_0077.root	1022	-28.8804	4.64495
run_0077.root	1055	-21.4962	4.7056
run_0077.root	1205	-44.9864	1.03435
run_0077.root	1227	-35.1462	2.01679
run_0077.root	1425	-36.2337	1.91201
run_0077.root	1614	-31.701	2.64967
run_0077.root	2450	-30.2095	5.13578
run_0077.root	2814	-43.7029	2.69677
run_0077.root	2962	-29.3684	1.1356
run_0077.root	3020	-20.0357	5.97864
run_0077.root	3452	-54.2236	4.4204
run_0077.root	3673	-43.3182	42.1485
run_0077.root	3674	-28.0209	0.748836
run_0077.root	3700	-38.7819	2.71985
run_0077.root	3851	-21.5144	255.869
run_0077.root	3982	-112.026	6.36141
run_0077.root	4040	-50.3098	5.55009
run_0077.root	4094	-39.548	2.02195
run_0077.root	4489	-23.1081	6.77508
run_0077.root	5153	-53.8078	2.04979
run_0077.root	5196	-58.5891	3.85767
run_0077.root	5491	-31.9735	1.73946
run_0077.root	5600	-23.7416	14.2088
run_0077.root	5611	-22.9967	2.32446
run_0077.root	6053	-23.3173	19.0597
run_0077.root	6061	-29.181	1.01079
run_0077.root	6239	-31.8123	3.74875
run_0077.root	6698	-25.1465	0.285702
run_0077.root	6749	-25.8671	4.01152
run_0077.root	7065	-28.5505	2.08459
run_0077.root	7198	-39.6706	3.1246
run_0077.root	7199	-39.6706	3.1246
run_0077.root	7202	-22.4909	1.07454
run_0077.root	7332	-37.6083	2.41418
run_0077.root	7632	-37.5095	3.15407
run_0077.root	7873	-44.5671	3.58302
run_0077.root	8759	-47.5009	4.21395
run_0077.root	8885	-27.1958	575.618
run_0077.root	8997	-29.0327	2.78684
run_0077.root	9270	-28.2932	1.81459
run_0077.root	9457	-36.5113	1.95553
run_0077.root	9631	-26.6526	4.2887
run_0077.root	9791	-36.1073	1.15472
run_0077.root	10076	-28.9446	1.83272
run_0077.root	10077	-28.9446	1.83272
run_0077.root	10121	-53.7178	2.21287
run_0077.root	10144	-25.0285	45.6792
run_0077.root	10193	-42.7098	4.30637
run_0077.root	10576	-42.8918	1.88966
run_0077.root	10670	-29.1564	3.51572
run_0077.root	11065	-23.0106	4.21652
run_0077.root	11098	-36.0802	13.3185
run_0077.root	11217	-21.5227	2.042
run_0077.root	11891	-40.9298	45.1224
run_0077.root	12220	-34.4694	1.31693
run_0077.root	12389	-28.969	2.55373
run_0077.root	12405	-20.9173	2.81506
run_0077.root	12408	-35.7787	229.94
run_0077.root	12445	-35.6611	3.52659
run_0077.root	12623	-22.865	0.50021
run_0077.root	12709	-24.6622	0.964227
run_0077.root	13064	-20.4723	5.12573
run_0077.root	13532	-23.6387	1.0896
run_0077.root	13620	-27.5884	1.64007
run_0077.root	13663	-25.3574	5.27212
run_0077.root	13777	-54.1787	7.67977
run_0077.root	14317	-21.6682	1.01887
run_0077.root	14456	-57.8073	6.58092
run_0077.root	14591	-48.5518	5.14054
run_0077.root	14679	-35.4952	3.98572
run_0077.root	14941	-26.4638	28.4761
run_0077.root	15160	-36.6367	2133.6
run_0077.root	15309	-25.9536	27600.5
run_0077.root	15379	-35.509	1.36566
run_0077.root	15391	-25.2684	2.66994
run_0077.root	15898	-25.4897	1.23821
run_0077.root	16028	-26.2712	126.073
run_0077.root	16139	-55.9405	4.91082
run_0077.root	16170	-28.6205	1.07447
run_0077.root	16237	-34.443	6.00866
run_0077.root	16689	-54.5923	3.94389
run_0077.root	16914	-25.2015	89.9554
run_0077.root	17380	-31.2821	1.10201
run_0077.root	17923	-20.3767	236.043
run_0077.root	18430	-29.6945	1.99803
run_0077.root	18892	-21.3678	0.260267
run_0077.root	19030	-39.659	4.03179
run_0077.root	19034	-26.2448	22.779
run_0077.root	19184	-22.4825	1.69096
run_0077.root	19364	-22.1921	1.07879
run_0077.root	19473	-26.3342	4.28056
run_0077.root	19502	-36.7216	117.083
run_0077.root	19685	-21.4283	501.364
run_0077.root	19779	-23.5829	1.78907
run_0077.root	19834	-32.604	3.37891
run_0077.root	19911	-44.2788	1.78012
run_0077.root	19966	-28.7946	0.702863
run_0077.root	19993	-28.8217	14.5822
run_0077.root	20079	-47.7	5.44959
run_0077.root	20236	-24.682	0.759334
run_0077.root	20583	-28.271	3.43157
run_0077.root	20627	-33.0201	4.66043
run_0077.root	20647	-20.3872	1.01842
run_0077.root	20731	-65.8344	5.79126
run_0077.root	20750	-24.3421	12.205
run_0077.root	20776	-35.2689	2.45025
run_0077.root	20895	-28.079	1.02498
run_0077.root	21068	-29.9294	5.2448
run_0077.root	21206	-25.3665	63.6875
run_0077.root	21302	-28.9921	1.5391
run_0077.root	21367	-29.8932	7.32749
run_0077.root	21540	-23.6447	0.973029
run_0077.root	21568	-36.0505	1.91975
run_0077.root	21581	-21.574	2.14866
run_0077.root	21755	-30.7371	5.34009
run_0077.root	21851	-32.6494	1.12994
run_0077.root	22854	-21.6112	2.64689
run_0077.root	22967	-28.7747	0.775568
run_0077.root	23077	-44.0645	1.40174
run_0077.root	23133	-45.4253	1.52349
run_0077.root	23247	-32.933	3.40337
run_0077.root	23474	-20.9676	3.59545
run_0077.root	23544	-85.7502	11.3003
run_0077.root	23639	-26.2918	1.55026
run_0077.root	23795	-64.9972	7.35722
run_0077.root	24192	-24.5679	2.32229
run_0077.root	24219	-21.4164	0.792442
run_0077.root	24316	-42.649	5.49029
run_0077.root	24550	-35.4834	4.192
run_0077.root	24587	-27.6889	14.4416
run_0077.root	24674	-27.8752	2.06834
run_0077.root	24685	-42.275	6.23133
run_0077.root	24973	-21.1764	1.88845
run_0077.root	25269	-34.3778	4.43233
run_0077.root	25577	-28.9394	26.2263
run_0077.root	25738	-27.2721	3.5062
run_0077.root	25748	-31.3742	0.735766
run_0077.root	25960	-34.678	2.21442
run_0077.root	26047	-23.4617	0.860545
run_0077.root	26083	-55.1707	8.82583
run_0077.root	26194	-37.9697	4.5619
run_0077.root	26469	-44.0217	8.06066
run_0077.root	26665	-51.8291	8.23853
run_0077.root	26670	-24.0343	2.16277
run_0077.root	26774	-58.208	6.90123
run_0077.root	26775	-24.9088	1.11368
run_0077.root	26923	-25.2094	2.26813
run_0077.root	27229	-49.7551	2.20074
run_0077.root	27674	-20.8602	1.40894
run_0077.root	27788	-44.3043	15.8523
run_0077.root	27970	-48.8393	2.15041
run_0077.root	27971	-48.8393	2.15041
run_0077.root	28022	-39.9183	258.15
run_0077.root	28151	-46.0903	3.3353
run_0077.root	28173	-28.4798	0.515664
run_0077.root	28258	-54.3962	11.278
run_0077.root	28319	-20.0495	0.57162
run_0077.root	28457	-28.7652	53.6755
run_0077.root	28721	-21.4525	3.93968
run_0077.root	28827	-21.8264	1.04316
run_0077.root	28988	-43.9222	5.70505
run_0077.root	29534	-25.5517	0.958438
run_0077.root	29551	-39.29	2.67444
run_0077.root	29769	-40.7844	3.58061
run_0077.root	29949	-58.348	3.96542
run_0077.root	30121	-36.6343	15.3768
run_0077.root	30142	-47.8371	5.04387
run_0077.root	30165	-42.6344	4.6141
run_0077.root	30404	-30.5253	0.699746
run_0077.root	30626	-40.1959	0.374327
run_0077.root	30921	-21.5331	7.13554
run_0077.root	31112	-27.1855	3.38125
run_0077.root	31170	-23.5753	10.5427
run_0077.root	31173	-21.6114	8.24433
run_0077.root	31243	-21.0173	6.00582
run_0077.root	31648	-47.9049	4.34561
run_0077.root	32322	-37.5515	1.4576
run_0077.root	32423	-32.8153	4.57135
run_0077.root	32436	-45.1431	1.29806
run_0077.root	32484	-27.3826	0.776808
run_0077.root	32488	-26.4719	2.4004
run_0077.root	32933	-44.5032	2.91999
run_0077.root	33205	-32.0886	4.92075
run_0077.root	33214	-26.7787	1.38286
run_0077.root	33357	-48.9195	5.37575
run_0077.root	33423	-35.3565	2.49201
run_0077.root	33646	-25.4482	12.4363
run_0077.root	33716	-74.632	9.08891
run_0077.root	33812	-51.7278	4.4028
run_0077.root	33851	-26.8905	6.28048
run_0077.root	34257	-54.9073	10.7331
run_0077.root	34771	-57.4234	10.4306
run_0077.root	34834	-36.2188	4.2287
run_0077.root	34866	-28.2435	52.7408
run_0077.root	34942	-43.8125	4.30195
run_0077.root	34950	-65.1135	8.67463
run_0077.root	35308	-55.2765	6.01229
run_0077.root	35347	-30.878	1.87457
run_0077.root	35582	-59.9012	10.7459
run_0077.root	35606	-20.1846	1.71271
run_0077.root	35847	-20.6844	2.08046
run_0077.root	35860	-36.9773	9.39935
run_0077.root	35927	-52.7259	790.595
run_0077.root	35978	-23.9972	2.46835
run_0077.root	36124	-43.1019	2.30324
run_0077.root	36142	-57.5993	8.68656
run_0077.root	36282	-24.0761	11.7763
run_0077.root	36542	-35.4151	7.30278
run_0077.root	36684	-39.3767	2.94692
run_0077.root	36835	-36.5769	3.58157
run_0077.root	37044	-43.3567	5.91154
run_0077.root	37454	-42.0754	2.32436
run_0077.root	37455	-42.0754	2.32436
run_0077.root	37486	-55.5605	6.34443
run_0077.root	38112	-21.9892	3.7271
run_0077.root	38118	-35.9409	5.89012
run_0077.root	38253	-47.9689	7.5707
run_0077.root	38350	-35.6812	0.963559
run_0077.root	38561	-21.7859	3.89906
run_0077.root	38708	-38.3414	1.00718
run_0077.root	39091	-45.4167	2.35709
run_0077.root	39093	-34.213	1.37542
run_0077.root	39152	-23.3982	2.78559
run_0077.root	39241	-30.7372	1.64872
run_0077.root	39386	-57.3355	7.31177
run_0077.root	39443	-31.7938	5.88304
run_0077.root	39561	-28.5039	1.41486
run_0077.root	39604	-23.009	3.35922
run_0077.root	40034	-34.6937	7.3253
run_0077.root	40184	-50.1943	2.97523
run_0077.root	40217	-27.2232	2.07228
run_0077.root	40279	-37.4597	3.08903
run_0077.root	40575	-39.8234	760.81
run_0077.root	40630	-20.3745	17.9308
run_0077.root	41051	-34.9614	1.99621
run_0077.root	41570	-38.5379	2.64654
run_0077.root	41737	-31.2558	3.06669
run_0077.root	41981	-31.7294	17.2557
run_0077.root	42043	-20.8171	3.91546
run_0077.root	42088	-23.0482	11.349
run_0077.root	42097	-24.9927	0.754234
run_0077.root	42233	-22.923	1.38565
run_0077.root	42410	-24.0149	4.12752
run_0077.root	42515	-33.0853	17.1363
run_0077.root	42907	-44.6279	4.92231
run_0077.root	43123	-26.7629	14.9461
run_0077.root	43698	-20.2336	0.495112
run_0077.root	44029	-25.7144	1.92928
run_0077.root	44155	-30.2524	0.922125
run_0077.root	44298	-25.3761	1.22416
run_0077.root	44446	-37.4457	2.9022
run_0077.root	44493	-34.4261	1.83809
run_0077.root	44590	-21.4084	3.90638
run_0077.root	44780	-31.8276	5.20893
run_0077.root	44885	-40.413	3.44932
run_0077.root	44925	-43.0886	4.75395
run_0077.root	45127	-20.9476	0.621354
run_0077.root	45157	-25.2083	0.942234
run_0077.root	45294	-20.7297	18.4855
run_0077.root	45336	-43.9955	0.896137
run_0077.root	45447	-42.0369	9.35996
run_0077.root	45480	-30.3867	2.83913
run_0077.root	45500	-36.7966	2.59778
run_0077.root	45666	-38.9488	2.61695
run_0077.root	45691	-34.8486	1.23142
run_0077.root	45772	-39.7524	1.47535
run_0077.root	45964	-21.1912	1.77371
run_0077.root	45978	-44.7742	3.75518
run_0077.root	46149	-24.9384	4.69205
run_0077.root	46324	-46.9962	10.0176
run_0077.root	46946	-25.9297	13.9707
run_0077.root	47063	-23.837	14.7809
run_0077.root	47272	-25.0456	0.919806
run_0077.root	47369	-34.4342	2.72614
run_0077.root	47454	-53.8034	1.69701
run_0077.root	47658	-24.2154	0.663426
run_0077.root	47932	-52.6255	3.68581
run_0077.root	48855	-20.0946	1.19843
run_0077.root	48863	-26.5213	6.56676
run_0077.root	49368	-40.7164	3.1611
run_0077.root	49753	-23.2594	2.0847
run_0077.root	49780	-25.3918	5.18379
run_0077.root	49867	-24.9288	10.9753
run_0077.root	50129	-34.2094	6.96744
run_0077.root	50358	-27.2431	1.92738
run_0077.root	50956	-24.7809	0.90199
run_0077.root	51246	-38.3715	179.082
run_0077.root	51404	-48.7269	9.48527
run_0077.root	51520	-21.7024	8.67484
run_0077.root	51665	-27.4863	111.651
run_0077.root	51824	-21.3345	0.808661
run_0077.root	52093	-99.4674	18.5995
run_0077.root	52317	-32.8716	1.69188
run_0077.root	52413	-22.5495	0.82464
run_0077.root	52478	-25.3838	3.44479
run_0077.root	52584	-42.8017	2.79703
run_0077.root	52698	-28.5967	0.308028
run_0077.root	52722	-48.2306	8.21849
run_0077.root	52800	-23.8444	4.10585
run_0077.root	53120	-53.5403	3.13697
run_0077.root	53198	-20.2606	3.12975
run_0077.root	53411	-20.8155	0.355603
run_0077.root	53541	-24.0486	0.46328
run_0077.root	53731	-32.6607	25322.4
run_0077.root	53935	-20.4918	69.9413
run_0077.root	53960	-58.1024	0.730915
run_0077.root	53966	-21.1291	16.8136
run_0077.root	54052	-23.1643	19.4081
run_0077.root	54181	-29.5846	4.62071
run_0077.root	54195	-54.4301	4.03912
run_0077.root	54546	-51.0493	3.39416
run_0077.root	54832	-29.893	1.65338
run_0077.root	54973	-45.4456	2.61253
run_0077.root	55045	-28.1999	2058.58
run_0077.root	55092	-33.1921	1.92589
run_0077.root	55150	-22.2773	72.4448
run_0077.root	55267	-24.4783	2.55856
run_0077.root	55531	-32.2026	4.44579
run_0077.root	55627	-22.6305	2239.02
run_0077.root	55765	-42.5097	1.89643
run_0077.root	55797	-34.211	1.0078
run_0077.root	55894	-40.4392	10.4472
run_0077.root	55914	-23.4694	3.63298
run_0077.root	55964	-25.3809	0.136956
run_0077.root	56006	-20.9004	6.02786
run_0077.root	56090	-49.3687	3.02053
run_0077.root	56399	-66.8276	10.7023
run_0077.root	56934	-45.7795	3.58319
run_0077.root	57330	-54.0021	2.4098
run_0077.root	57532	-44.0284	3.68783
run_0077.root	57578	-36.3551	2.99243
run_0077.root	57738	-27.6777	0.832394
run_0077.root	57843	-24.6526	1.50977
run_0077.root	58194	-42.1818	12.82
run_0077.root	58431	-32.7093	0.395877
run_0077.root	58564	-45.1322	5.85555
run_0077.root	58606	-20.7914	10.7392
run_0077.root	58899	-54.6616	10.8296
run_0077.root	59118	-43.3803	0.945564
run_0077.root	59522	-27.7089	4177.91
run_0077.root	59538	-23.4288	1.07448
run_0077.root	59609	-44.1272	5.20164
run_0077.root	59757	-45.6088	6.0894
run_0077.root	60107	-40.4169	2.10062
run_0077.root	60425	-20.1938	0.428628
run_0077.root	60500	-25.4141	1.50309
run_0077.root	60543	-47.8461	16.7877
run_0077.root	60672	-47.7381	4.16835
run_0077.root	60701	-44.4489	4.22005
run_0077.root	60727	-33.319	0.76743
run_0077.root	60834	-52.6776	1.9559
run_0077.root	60959	-45.2578	2.8037
run_0077.root	61121	-27.3464	0.440812
run_0077.root	61164	-44.3788	6.01847
run_0077.root	61266	-22.3636	1.70076
run_0077.root	61434	-54.3535	6.63375
run_0077.root	61456	-38.1785	4.73752
run_0077.root	61704	-21.2448	0.663608
run_0077.root	61936	-103.894	14.7173
run_0077.root	62162	-69.0827	8.01147
run_0077.root	62254	-59.3712	9.96153
run_0077.root	62346	-33.7841	0.996685
run_0077.root	63091	-65.467	19.901
run_0077.root	63330	-27.1304	8.21265
run_0077.root	63677	-21.6477	36.7759
run_0077.root	63798	-26.6896	4226.43
run_0077.root	63829	-43.633	2.49577
run_0077.root	64099	-46.3675	4.14305
run_0077.root	64135	-29.6424	16.0816
run_0077.root	64504	-31.6365	0.596235
run_0077.root	64601	-30.3645	4.37973
run_0077.root	64813	-44.7908	2.96868
run_0077.root	64821	-44.2252	6.21055
run_0077.root	64947	-34.7362	2.39813
run_0077.root	65232	-27.4826	0.433669
run_0077.root	65323	-27.4693	18.2869
run_0077.root	65594	-20.9316	0.843094
run_0077.root	65648	-29.166	978.584
run_0077.root	65750	-45.088	38.4943
run_0077.root	65812	-41.2609	5.05954
run_0077.root	65866	-35.8781	1.36524
run_0077.root	65972	-21.4874	0.234985
run_0077.root	66209	-45.9091	3.06754
run_0077.root	66260	-32.5656	1.34486
run_0077.root	66315	-22.0683	6.38975
run_0077.root	66434	-39.9586	4.415
run_0077.root	66453	-27.05	2.51935
run_0077.root	66454	-27.05	2.51935
run_0077.root	66506	-40.942	3.73369
run_0077.root	66554	-32.3572	425.399
run_0077.root	66620	-21.7388	0.612537
run_0077.root	66699	-20.2744	11.3625
run_0077.root	67164	-20.1225	0.973935
run_0077.root	67393	-31.4255	3.18389
run_0077.root	67692	-37.6265	0.100345
run_0077.root	67840	-41.7316	2.58746
run_0077.root	67855	-51.1252	2076.76
run_0077.root	68252	-26.8377	1.22037
run_0077.root	68278	-37.3982	2.39837
run_0077.root	68430	-43.7268	9.49065
run_0077.root	68487	-48.2995	4.81738
run_0077.root	68540	-22.8156	0.846852
run_0077.root	68679	-26.2713	4.16171
run_0077.root	68753	-27.5352	10.8568
run_0077.root	69300	-21.1604	0.963169
run_0077.root	69400	-26.0816	0.802436
run_0077.root	69431	-26.7096	0.996484
run_0077.root	69619	-41.4406	2.20635
run_0077.root	69865	-61.2969	5.25969
run_0077.root	69979	-95.133	16.8135
run_0077.root	70145	-32.3633	3.43248
run_0077.root	70211	-26.4922	5.61153
run_0077.root	70225	-22.111	0.470151
run_0077.root	70299	-20.4844	2.01824
run_0077.root	70337	-21.4727	1.18721
run_0077.root	70497	-41.9175	3.85037
run_0077.root	70705	-20.2384	1.07184
run_0077.root	71310	-28.4803	1.78602
run_0077.root	71435	-36.4274	4.40114
run_0077.root	71487	-57.7607	3808.31
run_0077.root	71546	-20.8569	6.09181
run_0077.root	71557	-52.1798	4.84207
run_0077.root	71661	-24.5124	12.4481
run_0077.root	71865	-63.9104	2.34921
run_0077.root	72035	-48.5225	71.6912
run_0077.root	72178	-27.2416	2.50829
run_0077.root	72547	-60.6421	3.21493
run_0077.root	72849	-31.8143	2.57647
run_0077.root	73200	-50.5618	7.28108
run_0077.root	73243	-60.7831	7.65364
run_0077.root	73372	-36.5562	7.76745
run_0077.root	73390	-30.0577	1.47433
run_0077.root	73894	-28.1597	7.99993
run_0077.root	73938	-23.0439	1.98075
run_0077.root	74004	-32.796	2.08901
run_0077.root	74073	-71.0628	7.41854
run_0077.root	74093	-51.3177	7.71584
run_0077.root	74246	-28.4229	234.928
run_0077.root	74336	-37.0496	4.92046
run_0077.root	74343	-31.6641	1.03082
run_0077.root	74436	-21.0418	8.43703
run_0077.root	74885	-30.8778	0.824515
run_0077.root	74893	-39.1204	4.45702
run_0077.root	75537	-25.9101	0.464977
run_0077.root	75582	-36.753	1.8269
run_0077.root	76376	-47.9227	6.30207
run_0077.root	76957	-23.7521	124.65
run_0077.root	77264	-21.1944	4.90703
run_0077.root	77665	-27.2321	22.1614
run_0077.root	77755	-30.5986	24.1256
run_0077.root	78344	-20.0943	1.8122
run_0077.root	78873	-21.2268	2.78451
run_0077.root	79095	-29.0659	4.13012
run_0077.root	79343	-20.5305	0.437649
run_0077.root	79442	-66.9456	8.86895
run_0077.root	79776	-22.4768	8.0457
run_0077.root	80041	-32.0633	0.890447
run_0077.root	80701	-29.8577	5.00032
run_0077.root	80899	-25.2392	5.6409
run_0077.root	80950	-36.5045	1.94382
run_0077.root	80978	-27.7873	70.3647
run_0078.root	110	-25.5889	2.53915
run_0078.root	131	-22.3018	5.45374
run_0078.root	240	-22.4436	1.4889
run_0078.root	260	-32.0664	2.4834
run_0078.root	275	-28.9549	2.57501
run_0078.root	546	-40.2233	8.11693
run_0078.root	765	-32.0374	0.299419
run_0078.root	766	-32.0374	0.299419
run_0078.root	1391	-22.2184	0.770017
run_0078.root	1554	-47.2541	11.6843
run_0078.root	1860	-34.4386	8.27881
run_0078.root	2121	-37.2881	7.66591
run_0078.root	2169	-24.5523	0.41203
run_0078.root	2182	-28.9935	14.7257
run_0078.root	2400	-26.7255	0.998182
run_0078.root	2982	-40.3778	14.7548
run_0078.root	3044	-21.9499	0.979773
run_0078.root	3219	-34.0484	85.9846
run_0078.root	3246	-38.575	1.06188
run_0078.root	3541	-41.2364	4.48685
run_0078.root	3774	-46.995	7.39139
run_0078.root	3885	-26.5453	5.7765
run_0078.root	4102	-38.5451	3.04968
run_0078.root	4270	-34.1666	2.63815
run_0078.root	4358	-41.3166	9.4761
run_0078.root	4458	-22.7505	6.80443
run_0078.root	4758	-58.4459	4.65906
run_0078.root	4801	-56.5218	5.45178
run_0078.root	5048	-33.3984	144.363
run_0078.root	5175	-23.1325	1.10577
run_0078.root	5348	-38.3751	5.50459
run_0078.root	5913	-38.1181	4.40811
run_0078.root	5978	-39.8014	2.25192
run_0078.root	6157	-29.2605	35.6288
run_0078.root	6405	-40.3817	2.34529
run_0078.root	6645	-59.3567	5.47146
run_0078.root	6747	-20.4983	12.9824
run_0078.root	6797	-29.5973	3.71913
run_0078.root	7395	-62.5626	10.4557
run_0078.root	7520	-48.4701	2.15243
run_0078.root	7594	-30.3728	10.1265
run_0078.root	7797	-66.8425	5.86189
run_0078.root	7913	-27.4421	2.84058
run_0078.root	8143	-23.8029	2.79712
run_0078.root	8522	-27.4866	61.9049
run_0078.root	8566	-27.3578	1.69595
run_0078.root	8815	-31.2575	4.06201
run_0078.root	9191	-29.4588	2.69641
run_0078.root	9195	-24.1653	1.26326
run_0078.root	9252	-61.8298	7.24711
run_0078.root	9500	-42.4058	6.86765
run_0078.root	9521	-20.1836	1.00646
run_0078.root	9525	-33.2887	1.81272
run_0078.root	9875	-29.6198	2.83766
run_0078.root	10100	-30.01	132.233
run_0078.root	10195	-26.5022	0.913282
run_0078.root	10234	-42.8647	2.76602
run_0078.root	10396	-22.2697	113.934
run_0078.root	10444	-35.0922	6.10033
run_0078.root	11052	-50.1104	14.7821
run_0078.root	11251	-28.7091	1.97291
run_0078.root	11402	-22.6502	1.96473
run_0078.root	11436	-40.5904	7.84365
run_0078.root	11495	-41.7318	4.4085
run_0078.root	12079	-45.671	11.8013
run_0078.root	12123	-21.8449	2.57752
run_0078.root	12483	-46.7466	4.30947
run_0078.root	12506	-54.8333	6.33059
run_0078.root	12818	-21.1576	12.5494
run_0078.root	12915	-22.4491	0.731011
run_0078.root	12925	-24.5065	0.859038
run_0078.root	12945	-37.03	5.62388
run_0078.root	13089	-32.0081	8.89494
run_0078.root	13300	-37.9441	62.5253
run_0078.root	13621	-50.0454	4.59268
run_0078.root	13753	-54.6865	4.3175
run_0078.root	13892	-28.11	23.2669
run_0078.root	13936	-24.948	1.09463
run_0078.root	13937	-24.948	1.09463
run_0078.root	14167	-29.2073	1.08435
run_0078.root	14557	-28.7245	1.27271
run_0078.root	14693	-42.8799	4.72175
run_0078.root	14775	-22.4914	316.431
run_0078.root	14778	-49.6503	6.51821
run_0078.root	14836	-35.6868	2.55738
run_0078.root	15209	-33.3008	3.18816
run_0078.root	15268	-29.5615	1.19315
run_0078.root	15657	-22.1203	0.858568
run_0078.root	15659	-60.3491	6.97941
run_0078.root	15670	-48.525	5.86926
run_0078.root	15852	-37.4435	5.10668
run_0078.root	15881	-36.1913	2.45267
run_0078.root	15928	-51.1602	2.60719
run_0078.root	16214	-25.2646	1.11931
run_0078.root	16285	-52.6251	8.97535
run_0078.root	16361	-26.8597	97.7057
run_0078.root	16571	-41.7412	2.99398
run_0078.root	16732	-20.9029	2.76854
run_0078.root	17083	-33.6631	2.17488
run_0078.root	17108	-46.9059	6.34177
run_0078.root	17204	-32.0835	12.9743
run_0078.root	17247	-36.537	6.06513
run_0078.root	17411	-27.413	0.635247
run_0078.root	17421	-32.6667	2.79206
run_0078.root	17479	-71.4113	9.89625
run_0078.root	17579	-74.2826	7.3798
run_0078.root	18259	-39.8443	2.57198
run_0078.root	18385	-33.3489	2.49335
run_0078.root	18710	-34.5406	2.13277
run_0078.root	18931	-27.2648	4.90508
run_0078.root	19044	-36.6402	6.19634
run_0078.root	19110	-42.8076	3.04916
run_0078.root	19129	-21.5413	1.71729
run_0078.root	19163	-24.2963	218.044
run_0078.root	19636	-41.1618	6.16951
run_0078.root	19847	-26.672	3.35156
run_0078.root	20193	-26.9707	1.37558
run_0078.root	20470	-38.1592	5.506
run_0078.root	20518	-24.5709	2.2937
run_0078.root	20590	-28.5021	1.03831
run_0078.root	20774	-31.0811	3.0205
run_0078.root	21003	-20.0975	0.356475
run_0078.root	21573	-24.8689	1.06092
run_0078.root	21590	-31.6532	1.01214
run_0078.root	21821	-24.2996	0.647429
run_0078.root	22178	-41.2691	2.3211
run_0078.root	22225	-21.3044	29.8056
run_0078.root	22240	-47.2467	7.42083
run_0078.root	22272	-42.0497	6.2579
run_0078.root	22417	-20.6656	28.9567
run_0078.root	22548	-61.8522	5.68175
run_0078.root	22925	-23.8157	1.94058
run_0078.root	22970	-23.3824	6.80872
run_0078.root	22989	-21.1804	2.07729
run_0078.root	22999	-42.8635	7.14034
run_0078.root	23183	-56.0592	3.15004
run_0078.root	23538	-31.3071	0.789752
run_0078.root	23623	-21.4236	13.2249
run_0078.root	24166	-20.9495	0.152342
run_0078.root	24239	-49.6687	5.34223
run_0078.root	24300	-40.8751	2.68409
run_0078.root	24495	-22.9407	0.500678
run_0078.root	24736	-58.1275	4.10559
run_0078.root	24779	-26.4114	6.20004
run_0078.root	24932	-21.2021	254.723
run_0078.root	25132	-29.758	1.99323
run_0078.root	25145	-41.0388	3.52894
run_0078.root	25148	-49.4762	19.537
run_0078.root	25484	-48.0828	5.0441
run_0078.root	25501	-42.7943	2.23898
run_0078.root	25553	-44.4948	118.385
run_0078.root	25576	-31.4578	9.59345
run_0078.root	25829	-22.0254	3.36785
run_0078.root	25969	-20.8973	0.594331
run_0078.root	26528	-25.2879	2.46078
run_0078.root	26575	-38.0593	2.24654
run_0078.root	26989	-52.6771	1.50333
run_0078.root	27426	-30.4769	4.74738
run_0078.root	27584	-22.4961	0.485916
run_0078.root	27950	-22.9584	1.71754
run_0078.root	28017	-61.6152	6.69119
run_0078.root	28262	-42.8184	3.9026
run_0078.root	28267	-38.0992	1.88851
run_0078.root	28663	-20.6589	0.800883
run_0078.root	28789	-36.8715	0.817861
run_0078.root	28935	-57.6272	28.9748
run_0078.root	29035	-22.8568	3.02853
run_0078.root	29148	-38.4513	1.5696
run_0078.root	29171	-43.3792	2.46377
run_0078.root	29232	-22.7627	0.388377
run_0078.root	29450	-59.6847	94.697
run_0078.root	29521	-60.8534	5.29108
run_0078.root	29532	-24.6258	1.28754
run_0078.root	29742	-65.4955	13.8021
run_0078.root	29802	-29.8007	5.49746
run_0078.root	29915	-20.9376	0.445882
run_0078.root	30345	-20.5228	1.24195
run_0078.root	30410	-31.8664	3.40536
run_0078.root	30420	-52.3026	25.7997
run_0078.root	30442	-46.6581	4.5345
run_0078.root	30539	-57.9476	3.66798
run_0078.root	30676	-20.0131	0.470612
run_0078.root	30741	-60.4382	8.23241
run_0078.root	30826	-55.4584	4.01638
run_0078.root	30934	-65.242	5.062
run_0078.root	31077	-47.0828	25.4891
run_0078.root	31355	-37.7129	1.7422
run_0078.root	31370	-21.7909	0.403006
run_0078.root	31568	-46.521	192.014
run_0078.root	31715	-29.7452	1.63562
run_0078.root	31721	-25.3591	128.784
run_0078.root	31810	-24.0854	1.56843
run_0078.root	32101	-21.2136	707.635
run_0078.root	32632	-55.5283	8.21928
run_0078.root	32724	-22.1539	2.48245
run_0078.root	32781	-56.4413	6.14253
run_0078.root	33054	-21.9918	1.87967
run_0078.root	33069	-65.1948	5.5987
run_0078.root	33189	-58.2855	12.7845
run_0078.root	33756	-30.6163	2.89166
run_0078.root	34176	-29.8514	625.627
run_0078.root	34197	-23.4211	2.04022
run_0078.root	34350	-41.5539	4.3688
run_0078.root	34532	-39.444	5.92839
run_0078.root	34554	-31.5151	2.03703
run_0078.root	34811	-64.6193	8.13288
run_0078.root	35186	-31.2544	1.77216
run_0078.root	35201	-27.9342	4.69773
run_0078.root	35450	-34.3329	8.42946
run_0078.root	35714	-30.662	1.96418
run_0078.root	35950	-52.1295	3.02051
run_0078.root	36125	-28.7904	5.99441
run_0078.root	36417	-28.6696	0.963065
run_0078.root	36976	-24.1409	4.60782
run_0078.root	37002	-30.4263	2.03894
run_0078.root	37189	-24.476	1.17069
run_0078.root	37226	-22.5958	0.853294
run_0078.root	37246	-45.1983	4.32822
run_0078.root	37331	-35.2873	9.27729
run_0078.root	37465	-32.2868	0.672343
run_0078.root	37576	-29.8533	37.5688
run_0078.root	37626	-45.4137	14.0834
run_0078.root	37639	-39.7819	4.33173
run_0078.root	37711	-36.4827	3.39762
run_0078.root	38069	-26.9969	7.67411
run_0078.root	38070	-23.1072	31.7657
run_0078.root	38679	-21.3939	0.966497
run_0078.root	38770	-20.2925	1.58061
run_0078.root	39076	-27.698	2.52741
run_0078.root	39329	-26.2495	22.2785
run_0078.root	40139	-28.9247	29.4456
run_0078.root	40245	-40.7091	2.23332
run_0078.root	40523	-68.4075	9.33897
run_0078.root	40698	-25.0062	1.2358
run_0078.root	40842	-22.1262	6.70714
run_0078.root	40905	-21.7994	5.16348
run_0078.root	41007	-21.6759	4.09205
run_0078.root	41048	-49.5584	4.9209
run_0078.root	41648	-24.0011	55.6965
run_0078.root	41752	-38.9909	2.61604
run_0078.root	41978	-20.3387	3.51692
run_0078.root	42077	-33.6848	22.8376
run_0078.root	42200	-22.041	2.59648
run_0078.root	42311	-26.3565	238.326
run_0078.root	42481	-20.298	21.9935
run_0078.root	42685	-25.9763	3.65085
run_0078.root	42858	-24.5382	5.05322
run_0078.root	42927	-22.8145	16.9715
run_0078.root	43039	-42.7124	6.00478
run_0078.root	43053	-42.2926	2.90262
run_0078.root	43132	-69.5976	5.17323
run_0078.root	43830	-66.336	6.79441
run_0078.root	43977	-64.2103	9.00127
run_0078.root	44097	-42.4659	2.61653
run_0078.root	44343	-39.3951	1.15676
run_0078.root	44347	-21.0476	5.16489
run_0078.root	45127	-51.2919	7.98327
run_0078.root	45420	-32.2014	4.35857
run_0078.root	45673	-38.2754	486.539
run_0078.root	45873	-57.1362	7.25184
run_0078.root	46039	-20.2163	0.586203
run_0078.root	46487	-30.9497	1.46112
run_0078.root	46551	-21.0205	3.97992
run_0078.root	46789	-25.0529	1.16118
run_0078.root	46791	-30.2034	1.04784
run_0078.root	47161	-23.1123	72.6277
run_0078.root	47508	-21.0893	17.0422
run_0078.root	47611	-42.8924	2.16405
run_0078.root	47631	-26.0052	5.60485
run_0078.root	47801	-32.8242	3.16374
run_0078.root	47950	-27.9199	1.063
run_0078.root	47966	-25.9338	1.30454
run_0078.root	48080	-45.6485	5.37688
run_0078.root	48142	-50.0705	2.1071
run_0078.root	48186	-42.3373	5.2734
run_0078.root	48617	-27.6029	1.74783
run_0078.root	48738	-33.5336	3.0408
run_0078.root	48739	-33.5336	3.0408
run_0078.root	49145	-45.3532	5.32845
run_0078.root	49581	-66.0842	20.2851
run_0078.root	50219	-39.6745	3.47535
run_0078.root	50425	-64.899	3.07834
run_0078.root	51058	-21.5878	135.976
run_0078.root	51192	-20.2747	0.349236
run_0078.root	51352	-24.5	6.59633
run_0078.root	51547	-24.8215	0.910698
run_0078.root	51656	-34.0551	2.55862
run_0078.root	51830	-23.6251	1.68534
run_0078.root	52119	-21.8093	0.552913
run_0078.root	52368	-34.7954	1.05805
run_0078.root	52392	-32.3111	2.11925
run_0078.root	52562	-30.7008	13.3957
run_0078.root	52707	-53.8191	4.26433
run_0078.root	53088	-46.1269	5.30418
run_0078.root	53089	-46.1269	5.30418
run_0078.root	53294	-49.9752	16.9271
run_0078.root	53804	-30.3026	1.64128
run_0078.root	53867	-30.5472	6.81004
run_0078.root	53959	-25.7428	1.87196
run_0078.root	54199	-22.8503	1.3661
run_0078.root	54269	-21.5474	1.66081
run_0078.root	54318	-22.8991	13.2599
run_0078.root	54462	-36.7146	1.84418
run_0078.root	54499	-22.6711	8.08973
run_0078.root	54630	-26.8101	1.16711
run_0078.root	54633	-41.2109	1.91056
run_0078.root	54742	-20.8395	1.00226
run_0078.root	55039	-25.9424	98.2781
run_0078.root	55181	-45.9211	9.08916
run_0078.root	55270	-20.3018	3.06162
run_0078.root	55294	-25.8889	1.14479
run_0078.root	55394	-28.7236	3.65495
run_0078.root	55430	-48.5111	22.7963
run_0078.root	55703	-29.3018	12.7945
run_0078.root	56850	-35.5274	5.16942
run_0078.root	57009	-20.8998	1.22148
run_0078.root	57049	-27.8326	6.83834
run_0078.root	57087	-53.8206	3.48634
run_0078.root	57131	-23.1939	20.452
run_0078.root	57211	-25.5759	8.51818
run_0078.root	57411	-21.9606	0.784072
run_0078.root	57841	-21.0973	1.72388
run_0078.root	57842	-21.0973	1.72388
run_0078.root	57858	-62.3062	5.60692
run_0078.root	58091	-31.9368	5.61724
run_0078.root	58155	-20.9895	2.26313
run_0078.root	58360	-27.9597	551.022
run_0078.root	58513	-30.1713	1.46345
run_0078.root	58524	-26.3817	13.9963
run_0078.root	59134	-29.6991	3.46573
run_0078.root	59298	-32.7222	2.36463
run_0078.root	59337	-22.2927	0.648256
run_0078.root	59560	-47.6137	5.37466
run_0078.root	59825	-50.976	5.65571
run_0078.root	59919	-24.1728	2.27511
run_0078.root	60259	-24.3071	90.4507
run_0078.root	60710	-22.6453	2.60563
run_0078.root	60934	-29.1013	1.13581
run_0078.root	61068	-21.1694	1.52595
run_0078.root	61197	-34.9638	4.18876
run_0078.root	61247	-24.1588	2.23575
run_0078.root	61321	-21.0832	1.99694
run_0078.root	61476	-53.5697	11.771
run_0078.root	61750	-66.3061	6.8556
run_0078.root	62534	-23.6654	2.43294
run_0078.root	63293	-41.764	3.66882
run_0078.root	63477	-32.5956	2.78453
run_0078.root	63538	-68.8982	3.32106
run_0078.root	63614	-55.2056	3.06828
run_0078.root	63615	-55.2056	3.06828
run_0078.root	63714	-61.7293	9.95214
run_0078.root	63927	-53.0302	4.3885
run_0078.root	64070	-41.0792	36.001
run_0078.root	64132	-20.5121	1.06461
run_0078.root	64145	-31.9075	5.8065
run_0078.root	64239	-39.982	4.60758
run_0078.root	64288	-25.4031	423.805
run_0078.root	64299	-66.142	10.6907
run_0078.root	64662	-33.4135	2.28527
run_0078.root	64786	-43.7587	5.63927
run_0078.root	64796	-31.1712	21.9677
run_0078.root	64861	-59.2543	3.83817
run_0078.root	65385	-44.5426	5.17881
run_0078.root	65429	-27.4652	7.92251
run_0078.root	65496	-31.223	179.726
run_0078.root	65505	-38.0912	4.33491
run_0078.root	65557	-49.9854	13.5501
run_0078.root	65669	-31.852	1.61892
run_0078.root	65706	-23.8919	5.89214
run_0078.root	65991	-29.3651	93.1301
run_0078.root	65998	-95.9088	16.1644
run_0078.root	66015	-30.7503	14.0675
run_0078.root	66028	-22.6738	6.53883
run_0078.root	66285	-20.6998	1.2025
run_0078.root	66901	-22.8709	2.46803
run_0078.root	66932	-29.4299	596.484
run_0078.root	67240	-21.3558	1.25575
run_0078.root	67414	-22.7541	533.83
run_0078.root	67562	-21.2411	0.748232
run_0078.root	67576	-55.0436	7.69077
run_0078.root	67699	-20.2007	16.326
run_0078.root	67895	-39.2113	1.48921
run_0078.root	68047	-49.5199	3.79062
run_0078.root	68058	-22.1396	1.16741
run_0078.root	68084	-32.8211	1.98613
run_0078.root	68097	-20.4248	1.25953
run_0078.root	68267	-31.3321	3.16841
run_0078.root	69260	-60.3099	8.41607
run_0078.root	69402	-36.0381	4.38491
run_0078.root	69562	-58.6691	7.10416
run_0078.root	69566	-44.0331	12.0531
run_0078.root	69603	-32.1785	1.16765
run_0078.root	69866	-20.6236	605.09
run_0078.root	69979	-41.5498	4.42116
run_0078.root	70044	-26.4332	5.63321
run_0078.root	70154	-42.0906	7.14128
run_0078.root	70219	-51.6285	6.10301
run_0078.root	70566	-44.2561	4.59558
run_0078.root	70602	-81.2269	4.63619
run_0078.root	70747	-24.415	676.242
run_0078.root	70777	-21.7135	1.02207
run_0078.root	70854	-41.0355	3.21657
run_0078.root	70958	-28.3931	3.06842
run_0078.root	71146	-25.9871	13.4777
run_0078.root	71323	-21.4454	1.0831
run_0078.root	71524	-41.082	2.06836
run_0078.root	72137	-21.8959	1.61568
run_0078.root	72207	-29.1836	309.5
run_0078.root	72292	-27.3008	0.992603
run_0078.root	72381	-54.3857	7.409
run_0078.root	72602	-62.3881	9.20469
run_0078.root	72685	-43.6617	6.25823
run_0078.root	72686	-44.4304	6.25579
run_0078.root	72787	-31.234	1.32063
run_0078.root	72854	-39.9464	1.83739
run_0078.root	73082	-22.1964	41.6877
run_0078.root	73206	-22.482	0.477046
run_0078.root	73859	-27.0884	1.0623
run_0078.root	73900	-29.4908	6.37902
run_0078.root	74054	-38.2079	37.1566
run_0078.root	74102	-27.2651	7.2123
run_0078.root	74120	-43.3439	10.635
run_0078.root	74636	-50.907	16.7872
run_0078.root	74875	-23.6639	10.6487
run_0078.root	75008	-47.8217	3.84226
run_0078.root	75060	-22.3208	18.8123
run_0078.root	75437	-22.1418	3.86765
run_0079.root	154	-38.3935	5.32998
run_0079.root	194	-34.2564	14.8515
run_0079.root	262	-52.2789	3.14163
run_0079.root	270	-37.8466	6.50622
run_0079.root	278	-29.4246	3.73811
run_0079.root	469	-21.0877	2.72982
run_0079.root	514	-20.6613	2.70235
run_0079.root	558	-42.0185	3.09794
run_0079.root	571	-85.6018	0.579174
run_0079.root	852	-20.3696	4.28941
run_0079.root	1457	-52.9042	2.71267
run_0079.root	1740	-31.5844	3.63276
run_0079.root	2153	-24.8742	7.33446
run_0079.root	2316	-28.4725	4.96318
run_0079.root	2318	-59.5892	779.836
run_0079.root	2599	-44.9568	2.76538
run_0079.root	2830	-60.4473	5.75108
run_0079.root	3032	-35.3901	2.77067
run_0079.root	3144	-58.016	7.19074
run_0079.root	3166	-33.704	1.71917
run_0079.root	3324	-21.0859	5.39706
run_0079.root	3346	-20.1688	5835.31
run_0079.root	3427	-22.2518	0.839337
run_0079.root	3601	-31.9083	6.5736
run_0079.root	3755	-25.1383	13.4579
run_0079.root	4175	-44.8169	2.25226
run_0079.root	4262	-35.8033	4.09168
run_0079.root	4377	-51.0765	5.37045
run_0079.root	4687	-45.6871	4.50855
run_0079.root	4727	-69.3879	5.75418
run_0079.root	4800	-30.4323	1.44772
run_0079.root	4813	-21.4797	9.08452
run_0079.root	4994	-52.8111	3.31467
run_0079.root	5158	-26.8199	1.8697
run_0079.root	5203	-23.6427	0.809765
run_0079.root	5215	-20.5123	12.6719
run_0079.root	5241	-21.9796	26.8203
run_0079.root	5650	-37.3139	35.6423
run_0079.root	5829	-28.256	5.55732
run_0079.root	6084	-34.5947	2.30957
run_0079.root	6226	-33.5166	1.62916
run_0079.root	6378	-31.1247	1.25335
run_0079.root	6569	-49.2308	17.14
run_0079.root	6964	-44.8619	1.66079
run_0079.root	6979	-39.5022	4.36605
run_0079.root	7084	-35.9581	8.93639
run_0079.root	7319	-42.0449	1.27715
run_0079.root	7391	-23.885	2.73046
run_0079.root	7481	-24.7392	0.359735
run_0079.root	7828	-62.2535	8.07219
run_0079.root	8294	-28.7311	1.31805
run_0079.root	8467	-35.7527	3.64788
run_0079.root	8491	-60.4224	5.20275
run_0079.root	8577	-85.961	13.592
run_0079.root	8707	-41.8986	4.51549
run_0079.root	9512	-43.4851	3.44376
run_0079.root	9566	-35.1317	2.87015
run_0079.root	9808	-62.2061	10.4306
run_0079.root	9878	-48.0059	11.5702
run_0079.root	9890	-42.8729	2.61743
run_0079.root	9892	-23.1786	1.86381
run_0079.root	9898	-43.0791	2.13315
run_0079.root	10167	-20.0028	1.30728
run_0079.root	10261	-42.3478	8.07299
run_0079.root	10409	-54.7865	8.53776
run_0079.root	10546	-42.1854	9.36496
run_0079.root	10598	-20.1063	0.311384
run_0079.root	10619	-31.1117	1.42709
run_0079.root	10787	-28.7962	2.56687
run_0079.root	11212	-48.4897	34.0722
run_0079.root	11643	-24.4831	0.773157
run_0079.root	11866	-30.1561	2.14746
run_0079.root	11910	-39.3554	3.02024
run_0079.root	11915	-21.507	42.4118
run_0079.root	12243	-52.5791	7.45938
run_0079.root	12530	-29.6619	6.24004
run_0079.root	12691	-38.6774	1.85968
run_0079.root	12695	-21.3634	1.37445
run_0079.root	13877	-48.0664	4.39102
run_0079.root	14035	-27.2139	0.765326
run_0079.root	14731	-21.9793	0.705495
run_0079.root	14832	-38.0101	4.55616
run_0079.root	15075	-21.484	38.217
run_0079.root	15173	-48.529	9.20856
run_0079.root	15179	-28.1865	7.60218
run_0079.root	15575	-54.7535	5.21706
run_0079.root	15859	-32.673	3.00722
run_0079.root	15861	-22.1337	1.3296
run_0079.root	15960	-23.4188	1.08482
run_0079.root	15971	-23.6582	1596.36
run_0079.root	16300	-26.6351	8.33058
run_0079.root	16513	-26.897	1.03719
run_0079.root	16596	-30.9225	20.1055
run_0079.root	16609	-37.6083	7.5159
run_0079.root	16912	-25.8434	12.5313
run_0079.root	17073	-22.1622	1.31796
run_0079.root	17092	-25.7879	0.787479
run_0079.root	17145	-26.2173	1.00449
run_0079.root	17208	-96.518	13.8091
run_0079.root	17299	-52.3477	9.99979
run_0079.root	17364	-33.2682	4.27662
run_0079.root	17562	-29.7614	0.929137
run_0079.root	17624	-26.0047	2.28417
run_0079.root	17820	-56.1234	4.82942
run_0079.root	17944	-42.6037	3.27011
run_0079.root	17958	-26.425	1.84998
run_0079.root	18104	-31.9631	1.07453
run_0079.root	18673	-25.9645	9.63272
run_0079.root	18736	-47.7637	2.35841
run_0079.root	18737	-47.7637	2.35841
run_0079.root	19131	-20.1768	4.57745
run_0079.root	19199	-57.8636	7.74817
run_0079.root	19392	-27.2745	62.3864
run_0079.root	19512	-63.0261	36.0434
run_0079.root	19611	-31.5573	4.28927
run_0079.root	20021	-40.7237	2.22419
run_0079.root	20063	-40.3092	2.33131
run_0079.root	20064	-40.3092	2.33131
run_0079.root	20132	-38.1987	1.05832
run_0079.root	20244	-56.7076	46.1827
run_0079.root	20428	-20.5503	0.30492
run_0079.root	20851	-45.247	8.2517
run_0079.root	21414	-37.599	3.55276
run_0079.root	21692	-24.1147	1.09174
run_0079.root	21885	-31.3227	4.26365
run_0079.root	22386	-45.8547	5.92242
run_0079.root	22445	-41.9937	5.95931
run_0079.root	22583	-25.8372	864.221
run_0079.root	22587	-60.1324	18.9328
run_0079.root	22797	-23.1164	0.211599
run_0079.root	22799	-33.2663	2.51186
run_0079.root	23172	-50.4887	10.2549
run_0079.root	23285	-33.8536	3.60889
run_0079.root	23772	-34.4247	5.27956
run_0079.root	23850	-21.3062	1.5086
run_0079.root	23867	-34.1891	0.923204
run_0079.root	24117	-22.6404	1.99664
run_0079.root	24297	-20.1399	23.5242
run_0079.root	24356	-45.1256	2.82636
run_0079.root	25064	-22.1601	706.647
run_0079.root	25102	-21.9655	1.01597
run_0079.root	25447	-41.8525	8.57179
run_0079.root	25492	-28.8951	19.7169
run_0079.root	25690	-47.3556	3.59517
run_0079.root	25777	-37.8249	0.15261
run_0079.root	25795	-25.5021	0.854795
run_0079.root	25990	-38.4423	1.53526
run_0079.root	26204	-42.2224	18.3178
run_0079.root	26331	-48.1103	3.51959
run_0079.root	27129	-52.2876	4.87255
run_0079.root	27299	-32.2203	4.76952
run_0079.root	27444	-20.2764	0.483248
run_0079.root	27533	-26.772	2.56022
run_0079.root	27790	-21.1244	149.978
run_0079.root	28052	-29.4326	4.26251
run_0079.root	28575	-37.5223	2.83298
run_0079.root	29255	-47.0085	5.03043
run_0079.root	29278	-33.587	2.22173
run_0079.root	29344	-38.7341	2.20335
run_0079.root	29449	-30.2718	1.66429
run_0079.root	29489	-29.1549	2.32118
run_0079.root	29725	-38.2838	1.40305
run_0079.root	29738	-27.7663	761.005
run_0079.root	30151	-38.7887	5.00566
run_0079.root	30806	-27.8732	0.663992
run_0079.root	31067	-33.078	9.04137
run_0079.root	31074	-34.6803	1.48912
run_0079.root	31473	-57.7722	6.29886
run_0079.root	31668	-69.3651	14.1993
run_0079.root	31894	-60.0139	4.88557
run_0079.root	32029	-22.1959	0.636834
run_0079.root	32247	-26.2457	0.432192
run_0079.root	32793	-47.7416	6.62109
run_0079.root	33069	-35.7775	1.72206
run_0079.root	33133	-24.9623	1.07448
run_0079.root	33173	-50.2741	4.63576
run_0079.root	33313	-50.8922	4.27987
run_0079.root	33428	-31.2832	0.52738
run_0079.root	34177	-21.3298	1.54368
run_0079.root	34206	-37.5356	4.76575
run_0079.root	34244	-46.9303	5.86146
run_0079.root	34272	-24.4529	2.02112
run_0079.root	34629	-27.6586	16.523
run_0079.root	34721	-23.4802	3.63083
run_0079.root	34728	-49.6838	7.08749
run_0079.root	34753	-40.6735	16.265
run_0079.root	34835	-27.1736	37.5065
run_0079.root	35020	-21.2822	3.10233
run_0079.root	35120	-60.9479	5.46552
run_0079.root	35315	-65.4964	6.30059
run_0079.root	35505	-38.8894	6.21216
run_0079.root	35538	-31.514	2.27847
run_0079.root	35738	-26.5627	187.342
run_0079.root	35952	-66.5788	13.0631
run_0079.root	36126	-24.1292	3.44884
run_0079.root	36177	-40.853	3.22853
run_0079.root	36317	-34.637	28.3811
run_0079.root	36560	-46.5014	19.2775
run_0079.root	36694	-36.7888	27.9727
run_0079.root	37078	-30.193	1.66058
run_0079.root	37121	-53.7309	5.08764
run_0079.root	37209	-35.8839	3.10013
run_0079.root	37292	-32.3993	5.88958
run_0079.root	37358	-21.6046	1.94549
run_0079.root	37702	-26.5735	11.0053
run_0079.root	37770	-46.0901	2.55213
run_0079.root	37818	-28.7343	1.26658
run_0079.root	38013	-50.4533	3.0972
run_0079.root	38030	-40.0315	9.95302
run_0079.root	38217	-20.5028	10.0802
run_0079.root	38476	-31.3009	6.42865
run_0079.root	38694	-27.1785	0.823503
run_0079.root	39172	-29.9658	1.47079
run_0079.root	39216	-26.263	603.048
run_0079.root	39468	-26.9103	1.4786
run_0079.root	39519	-27.61	4.94593
run_0079.root	39605	-31.5165	4.65494
run_0079.root	39743	-20.7651	0.408967
run_0079.root	39847	-24.7391	1.24388
run_0079.root	39951	-58.9838	7.98571
run_0079.root	40346	-45.7231	5.04267
run_0079.root	40469	-25.9381	1.64604
run_0079.root	40498	-43.4412	7.62956
run_0079.root	40934	-20.1961	6.38032
run_0079.root	41090	-32.7863	1.5337
run_0079.root	41355	-23.2787	0.103706
run_0079.root	41364	-31.9019	1.98781
run_0079.root	41383	-26.6204	18.2033
run_0079.root	41600	-27.6563	2.91306
run_0079.root	41605	-40.3861	2.75789
run_0079.root	41983	-30.5364	1.54741
run_0079.root	42216	-25.9433	8.50417
run_0079.root	42237	-24.1722	30.9139
run_0079.root	42578	-21.2123	3.46223
run_0079.root	42596	-29.4701	2.60348
run_0079.root	42762	-36.8416	4.03239
run_0079.root	42788	-25.425	1.38372
run_0079.root	42798	-22.089	1.15528
run_0079.root	42919	-28.8268	18.8071
run_0079.root	43295	-29.1177	416.957
run_0079.root	43587	-27.6087	2.99543
run_0079.root	43808	-25.4132	17.889
run_0079.root	43846	-49.9835	8.18843
run_0079.root	43890	-22.3606	20.0533
run_0079.root	44084	-42.2773	4.39087
run_0079.root	44393	-25.3391	154.322
run_0079.root	44454	-20.9877	0.55272
run_0079.root	44600	-26.4596	6.52531
run_0079.root	45459	-33.3792	1.47485
run_0079.root	45848	-22.367	283.124
run_0079.root	45853	-42.6139	0.951737
run_0079.root	45856	-39.744	2.23359
run_0079.root	46003	-22.2505	11.641
run_0079.root	46180	-22.7399	81.5047
run_0079.root	46496	-28.1445	1.95148
run_0079.root	46568	-31.3648	75.1194
run_0079.root	46612	-26.4497	0.670793
run_0079.root	46614	-31.1143	572.663
run_0079.root	46646	-39.6319	3.78092
run_0079.root	46771	-23.5744	14.5561
run_0079.root	46807	-28.625	1.51198
run_0079.root	47266	-38.9654	33.2251
run_0079.root	48372	-53.3137	2.47456
run_0079.root	48536	-41.1018	5.93187
run_0079.root	48773	-26.7464	10.6695
run_0079.root	49070	-43.591	4.15937
run_0079.root	49178	-26.8298	5.67527
run_0079.root	49189	-20.6947	0.642186
run_0079.root	49190	-20.6947	0.642186
run_0079.root	49218	-34.5336	5.16374
run_0079.root	49343	-30.4417	1.62388
run_0079.root	49356	-35.5977	2.0904
run_0079.root	49413	-47.3583	2.66907
run_0079.root	49520	-20.5982	19.0236
run_0079.root	49584	-31.3063	6.71075
run_0079.root	49778	-39.7052	3.76387
run_0079.root	49831	-24.6975	0.401498
run_0079.root	49838	-45.2155	23.2191
run_0079.root	50073	-24.7377	0.843387
run_0079.root	50209	-22.4848	3.38118
run_0079.root	50378	-31.8167	1.94851
run_0079.root	50452	-28.6558	0.0825497
run_0079.root	50455	-22.9264	7.74994
run_0079.root	51091	-45.9871	2.21385
run_0079.root	51104	-20.1951	0.86104
run_0079.root	51285	-33.0313	1.32635
run_0079.root	51773	-38.7166	10.5953
run_0079.root	51992	-37.7995	8.98309
run_0079.root	52008	-25.9841	0.506538
run_0079.root	52067	-36.8836	1.87541
run_0079.root	52087	-47.6468	6.79332
run_0079.root	52274	-43.7367	3.82598
run_0079.root	52465	-129.978	5.97165
run_0079.root	52671	-45.6524	6.25454
run_0079.root	52808	-21.5112	177.739
run_0079.root	52847	-37.1188	0.596724
run_0079.root	52880	-45.4299	7.73703
run_0079.root	53120	-36.6738	6.32045
run_0079.root	53488	-62.1414	9.12575
run_0079.root	53579	-25.0617	4.36225
run_0079.root	53599	-34.2189	1.04168
run_0079.root	53684	-44.6901	14.4468
run_0079.root	53685	-83.5198	3.65365
run_0079.root	53823	-21.1003	1.53946
run_0079.root	53936	-34.7752	10.1768
run_0079.root	53963	-28.3937	13.3175
run_0079.root	54048	-47.7192	4.51658
run_0079.root	54295	-36.5647	2.29349
run_0079.root	54661	-41.9959	4.89622
run_0079.root	54741	-31.2033	1.01351
run_0079.root	54756	-25.4627	0.89512
run_0079.root	54983	-44.1515	2.57492
run_0079.root	55722	-69.2678	12.0847
run_0079.root	55836	-23.1876	1025.61
run_0079.root	56123	-32.1384	8.81083
run_0079.root	56621	-21.6576	6.34945
run_0079.root	56845	-24.1375	1.18749
run_0079.root	56846	-24.1375	1.18749
run_0079.root	57088	-23.7345	29.4776
run_0079.root	57109	-49.7849	15.6206
run_0079.root	57186	-38.1547	6.50237
run_0079.root	57561	-26.7088	0.987341
run_0079.root	57803	-22.2945	2204.08
run_0079.root	58091	-23.4646	1.06284
run_0079.root	58359	-46.3771	3.98145
run_0079.root	58593	-39.0298	13.8201
run_0079.root	58612	-28.2425	2.32482
run_0079.root	58748	-55.217	5.88994
run_0079.root	59082	-35.914	4.90512
run_0079.root	59368	-40.3364	24892.6
run_0079.root	59477	-58.1247	5.8694
run_0079.root	59543	-39.8958	5.52432
run_0079.root	59553	-67.7505	7.53774
run_0079.root	59559	-54.5338	206.064
run_0079.root	59749	-31.4498	2.90816
run_0079.root	59882	-23.0102	5.33727
run_0079.root	59893	-30.4286	1.29692
run_0079.root	60064	-36.619	1.72348
run_0079.root	60233	-29.9938	0.548788
run_0079.root	60240	-22.9609	25.3928
run_0079.root	60499	-54.2716	4.4086
run_0079.root	60722	-24.0017	1.30828
run_0079.root	60731	-48.6801	5.58116
run_0079.root	60746	-56.676	7.66953
run_0079.root	60914	-22.8256	1.19548
run_0079.root	61344	-56.8506	10.2982
run_0079.root	61844	-42.2371	1.17145
run_0079.root	62174	-34.0459	2.42903
run_0079.root	62261	-20.3455	1.86959
run_0079.root	62354	-21.3902	4.04632
run_0079.root	62390	-46.5485	8.17587
run_0079.root	62451	-20.8394	39232.4
run_0079.root	62459	-22.1715	64.4706
run_0079.root	62537	-44.3911	2.57562
run_0079.root	62861	-24.3248	3.09365
run_0079.root	63000	-25.628	7.1644
run_0079.root	63139	-22.5924	1.23962
run_0079.root	63714	-37.4782	3.51953
run_0079.root	63783	-44.8144	3.3853
run_0079.root	64061	-31.9597	2.87743
run_0079.root	64097	-32.3914	2.57001
run_0079.root	64297	-33.4	2.80577
run_0079.root	64444	-48.1931	6.19057
run_0079.root	64484	-41.6297	1.24615
run_0079.root	64626	-52.6372	4.3001
run_0079.root	64658	-45.1957	10.6678
run_0079.root	64985	-69.4224	9.00833
run_0079.root	65363	-38.1265	6.10893
run_0079.root	65505	-43.6119	7.71437
run_0079.root	65641	-51.8489	5.07946
run_0079.root	65967	-21.8279	32.45
run_0079.root	66325	-58.4922	7.47376
run_0079.root	66711	-43.0586	13.0232
run_0079.root	66750	-84.6295	0.809237
run_0079.root	66767	-23.2233	8.73452
run_0079.root	66932	-31.8236	7.41771
run_0079.root	66996	-30.0868	1.00286
run_0079.root	67057	-55.7269	6.5409
run_0079.root	67097	-23.0552	2.87014
run_0079.root	67132	-22.3659	45.2008
run_0080.root	12	-27.4216	29.6723
run_0080.root	158	-45.2128	2.18777
run_0080.root	260	-29.8913	5.7185
run_0080.root	345	-32.2851	3.47649
run_0080.root	621	-26.0762	4.27315
run_0080.root	673	-36.4453	5.02504
run_0080.root	847	-41.3612	9.10312
run_0080.root	992	-24.0033	2.6488
run_0080.root	1095	-31.4561	2.6339
run_0080.root	1199	-44.765	7.66699
run_0080.root	1318	-49.2307	6.01794
run_0080.root	1373	-37.4435	2.29595
run_0080.root	1597	-45.2887	2.52046
run_0080.root	1639	-20.251	0.905072
run_0080.root	1652	-46.1014	5.29154
run_0080.root	1682	-21.1988	16.3543
run_0080.root	1770	-50.2276	4.42887
run_0080.root	1782	-20.3746	6.55405
run_0080.root	2031	-43.5904	2.77322
run_0080.root	2225	-23.8026	606.993
run_0080.root	2320	-34.5734	2.64911
run_0080.root	2511	-23.5747	2.12348
run_0080.root	2936	-66.973	18.8155
run_0080.root	3164	-23.5897	246.555
run_0080.root	3309	-20.2416	0.707255
run_0080.root	3537	-29.8388	16.2878
run_0080.root	3673	-64.4342	10.0604
run_0080.root	3759	-48.1122	9.52869
run_0080.root	4289	-25.7848	3.20646
run_0080.root	4422	-37.1892	9.55827
run_0080.root	4460	-66.0935	16.508
run_0080.root	4523	-29.4025	1.98152
run_0080.root	4603	-72.2682	14.5926
run_0080.root	4720	-36.8957	5.73338
run_0080.root	4728	-21.807	4.32921
run_0080.root	4874	-37.113	3.85276
run_0080.root	5002	-31.9582	3.36987
run_0080.root	5048	-25.7937	0.551551
run_0080.root	5080	-22.7305	0.409133
run_0080.root	5093	-21.9925	1.18702
run_0080.root	5202	-20.0466	0.935081
run_0080.root	5203	-20.0466	0.935081
run_0080.root	5355	-25.3427	511.843
run_0080.root	5415	-20.9081	0.715396
run_0080.root	5643	-87.4947	8.17814
run_0080.root	5652	-28.9687	3.11885
run_0080.root	5887	-24.937	245.035
run_0080.root	6380	-28.5126	2.7811
run_0080.root	6384	-55.7772	5.28092
run_0080.root	6446	-22.514	0.21586
run_0080.root	7065	-31.2238	10.124
run_0080.root	7428	-20.5779	1.28707
run_0080.root	7585	-47.0323	5.19229
run_0080.root	7602	-57.7053	7.39103
run_0080.root	7777	-24.81	2.36638
run_0080.root	8324	-55.6794	48.8971
run_0080.root	8353	-46.9145	12.4516
run_0080.root	8417	-44.5002	3.84562
run_0080.root	8671	-55.7365	6.80577
run_0080.root	8672	-55.7365	6.80577
run_0080.root	8772	-21.5011	0.775321
run_0080.root	8879	-64.5901	7.8551
run_0080.root	9089	-22.6881	2.22402
run_0080.root	9194	-30.5034	1.05397
run_0080.root	9266	-21.4369	1.23846
run_0080.root	9754	-54.1878	8.37394
run_0080.root	9846	-43.8481	6.9348
run_0080.root	9867	-34.434	1.42702
run_0080.root	9903	-21.3855	74.7702
run_0080.root	10229	-64.1037	9.39086
run_0080.root	10254	-44.5163	3.57765
run_0080.root	10414	-36.6229	2.05383
run_0080.root	10797	-58.3441	5.99885
run_0080.root	11399	-23.4937	1.01229
run_0080.root	11457	-27.7934	18.0658
run_0080.root	11830	-28.238	5.83717
run_0080.root	11949	-20.2019	19.1451
run_0080.root	12018	-31.9057	1.28785
run_0080.root	12769	-22.9051	1.02996
run_0080.root	12831	-21.0391	1.95779
run_0080.root	13114	-21.1067	10.1404
run_0080.root	13586	-51.6464	11.5096
run_0080.root	13593	-24.4494	1.65237
run_0080.root	13757	-31.5058	64.0457
run_0080.root	13847	-39.6441	1.34549
run_0080.root	14121	-34.1753	7.13472
run_0080.root	14382	-33.6563	1.29918
run_0080.root	14432	-51.5424	6.39542
run_0080.root	14433	-36.7809	3.11524
run_0080.root	14439	-33.7433	2.15179
run_0080.root	14661	-34.337	4.33653
run_0080.root	14804	-38.8104	2.03388
run_0080.root	14809	-20.603	0.474218
run_0080.root	15219	-44.8846	2.1051
run_0080.root	15244	-46.2744	2.11354
run_0080.root	15376	-37.4665	14.4165
run_0080.root	15591	-21.5519	0.75629
run_0080.root	15705	-24.6631	51.6826
run_0080.root	15840	-32.3297	1.93638
run_0080.root	16230	-32.1883	1.91486
run_0080.root	16359	-43.847	7.32343
run_0080.root	16430	-24.6033	6.53194
run_0080.root	16763	-27.2062	6.49786
run_0080.root	16933	-28.1573	5.38817
run_0080.root	17165	-37.8495	0.806279
run_0080.root	17237	-26.8961	1.67895
run_0080.root	17275	-21.321	1.35082
run_0080.root	17687	-23.7978	0.660935
run_0080.root	17911	-39.7499	2.79523
run_0080.root	18040	-53.1905	9.3977
run_0080.root	18289	-49.0619	4.17769
run_0080.root	18568	-37.0605	4.43404
run_0080.root	18618	-36.1414	3.24601
run_0080.root	18816	-21.3711	1.76479
run_0080.root	18941	-23.767	0.50064
run_0080.root	18954	-32.8402	3.67025
run_0080.root	19342	-23.268	1.07823
run_0080.root	19522	-43.5582	8.0416
run_0080.root	19750	-23.8189	1.24954
run_0080.root	19955	-27.8041	5.23387
run_0080.root	19986	-21.6014	3.09071
run_0080.root	20216	-50.4911	6.19371
run_0080.root	20227	-21.383	2.00263
run_0080.root	20484	-29.6538	249.631
run_0080.root	20723	-36.3164	7.34686
run_0080.root	20753	-21.5028	0.576165
run_0080.root	20982	-20.1927	4.47931
run_0080.root	21296	-34.6743	2.46786
run_0080.root	21548	-61.4133	22.2096
run_0080.root	21648	-29.6364	1.08091
run_0080.root	21775	-22.4827	1.91802
run_0080.root	21776	-22.4827	1.91802
run_0080.root	21782	-22.4002	1.70023
run_0080.root	22151	-43.4187	2.99882
run_0080.root	22152	-43.4187	2.99882
run_0080.root	22322	-31.6695	275.541
run_0080.root	22482	-22.0939	0.646565
run_0080.root	22565	-31.9528	2.85842
run_0080.root	22966	-25.7118	2.21074
run_0080.root	23080	-49.0097	5.97836
run_0080.root	23160	-23.3441	11.3809
run_0080.root	23589	-28.0855	3.02328
run_0080.root	23746	-48.3291	2051.35
run_0080.root	24117	-28.0859	431.297
run_0080.root	24197	-41.2934	4.50882
run_0080.root	24245	-49.091	2.2939
run_0080.root	24429	-26.3991	3.91423
run_0080.root	24601	-33.4562	1.01683
run_0080.root	24918	-20.1284	3.09007
run_0080.root	24997	-29.7198	3.47935
run_0080.root	25268	-21.648	3.57327
run_0080.root	25297	-22.2395	3.97216
run_0080.root	25874	-54.8702	11.8724
run_0080.root	26204	-37.1931	3.15429
run_0080.root	26243	-25.1666	2.3262
run_0080.root	26253	-49.9942	6.8677
run_0080.root	26349	-22.0279	4.87041
run_0080.root	26358	-26.6424	1.8374
run_0080.root	26791	-26.8068	1.02359
run_0080.root	27006	-59.0213	8.9048
run_0080.root	27038	-25.5078	7.65812
run_0080.root	27087	-25.3648	1.54294
run_0080.root	27106	-24.3489	2.73999
run_0080.root	27230	-34.9295	2.53177
run_0080.root	27464	-33.9586	3.01742
run_0080.root	27510	-33.1746	1.09642
run_0080.root	27536	-65.6391	8.04633
run_0080.root	27581	-24.1302	2.52123
run_0080.root	27735	-44.3846	5.06667
run_0080.root	27828	-36.5783	11.011
run_0080.root	27935	-21.3173	0.910253
run_0080.root	28227	-37.7053	0.767135
run_0080.root	28261	-40.095	3.52848
run_0080.root	28282	-40.4736	5.7421
run_0080.root	28335	-42.9133	5.69711
run_0080.root	28452	-39.7391	5.67309
run_0080.root	28453	-39.7391	5.67309
run_0080.root	28686	-29.9398	0.477925
run_0080.root	29302	-34.9308	3.05416
run_0080.root	29608	-32.2281	7.1141
run_0080.root	29788	-44.8871	3.83802
run_0080.root	30069	-37.2801	3.02859
run_0080.root	30434	-32.6572	5.14326
run_0080.root	30633	-45.0437	3.39886
run_0080.root	30944	-21.0903	0.905969
run_0080.root	31164	-27.1254	176.007
run_0080.root	31185	-39.5339	63.7533
run_0080.root	31207	-24.0345	3.96644
run_0080.root	31633	-37.5501	2.97152
run_0080.root	31863	-30.2374	4.03171
run_0080.root	31946	-30.538	18.2443
run_0080.root	31990	-32.5571	4.88667
run_0080.root	32037	-40.4981	2.29472
run_0080.root	32269	-24.8428	0.446639
run_0080.root	32449	-27.9907	5.38898
run_0080.root	32571	-30.6853	4.35313
run_0080.root	32602	-20.6738	1.35105
run_0080.root	32620	-29.0428	9485.62
run_0080.root	33287	-67.8507	8.84536
run_0080.root	33397	-35.5981	2.37429
run_0080.root	33424	-43.2387	2.04442
run_0080.root	33470	-39.4803	2.62493
run_0080.root	33682	-32.2776	3.89362
run_0080.root	33763	-22.9578	0.900818
run_0080.root	34272	-26.7764	39.9648
run_0080.root	34286	-45.6576	836.148
run_0080.root	34287	-46.5399	2.80199
run_0080.root	34307	-22.5837	8.81299
run_0080.root	34379	-31.223	290.743
run_0080.root	34741	-54.1686	6.46135
run_0080.root	35229	-22.4384	0.854319
run_0080.root	35279	-36.7343	1.38608
run_0080.root	35530	-28.122	8.52396
run_0080.root	35558	-44.0272	2.30561
run_0080.root	35598	-40.2196	1.33808
run_0080.root	35669	-33.0089	1.60638
run_0080.root	35759	-70.5406	52.4588
run_0080.root	35808	-20.8238	4.824
run_0080.root	36129	-22.2808	0.741954
run_0080.root	36184	-39.3354	1.91333
run_0080.root	36355	-29.6263	1.55333
run_0080.root	36452	-38.7816	3.88814
run_0080.root	36743	-25.4509	1.6018
run_0080.root	36773	-36.4043	10.2024
run_0080.root	37057	-22.1171	2.53895
run_0080.root	37078	-30.6083	7.35316
run_0080.root	37098	-28.5536	2.71089
run_0080.root	37125	-26.5966	3.03311
run_0080.root	37208	-30.9041	1.22707
run_0080.root	37301	-20.2904	16.6441
run_0080.root	37392	-36.9384	4.78836
run_0080.root	37430	-20.8575	1.854
run_0080.root	37463	-30.4846	4.7656
run_0080.root	37612	-51.8867	2.0321
run_0080.root	37711	-20.7945	5.00364
run_0080.root	38282	-24.9252	4.72486
run_0080.root	38368	-36.4909	1.58588
run_0080.root	38506	-31.0654	10.9143
run_0080.root	38515	-26.0984	0.724198
run_0080.root	38678	-22.9982	0.370918
run_0080.root	39648	-33.6442	26.0726
run_0080.root	39883	-51.1776	7.71552
run_0080.root	39982	-48.6532	3.26624
run_0080.root	40219	-26.2361	1.55424
run_0080.root	40938	-47.5685	1.87669
run_0080.root	41119	-44.4528	5.82271
run_0080.root	41336	-21.2468	3.8
run_0080.root	41345	-29.6065	2.18046
run_0080.root	41447	-71.4557	5.24905
run_0080.root	41568	-34.0165	1.46645
run_0080.root	41905	-35.9268	19.1403
run_0080.root	42152	-23.6938	1.7621
run_0080.root	42181	-48.9339	3.19385
run_0080.root	42323	-22.69	3.69152
run_0080.root	43068	-45.5962	4.0915
run_0080.root	43381	-35.8024	1.14004
run_0080.root	43548	-106.991	28.6363
run_0080.root	43627	-29.6851	1.73555
run_0080.root	43649	-47.0415	4744.5
run_0080.root	43767	-37.7186	0.930484
run_0080.root	43830	-24.9129	0.802689
run_0080.root	43893	-35.1332	5.24555
run_0080.root	43977	-28.3439	10.2719
run_0080.root	43999	-33.7663	3.29973
run_0080.root	44010	-49.3605	6.30664
run_0080.root	44657	-47.5736	14.6635
run_0080.root	44669	-29.811	1.17729
run_0080.root	44725	-28.8924	1.56729
run_0080.root	44853	-29.2724	3.14481
run_0080.root	45084	-20.4297	2.13723
run_0080.root	45178	-43.74	1.44569
run_0080.root	45423	-23.6848	0.118916
run_0080.root	45445	-21.8814	1.4008
run_0080.root	45879	-26.6712	7.3599
run_0080.root	45913	-44.3491	5.00321
run_0080.root	45999	-31.081	1.4343
run_0080.root	46049	-72.669	7.87562
run_0080.root	46674	-63.8862	6.97137
run_0080.root	46895	-39.2465	3.3503
run_0080.root	47387	-70.2323	8.56599
run_0080.root	47420	-39.6018	3.13829
run_0080.root	47548	-30.3527	4.41653
run_0080.root	47552	-52.4604	4.55319
run_0080.root	47625	-39.1142	4.0524
run_0080.root	47674	-27.3269	0.139404
run_0080.root	48339	-23.47	5.973
run_0080.root	48432	-46.7758	14.9813
run_0080.root	48577	-28.9192	2.14726
run_0080.root	48671	-23.6918	23.4757
run_0080.root	48899	-35.6811	0.923364
run_0080.root	49075	-99.0369	11.511
run_0080.root	49128	-20.6403	1188.53
run_0080.root	49901	-20.9582	0.936402
run_0080.root	49911	-29.2246	21.5953
run_0080.root	49940	-41.5518	1.37975
run_0080.root	49976	-22.2044	0.705323
run_0080.root	50377	-26.4821	0.810434
run_0080.root	50558	-36.5233	6.23373
run_0080.root	50799	-28.3635	2.34525
run_0080.root	50850	-47.7408	7.22175
run_0080.root	50945	-27.7176	2.75466
run_0080.root	50952	-45.5229	2.86939
run_0080.root	50976	-42.9612	5.4525
run_0080.root	51480	-40.2727	23.0122
run_0080.root	51929	-25.8679	887.09
run_0080.root	51931	-55.7973	7.90849
run_0080.root	52010	-28.2625	0.588053
run_0080.root	52074	-27.7961	18.3942
run_0080.root	52591	-58.2488	5.57092
run_0080.root	52627	-24.162	200.719
run_0080.root	52657	-25.6168	0.267025
run_0080.root	52714	-21.6378	0.548418
run_0080.root	52872	-28.1465	2.63687
run_0080.root	53016	-65.5698	9.26561
run_0080.root	53070	-39.2477	17.0857
run_0080.root	53364	-40.4065	4.74167
run_0080.root	53440	-24.1007	0.123631
run_0080.root	53484	-24.3594	4.41484
run_0080.root	53527	-21.2875	5.22582
run_0080.root	53632	-41.9272	3.13851
run_0080.root	53646	-31.091	18.1675
run_0080.root	53820	-35.5546	2.28646
run_0080.root	54084	-23.2971	2.97332
run_0080.root	54188	-44.3064	3.90504
run_0080.root	54531	-37.0313	10.1737
run_0080.root	54704	-79.2995	7.87128
run_0080.root	54883	-32.0288	4.56127
run_0080.root	54991	-40.7393	5.67386
run_0080.root	55059	-31.1243	4.83107
run_0080.root	55164	-36.7699	3.5147
run_0080.root	55185	-37.9706	4.54332
run_0080.root	55292	-45.1202	4.71722
run_0080.root	55358	-34.9404	1.17027
run_0080.root	55889	-43.3456	16.5219
run_0080.root	56045	-32.9199	3.6284
run_0080.root	56046	-39.1215	6.94439
run_0080.root	57172	-35.6502	2.9252
run_0080.root	57216	-26.5777	1.0919
run_0080.root	57539	-43.2773	5.73448
run_0080.root	57946	-28.383	1.46977
run_0080.root	57959	-25.5162	1.0943
run_0080.root	57988	-53.1197	29.2303
run_0080.root	58351	-31.1488	2.45614
run_0080.root	58576	-31.0854	14.4705
run_0080.root	58879	-45.593	9.91177
run_0080.root	58902	-32.3161	1.8815
run_0080.root	58964	-30.4632	0.656089
run_0080.root	59308	-68.0152	12.3503
run_0080.root	59512	-36.2078	0.668584
run_0081.root	213	-41.7796	7.17811
run_0081.root	293	-31.9679	33.2356
run_0081.root	435	-32.4799	0.58736
run_0081.root	537	-30.0994	1.89131
run_0081.root	632	-42.9227	4.36531
run_0081.root	736	-21.4498	0.361868
run_0081.root	916	-90.3114	35.2003
run_0081.root	988	-27.7869	2.48006
run_0081.root	1121	-23.26	5.18848
run_0081.root	1160	-31.5285	2.39129
run_0081.root	1845	-25.0754	1.15697
run_0081.root	2323	-74.8223	4.85439
run_0081.root	2437	-50.4129	3.65107
run_0081.root	2478	-48.922	422.583
run_0081.root	2488	-29.5113	31.2455
run_0081.root	2602	-34.4613	2.36687
run_0081.root	2609	-61.5249	16.2163
run_0081.root	2792	-22.5128	1.2151
run_0081.root	3013	-20.7593	0.388346
run_0081.root	3049	-36.4491	2.44777
run_0081.root	3099	-28.3151	2.18636
run_0081.root	3210	-21.381	0.762938
run_0081.root	3359	-33.7898	746.272
run_0081.root	3841	-32.311	21.0304
run_0081.root	4057	-68.9863	9.34453
run_0081.root	4321	-20.3977	4.54613
run_0081.root	4575	-22.2344	0.529416
run_0081.root	4789	-23.0472	6.14051
run_0081.root	5567	-24.1442	1.40253
run_0081.root	5587	-20.8215	3.25714
run_0081.root	5943	-51.4423	5.04341
run_0081.root	5970	-31.4474	2.80276
run_0081.root	6515	-24.5688	32.3384
run_0081.root	6698	-48.8389	3.75848
run_0081.root	6758	-26.1392	0.370832
run_0081.root	6879	-41.5449	2.87671
run_0081.root	6924	-45.6312	3.7276
run_0081.root	7057	-30.4618	10.3213
run_0081.root	7139	-25.8355	0.927439
run_0081.root	7316	-35.6359	0.995896
run_0081.root	7449	-23.6053	14.2919
run_0081.root	7466	-28.22	0.599252
run_0081.root	7551	-22.4473	1.0421
run_0081.root	7703	-28.7176	0.92961
run_0081.root	8123	-26.2043	200.622
run_0081.root	8392	-26.6572	1.00977
run_0081.root	8410	-37.82	4.75244
run_0081.root	8446	-30.8836	4.70022
run_0081.root	8448	-55.2748	8.1678
run_0081.root	8476	-47.5721	40.2851
run_0081.root	9248	-33.7728	1.30873
run_0081.root	9268	-56.4097	7.71311
run_0081.root	9602	-59.9083	7.19402
run_0081.root	9778	-28.009	4511.59
run_0081.root	10170	-53.626	4.22146
run_0081.root	10176	-52.4359	13.4743
run_0081.root	10261	-20.3321	0.935107
run_0081.root	10499	-34.7023	1.78797
run_0081.root	10705	-20.8696	2.2397
run_0081.root	10756	-51.1331	4.43064
run_0081.root	10949	-20.5046	7.16475
run_0081.root	11002	-53.5816	5.19557
run_0081.root	11005	-30.9542	1.3866
run_0081.root	11030	-52.0612	2.96197
run_0081.root	11044	-68.4744	9.65446
run_0081.root	11411	-37.3708	1.09725
run_0081.root	11700	-36.5032	5.47841
run_0081.root	11807	-64.2416	11.5103
run_0081.root	11948	-25.93	4.8033
run_0081.root	11980	-26.9218	3.05483
run_0081.root	11991	-25.297	7.23168
run_0081.root	12296	-53.6085	2.63884
run_0081.root	12463	-54.332	4.83788
run_0081.root	12485	-27.6124	0.804048
run_0081.root	12493	-53.5441	3.02908
run_0081.root	12591	-47.4064	5.89464
run_0081.root	12644	-23.7287	6.30134
run_0081.root	13038	-42.3676	10.6501
run_0081.root	13304	-32.6018	0.942872
run_0081.root	13353	-34.381	5.29866
run_0081.root	13481	-67.6155	12.6845
run_0081.root	13523	-29.2654	2.62696
run_0081.root	13550	-62.0769	18.3332
run_0081.root	13602	-43.47	4.27193
run_0081.root	13638	-22.0662	2.71522
run_0081.root	13881	-25.6697	6.68007
run_0081.root	13889	-33.9408	5.56437
run_0081.root	14680	-34.4262	38.1552
run_0081.root	14756	-105.13	16.0695
run_0081.root	14798	-44.3006	2.89524
run_0081.root	15098	-42.3314	333.867
run_0081.root	15391	-34.0681	45.3969
run_0081.root	15467	-33.8744	13.9098
run_0081.root	15535	-26.3045	0.928383
run_0081.root	16500	-21.6641	0.888462
run_0081.root	16817	-30.6175	1.0718
run_0081.root	16856	-31.2675	4.01474
run_0081.root	16985	-21.227	1.05081
run_0081.root	17308	-37.7909	2.6968
run_0081.root	17361	-21.165	1.68766
run_0081.root	17393	-40.3365	2.43313
run_0081.root	17929	-34.5269	3.82001
run_0081.root	18094	-39.3343	0.748502
run_0081.root	18137	-23.9684	0.419393
run_0081.root	18265	-40.2966	3.99742
run_0081.root	18458	-24.9837	0.945988
run_0081.root	18506	-31.2	0.705686
run_0081.root	18783	-20.2406	38.1341
run_0081.root	18833	-23.7244	6.93198
run_0081.root	19237	-28.5903	2.26736
run_0081.root	19280	-53.5068	6.32631
run_0081.root	19289	-69.5602	18.0389
run_0081.root	19320	-32.2708	1.47824
run_0081.root	19392	-30.2516	4.48699
run_0081.root	19759	-33.1721	2.04056
run_0081.root	19992	-38.5024	3.41699
run_0081.root	20224	-35.7608	1.88696
run_0081.root	20394	-24.8491	2.14923
run_0081.root	20521	-57.7486	14.7067
run_0081.root	20593	-26.3631	3.62494
run_0081.root	20686	-26.9814	10.8117
run_0081.root	21223	-44.9157	3.09315
run_0081.root	21563	-21.633	67.8586
run_0081.root	21684	-38.9751	4.82695
run_0081.root	22168	-53.4427	8.33684
run_0081.root	22199	-25.5112	0.942638
run_0081.root	22447	-34.6848	2.82584
run_0081.root	22448	-34.6848	2.82584
run_0081.root	22791	-60.0917	5.3534
run_0081.root	23013	-46.6404	5.90986
run_0081.root	23278	-39.652	3.10759
run_0081.root	23740	-34.3827	86.1774
run_0081.root	23867	-46.5571	8.75899
run_0081.root	24006	-29.2665	10.9843
run_0081.root	24208	-22.4456	32.7175
run_0081.root	24233	-24.5484	6.44891
run_0081.root	24504	-27.0739	2.70054
run_0081.root	24640	-43.0211	3.11034
run_0081.root	24687	-49.5509	4.04134
run_0081.root	24768	-49.8507	2.61311
run_0081.root	24936	-34.7051	9.34766
run_0081.root	24993	-47.9139	3.81924
run_0081.root	25042	-20.8601	2.04027
run_0081.root	25092	-30.7586	8.48247
run_0081.root	25157	-57.1581	5.88156
run_0081.root	25663	-41.5457	2.76618
run_0081.root	25786	-23.6796	2.34422
run_0081.root	25916	-25.8933	1.82981
run_0081.root	26069	-34.9161	6.05858
run_0081.root	26166	-20.8726	2.61246
run_0081.root	26207	-29.4925	1081.1
run_0081.root	26350	-40.8439	1.77786
run_0081.root	26463	-47.3178	2.37536
run_0081.root	26621	-38.9188	7.18616
run_0081.root	26873	-29.0219	29.9306
run_0081.root	26989	-66.4307	9.03698
run_0081.root	27018	-52.069	4.50575
run_0081.root	27019	-52.069	4.50575
run_0081.root	27329	-64.4151	12.4727
run_0081.root	27496	-23.312	4.29436
run_0081.root	27678	-30.6012	1.9468
run_0081.root	28382	-41.715	4.56068
run_0081.root	28551	-23.8363	4.91068
run_0081.root	28635	-66.2793	14.0111
run_0081.root	28696	-22.5362	0.780525
run_0081.root	28967	-21.2544	0.785457
run_0081.root	29028	-52.4171	6.31348
run_0081.root	29284	-36.88	1.8675
run_0081.root	29397	-38.8746	4.20013
run_0081.root	29470	-23.6093	1.33511
run_0081.root	29492	-47.5998	7.66228
run_0081.root	29607	-46.0665	4.78336
run_0081.root	29664	-55.4952	5.18762
run_0081.root	29687	-41.9538	2.97775
run_0081.root	30127	-29.7175	0.913471
run_0081.root	30617	-21.7315	0.414849
run_0081.root	30733	-21.8577	0.624395
run_0081.root	30794	-32.5201	2.19513
run_0081.root	30867	-29.763	27.8227
run_0081.root	31174	-37.3272	2.68443
run_0081.root	31178	-27.7396	1.14872
run_0081.root	31195	-37.7223	2.54824
run_0081.root	31382	-33.3191	12.3216
run_0081.root	31644	-29.5395	0.604264
run_0081.root	31767	-45.2306	9.3022
run_0081.root	31779	-21.8429	984.043
run_0081.root	31848	-20.4389	0.879846
run_0081.root	32238	-32.3215	1.65039
run_0081.root	32474	-126.073	0.584519
run_0081.root	32502	-30.2163	5.03609
run_0081.root	32622	-36.7483	3.19173
run_0081.root	32730	-29.7761	9.5751
run_0081.root	32735	-24.5979	3.16196
run_0081.root	32794	-34.2449	2.58317
run_0081.root	32947	-35.2803	2.98576
run_0081.root	32994	-62.1146	3.81376
run_0081.root	32995	-62.1146	3.81376
run_0081.root	33074	-46.9671	4.71034
run_0081.root	33202	-30.8417	5.93017
run_0081.root	33323	-26.1197	1.59533
run_0081.root	33364	-34.3819	4.81166
run_0081.root	34115	-22.5235	5.7716
run_0081.root	34254	-29.9965	2.69419
run_0081.root	34255	-29.9965	2.69419
run_0081.root	34639	-108.375	10.879
run_0081.root	34767	-24.6794	7.81279
run_0081.root	34772	-30.7777	3.8961
run_0081.root	34809	-40.5743	3.60972
run_0081.root	34895	-52.7284	3.72387
run_0081.root	34978	-22.6442	391.635
run_0081.root	34981	-39.2215	2.51963
run_0081.root	34984	-41.354	2.3758
run_0081.root	35116	-46.9694	2.58777
run_0081.root	35297	-23.6402	2.513
run_0081.root	35378	-33.1098	6.68287
run_0081.root	35727	-21.2012	41.045
run_0081.root	36542	-23.0212	1.07721
run_0081.root	36629	-23.9405	7.14419
run_0081.root	37076	-54.6552	7.57445
run_0081.root	37268	-29.4288	1.71899
run_0081.root	37360	-20.9988	1.22941
run_0081.root	37474	-37.4662	1.26453
run_0081.root	37503	-55.819	4.85565
run_0081.root	37625	-24.3839	2.2609
run_0081.root	37632	-24.6555	0.906005
run_0081.root	37905	-30.6241	3.4365
run_0081.root	38045	-30.6901	9.05065
run_0081.root	38270	-29.6948	1.31673
run_0081.root	38473	-26.2503	2.8643
run_0081.root	38549	-40.0901	2.1553
run_0081.root	38834	-27.2615	0.915772
run_0081.root	38872	-35.6139	5.79534
run_0081.root	38920	-45.0073	5.2772
run_0081.root	38921	-28.7464	20.0909
run_0081.root	39396	-22.2354	3.45408
run_0081.root	39635	-31.0293	5.17022
run_0081.root	39685	-45.0519	3.08924
run_0081.root	39801	-23.2516	2.70989
run_0081.root	39845	-34.0401	6.69542
run_0081.root	40621	-40.9825	2.52113
run_0081.root	41125	-23.6597	18.7316
run_0081.root	41169	-26.16	4.88846
run_0081.root	41199	-20.5487	9.73314
run_0081.root	41254	-35.2465	5.8896
run_0081.root	41309	-38.7027	2.31076
run_0081.root	41312	-32.0446	2.45239
run_0081.root	41343	-26.233	0.764662
run_0081.root	41457	-54.1008	16.2909
run_0081.root	42041	-29.6234	5.09981
run_0081.root	42065	-51.8221	8.58177
run_0081.root	42320	-22.0857	757.737
run_0081.root	42785	-34.6459	11.055
run_0081.root	42830	-29.129	1.27929
run_0081.root	43028	-37.3477	3.65306
run_0081.root	43051	-20.3001	4.16807
run_0081.root	43117	-22.9385	2.94761
run_0081.root	43161	-48.7406	9.32969
run_0081.root	43593	-27.8948	9.78827
run_0081.root	43801	-31.4758	6.18702
run_0081.root	43955	-35.4582	33.417
run_0081.root	44274	-36.8578	6.92812
run_0081.root	44370	-43.436	2.55452
run_0081.root	44580	-38.9391	2.07677
run_0081.root	44662	-45.9766	3.37137
run_0081.root	44707	-40.2584	2.07603
run_0081.root	44731	-47.2754	6.93079
run_0081.root	45477	-23.1905	3.23968
run_0081.root	45506	-32.7261	2.0961
run_0081.root	45675	-26.4413	1.66666
run_0081.root	45894	-37.1834	0.439189
run_0081.root	46308	-44.0631	1.88557
run_0081.root	46742	-23.1477	2.92086
run_0081.root	46838	-46.7569	8.57385
run_0081.root	46855	-58.4653	7.99717
run_0081.root	47236	-49.7564	4.89858
run_0081.root	47268	-28.6248	7.92133
run_0081.root	47498	-25.563	0.625781
run_0081.root	47759	-21.1323	0.498971
run_0081.root	47969	-24.464	0.593172
run_0081.root	48516	-21.7233	1.04785
run_0081.root	49102	-42.2818	2.55104
run_0081.root	49347	-20.8126	1.73731
run_0081.root	49432	-24.3847	10.1128
run_0081.root	49795	-28.2591	0.700715
run_0081.root	49836	-48.2423	4.56635
run_0081.root	49936	-31.2437	1.13135
run_0081.root	50048	-38.9308	1.03292
run_0081.root	50768	-41.1984	4.29412
run_0081.root	50777	-58.2615	11.6887
run_0081.root	50847	-27.0862	40.2753
run_0081.root	51454	-57.7087	5.56867
run_0081.root	51514	-53.6646	3.43572
run_0081.root	51577	-23.3238	1.1778
run_0081.root	51719	-28.6915	6.22957
run_0081.root	51934	-33.4369	2.10051
run_0081.root	52078	-25.6499	3.81854
run_0081.root	52210	-27.323	13.4689
run_0081.root	52251	-27.1592	2.42802
run_0081.root	52565	-45.7337	16.1327
run_0081.root	52867	-43.8335	2.77673
run_0081.root	52925	-43.6103	4.20183
run_0081.root	52942	-25.4631	4.54927
run_0081.root	53525	-32.0137	2.51547
run_0081.root	53534	-24.2503	3.76624
run_0081.root	53658	-20.9112	1.15335
run_0081.root	53725	-44.8749	2.37199
run_0081.root	54153	-32.5408	3.60327
run_0081.root	54383	-47.5172	21.0666
run_0081.root	54405	-24.088	0.951434
run_0081.root	55083	-25.8512	1.18787
run_0081.root	55117	-21.0539	6.51468
run_0081.root	55318	-50.3074	6.93165
run_0081.root	55336	-28.6068	0.679065
run_0081.root	55716	-21.8444	5.9242
run_0081.root	55751	-20.3183	9.9101
run_0081.root	55817	-24.9616	3.68609
run_0081.root	55829	-44.8619	2.70184
run_0081.root	56205	-28.7795	2.85852
run_0081.root	56345	-23.2169	3.08064
run_0081.root	56454	-37.7507	2.20696
run_0081.root	56465	-42.5401	1.31586
run_0081.root	56486	-48.8615	4.25329
run_0081.root	56555	-30.2506	4.17726
run_0082.root	103	-20.9858	0.671384
run_0082.root	138	-31.7888	3.28992
run_0082.root	181	-28.1701	3.51473
run_0082.root	694	-30.1593	2.61293
run_0082.root	884	-27.5515	1157.9
run_0082.root	946	-49.4995	5.89445
run_0082.root	1211	-40.7236	5.68076
run_0082.root	1508	-43.6754	1.52893
run_0082.root	1671	-93.8599	16.2789
run_0082.root	1678	-24.6772	1.05086
run_0082.root	1824	-24.2447	12.3279
run_0082.root	1997	-39.601	1.81737
run_0082.root	2298	-22.059	1.30463
run_0082.root	2361	-29.454	4.49726
run_0082.root	2363	-38.1857	4.31374
run_0082.root	2378	-34.0915	5.16081
run_0082.root	2752	-32.4921	1.13266
run_0082.root	3016	-43.0077	9.35215
run_0082.root	3183	-32.9826	0.805853
run_0082.root	3401	-49.4488	3.11106
run_0082.root	4095	-30.7478	4.71434
run_0082.root	4731	-62.2818	8.35345
run_0082.root	4987	-33.6194	3.62938
run_0082.root	5320	-51.1031	3.69875
run_0082.root	5404	-21.558	1.54544
run_0082.root	5467	-29.983	2.56285
run_0082.root	5742	-23.3664	24.8807
run_0082.root	5761	-21.7255	1.51626
run_0082.root	5896	-52.3783	5.18261
run_0082.root	6153	-34.1485	3.11564
run_0082.root	6235	-58.8447	46.0446
run_0082.root	6592	-26.0079	1.49077
run_0082.root	6598	-20.8166	5.8202
run_0082.root	6652	-33.7443	3.35045
run_0082.root	6816	-41.2272	3.81188
run_0082.root	7042	-28.5208	6.1416
run_0082.root	7085	-27.3191	1.64835
run_0082.root	7444	-35.4932	1.67518
run_0082.root	7701	-43.2855	12.2905
run_0082.root	7895	-25.8171	244.259
run_0082.root	8233	-48.6963	10.3711
run_0082.root	8256	-21.0085	1277.54
run_0082.root	8463	-42.349	2.50607
run_0082.root	8529	-53.5026	5.72258
run_0082.root	8757	-35.6656	2.29825
run_0082.root	9389	-24.819	1.53818
run_0082.root	9727	-36.2649	0.0784265
run_0082.root	9921	-36.3231	3.29119
run_0082.root	10491	-47.5307	7.88579
run_0082.root	11321	-24.8931	2.3005
run_0082.root	11475	-35.8486	8.27534
run_0082.root	11477	-70.7811	20.8106
run_0082.root	11492	-29.0077	0.765061
run_0082.root	11592	-32.9247	2.19491
run_0082.root	11641	-23.1256	0.400911
run_0082.root	11658	-27.4533	0.880527
run_0082.root	11696	-22.212	0.610133
run_0082.root	11999	-22.9745	0.911878
run_0082.root	12585	-57.2298	13.0468
run_0082.root	12594	-73.0846	3.33798
run_0082.root	12702	-35.629	1761.47
run_0082.root	12978	-26.9697	64.0883
run_0082.root	13349	-37.3425	4.92272
run_0082.root	13387	-34.183	2.48611
run_0082.root	13422	-48.4872	2.58824
run_0082.root	13450	-36.7137	2.30631
run_0082.root	13484	-22.2192	61.3144
run_0082.root	13509	-52.9211	5.5923
run_0082.root	13763	-55.5882	5.00486
run_0082.root	13898	-55.5028	7.51033
run_0082.root	13924	-45.0463	231168
run_0082.root	14031	-21.3615	0.300214
run_0082.root	14115	-26.6046	59.089
run_0082.root	14246	-39.0435	17.2235
run_0082.root	14255	-41.3661	43.2338
run_0082.root	14401	-27.3521	6.71593
run_0082.root	14800	-25.1355	0.765346
run_0082.root	14931	-29.8709	0.890137
run_0082.root	15046	-31.2453	4.07764
run_0082.root	15129	-21.2766	1.40045
run_0082.root	15247	-64.6623	8.8469
run_0082.root	15452	-22.0211	1.37437
run_0082.root	15638	-34.0492	1.80621
run_0082.root	15684	-21.0282	92.6674
run_0082.root	15740	-32.3833	3.8488
run_0082.root	15878	-57.9459	6.98934
run_0082.root	15919	-49.3932	5.17903
run_0082.root	16108	-41.1251	1.42347
run_0082.root	16940	-22.6566	4.00846
run_0082.root	16941	-22.6566	4.00846
run_0082.root	17012	-117.677	16.199
run_0082.root	17427	-36.8337	4.92358
run_0082.root	17681	-59.1342	5.76032
run_0082.root	17809	-20.2999	0.286594
run_0082.root	17864	-41.9743	4.87083
run_0082.root	18531	-50.2021	9.88978
run_0082.root	18944	-25.4884	1.75984
run_0082.root	18962	-25.4029	0.831519
run_0082.root	19318	-30.8943	2.84084
run_0082.root	19487	-31.9428	3746.57
run_0082.root	19519	-41.7736	28.3112
run_0082.root	19756	-21.3285	1.96042
run_0082.root	20005	-27.4421	3.58242
run_0082.root	20018	-45.0095	4.26271
run_0082.root	20097	-63.4153	4.27727
run_0082.root	20192	-32.4886	233.133
run_0082.root	20269	-29.9126	1.94735
run_0082.root	20597	-23.5461	1.26119
run_0082.root	20631	-27.8893	1.93852
run_0082.root	20912	-21.7935	0.696447
run_0082.root	21104	-32.593	2.602
run_0082.root	21257	-36.58	6.38639
run_0082.root	21290	-25.5401	0.511835
run_0082.root	21407	-41.9917	1.3295
run_0082.root	21907	-25.8091	0.749624
run_0082.root	21924	-33.2668	1.17266
run_0082.root	22161	-30.0599	4.83404
run_0082.root	22342	-30.5383	1.24664
run_0082.root	22398	-21.3839	3.30054
run_0082.root	22485	-25.5536	11.1021
run_0082.root	22864	-22.7953	4.56432
run_0082.root	23128	-30.0876	5.42517
run_0082.root	23182	-50.918	4.49608
run_0082.root	23553	-20.871	5.94968
run_0082.root	23711	-40.2582	29.4468
run_0082.root	24028	-40.5664	0.306198
run_0082.root	24114	-24.0697	18.8997
run_0082.root	24115	-24.0697	18.8997
run_0082.root	24494	-47.6403	7.31792
run_0082.root	24595	-22.0498	4.55373
run_0082.root	24870	-20.3528	2.39717
run_0082.root	25126	-21.7755	0.49488
run_0082.root	25304	-54.8644	5.82468
run_0082.root	25349	-27.167	1.70458
run_0082.root	25447	-26.7102	1.7075
run_0082.root	25513	-24.3815	0.768494
run_0082.root	25614	-35.5765	196.813
run_0082.root	25663	-27.0515	3.2636
run_0082.root	25751	-33.1626	27.3524
run_0082.root	25827	-49.9235	6.04884
run_0082.root	25920	-26.9086	3.02552
run_0082.root	26212	-42.4116	2.01097
run_0082.root	26250	-33.8319	1.98058
run_0082.root	26267	-24.0911	0.795416
run_0082.root	26808	-34.0193	1.8275
run_0082.root	26966	-29.2872	2.27009
run_0082.root	27152	-47.2687	11.65
run_0082.root	27636	-22.3292	2.28025
run_0082.root	28007	-42.6701	2.58642
run_0082.root	28150	-21.5358	13.6407
run_0082.root	28224	-40.735	2.85033
run_0082.root	28374	-37.2407	1.44978
run_0082.root	28414	-38.1814	1.78255
run_0082.root	28590	-50.3907	7.69697
run_0082.root	28930	-34.0361	1.87529
run_0082.root	28960	-41.5816	3.6355
run_0082.root	29243	-21.455	4.56916
run_0082.root	29287	-45.4215	3.33727
run_0082.root	29318	-26.9662	1.24811
run_0082.root	29340	-32.3963	1.3395
run_0082.root	29813	-29.2391	1.3979
run_0082.root	30011	-35.9112	1.94823
run_0082.root	30129	-50.509	3.06053
run_0082.root	30234	-25.0995	92.7291
run_0082.root	30947	-55.0804	4.22156
run_0082.root	31407	-25.8746	1.28518
run_0082.root	31431	-41.9662	8.25732
run_0082.root	31519	-48.1162	8.75737
run_0082.root	31588	-27.9254	2.72536
run_0082.root	31823	-22.8913	2.06315
run_0082.root	31946	-26.2774	0.614961
run_0082.root	32239	-30.3823	18.4396
run_0082.root	32307	-41.4822	9.25557
run_0082.root	32371	-26.406	23.3888
run_0082.root	32390	-24.3055	1.40391
run_0082.root	32632	-20.3341	40.9228
run_0082.root	32717	-21.4889	45.9844
run_0082.root	32720	-26.4785	8.27396
run_0082.root	32807	-41.8834	0.158365
run_0082.root	32826	-22.7236	0.842714
run_0082.root	32847	-20.3506	7.67007
run_0082.root	32848	-20.3506	7.67007
run_0082.root	33815	-33.0494	8.19888
run_0082.root	33843	-30.0765	0.989769
run_0082.root	33847	-32.5077	0.843158
run_0082.root	33954	-30.7162	5.17066
run_0082.root	34269	-21.0293	0.561453
run_0082.root	34370	-20.6694	0.738222
run_0082.root	34562	-27.0725	288.052
run_0082.root	34849	-25.5795	0.616844
run_0082.root	35086	-31.8137	1.07703
run_0082.root	35089	-21.9655	2974.23
run_0082.root	35190	-53.3445	9.80519
run_0082.root	35370	-28.6738	5.62424
run_0082.root	35620	-59.3148	4.10699
run_0082.root	35786	-21.9857	0.831134
run_0082.root	36007	-23.8958	4.71596
run_0082.root	36236	-24.6523	1.90844
run_0082.root	36514	-24.9005	2.84456
run_0082.root	36755	-55.1207	13.7674
run_0082.root	36848	-46.8999	6.83313
run_0082.root	36958	-24.3582	0.822332
run_0082.root	37156	-37.9393	9.65597
run_0082.root	37526	-42.9873	28.1862
run_0082.root	37586	-35.5091	4.80294
run_0082.root	37674	-30.9061	2.33914
run_0082.root	38217	-24.7212	1.84409
run_0082.root	38634	-40.5512	4.0454
run_0082.root	38835	-24.3705	2.84355
run_0082.root	38911	-29.3252	5.80372
run_0082.root	39516	-39.0637	1.55485
run_0082.root	39570	-26.6231	15.6933
run_0082.root	39616	-28.6743	0.849196
run_0082.root	39904	-42.2134	1.32558
run_0082.root	40419	-22.2671	6.67282
run_0082.root	40434	-35.5416	3.08768
run_0082.root	40499	-23.5784	33.4828
run_0082.root	40620	-21.5314	7.98444
run_0082.root	40951	-26.2412	247.53
run_0082.root	41001	-33.8615	9.51319
run_0082.root	41004	-25.9768	0.530703
run_0082.root	41033	-30.4703	1.14687
run_0082.root	41051	-21.0204	155.729
run_0082.root	41231	-35.4048	2.35056
run_0082.root	41310	-26.7065	0.211792
run_0082.root	41431	-28.3247	43.9195
run_0082.root	41514	-44.4029	2.33376
run_0082.root	41656	-41.2512	8.19472
run_0082.root	41687	-42.6222	5.42647
run_0082.root	41823	-52.6277	9.93768
run_0082.root	41954	-21.4041	5.53726
run_0082.root	42000	-49.8605	1.70672
run_0082.root	42037	-44.739	4.51441
run_0082.root	42412	-22.8157	2.87903
run_0082.root	42500	-21.7419	5.40878
run_0082.root	42757	-21.824	0.901953
run_0082.root	43075	-36.4645	3.94292
run_0082.root	43156	-54.2531	15.0929
run_0082.root	43234	-37.471	7.53105
run_0082.root	43386	-22.6486	239.926
run_0082.root	43430	-44.1328	2.70401
run_0082.root	44183	-39.0158	3.89694
run_0082.root	44184	-20.1463	22.7326
run_0082.root	44250	-21.5628	7.72257
run_0082.root	44251	-27.9944	5.09412
run_0082.root	44541	-37.4636	3.67824
run_0082.root	44739	-38.9929	4.64781
run_0082.root	45015	-35.9384	2.82325
run_0082.root	45532	-27.3068	2.14592
run_0082.root	45755	-37.8192	3.41221
run_0082.root	46176	-36.9807	1.17977
run_0082.root	46491	-46.5054	4.56537
run_0082.root	46592	-24.9011	6.79946
run_0082.root	46814	-35.6382	3.01038
run_0082.root	47008	-34.152	0.736247
run_0082.root	47126	-55.3268	7.14606
run_0082.root	47183	-20.5566	0.918953
run_0082.root	47218	-20.2228	7.6484
run_0082.root	47240	-44.1892	3.38769
run_0082.root	47260	-20.4945	1.43947
run_0082.root	47287	-35.1249	3.39813
run_0082.root	47310	-58.3762	12.0483
run_0082.root	47495	-32.5698	1.4294
run_0082.root	47799	-53.4995	10.3682
run_0082.root	47960	-31.7657	4.22541
run_0082.root	48125	-59.4315	98.2098
run_0082.root	48418	-20.5388	9.53585
run_0082.root	48457	-35.902	2.21902
run_0082.root	48507	-29.8096	6.23525
run_0082.root	48591	-20.7283	1.02049
run_0082.root	48727	-38.006	1.49561
run_0082.root	48846	-30.6172	6.79466
run_0082.root	49041	-36.23	1.93234
run_0082.root	49146	-20.1211	33.2957
run_0082.root	49236	-26.4167	1.35248
run_0082.root	49315	-40.7432	2.2089
run_0082.root	49534	-35.2034	1.95933
run_0082.root	49688	-26.0935	0.75565
run_0082.root	49708	-50.8201	11.3764
run_0082.root	49778	-33.0782	6.59568
run_0082.root	49819	-39.4528	2.40582
run_0082.root	49867	-26.2256	7.86647
run_0082.root	49917	-23.8621	0.0635151
run_0082.root	50702	-38.2947	5.81353
run_0082.root	50940	-37.9949	6.24529
run_0082.root	51375	-20.4849	0.750657
run_0082.root	51854	-24.7902	1.63734
run_0082.root	51884	-20.6311	5.90398
run_0082.root	51937	-33.3948	5.66183
run_0082.root	51995	-24.9741	6.13248
run_0082.root	52422	-43.756	3.81125
run_0082.root	52430	-20.7141	0.798985
run_0082.root	52751	-21.2181	8.44734
run_0082.root	52829	-34.4674	4.18831
run_0082.root	52859	-21.7232	1.10021
run_0082.root	53334	-33.9783	4.56282
run_0082.root	53692	-32.3439	4.02148
run_0082.root	53944	-37.5245	3.33103
run_0082.root	54003	-37.048	1.46756
run_0082.root	54207	-56.0753	2.84554
run_0082.root	54283	-53.0501	4.77346
run_0082.root	54291	-30.4142	7.05167
run_0082.root	54292	-30.4142	7.05167
run_0082.root	54484	-54.1639	10.7463
run_0082.root	54605	-38.2923	4.26645
run_0082.root	55235	-59.6369	14.2095
run_0082.root	55284	-22.6905	3.31206
run_0082.root	55620	-23.4405	3.35932
run_0082.root	55660	-42.5052	4.54261
run_0082.root	55668	-33.4268	3.33059
run_0082.root	55740	-21.4484	1.20459
run_0082.root	55763	-23.8838	820.438
run_0082.root	55860	-51.6068	7.49659
run_0082.root	56355	-20.5641	1.24466
run_0082.root	56433	-32.7047	1.67815
run_0082.root	56820	-29.5732	6.97599
run_0082.root	56869	-42.5281	5.82372
run_0082.root	57260	-47.2459	11.4204
run_0082.root	57492	-22.9959	1.12871
run_0082.root	57729	-26.0253	0.760437
run_0082.root	57776	-24.3877	7.25185
run_0082.root	57795	-40.1465	1.77912
run_0082.root	57893	-30.838	4.41022
run_0082.root	57935	-49.7252	4.30407
run_0082.root	58646	-37.1133	5.824
run_0082.root	58733	-28.9264	3.72817
run_0082.root	58933	-20.3158	1.22788
run_0082.root	59123	-38.3903	19.022
run_0082.root	59302	-32.7468	5.0841
run_0082.root	59535	-25.0092	1.22942
run_0082.root	59674	-34.467	1.59919
run_0082.root	59708	-27.4167	6.55921
run_0082.root	59717	-20.6794	4.43813
run_0082.root	59826	-28.2192	1.55641
run_0082.root	59831	-28.5625	1.42056
run_0082.root	59992	-22.0361	5.51852
run_0082.root	60087	-40.0177	4.60154
run_0082.root	60173	-31.8519	16.6465
run_0082.root	60339	-37.579	1.34729
run_0082.root	60798	-44.3813	4.66481
run_0082.root	60944	-32.6973	38.702
run_0082.root	61224	-21.8018	1.21974
run_0082.root	61321	-73.6399	15.9743
run_0082.root	61425	-30.2802	2.88832
run_0082.root	61479	-35.7062	4.72025
run_0082.root	61808	-47.1648	4.48729
run_0082.root	61906	-31.0395	2.61227
run_0082.root	61988	-33.1665	1.66288
run_0082.root	62049	-37.8734	7.92739
run_0083.root	187	-23.6707	3.31431
run_0083.root	538	-31.861	3.37013
run_0083.root	1116	-35.3395	2.2467
run_0083.root	1294	-45.2036	8.13255
run_0083.root	1360	-40.3347	3.30139
run_0083.root	1381	-40.0821	1.90773
run_0083.root	1565	-52.3614	10.0918
run_0083.root	1750	-20.2057	4.82826
run_0083.root	1954	-29.5106	3.34539
run_0083.root	2202	-39.4025	2.61526
run_0083.root	2304	-60.9678	11.1134
run_0083.root	2510	-35.7807	5.74095
run_0083.root	2623	-31.735	2.38111
run_0083.root	3178	-48.6038	3.07723
run_0083.root	3494	-49.006	3.28812
run_0083.root	3495	-49.006	3.28812
run_0083.root	3497	-30.6073	11.2672
run_0083.root	3501	-35.6337	16.0616
run_0083.root	4042	-39.5535	6.94958
run_0083.root	4116	-23.4759	4.22352
run_0083.root	4405	-28.1229	3.84225
run_0083.root	4619	-24.0161	19.1074
run_0083.root	4709	-22.016	53.0896
run_0083.root	5202	-34.0967	4.94608
run_0083.root	5410	-39.9183	2.62655
run_0083.root	5448	-34.1968	2.63951
run_0083.root	5613	-37.7676	1.69518
run_0083.root	5766	-45.7364	2.28018
run_0083.root	5924	-38.1351	2.3872
run_0083.root	5981	-32.2003	3.83286
run_0083.root	6076	-25.2823	1.27196
run_0083.root	6417	-21.0602	1.52469
run_0083.root	6594	-21.4386	108.08
run_0083.root	6620	-27.5837	0.848388
run_0083.root	7218	-37.7099	2.97578
run_0083.root	7529	-48.3559	2.73768
run_0083.root	7665	-27.0901	0.931735
run_0083.root	7726	-27.1553	0.753594
run_0083.root	7907	-42.7257	8.46543
run_0083.root	7916	-26.7727	40.3438
run_0083.root	8092	-29.6848	7.43118
run_0083.root	8591	-25.932	44.3044
run_0083.root	8644	-33.6622	2.51483
run_0083.root	8674	-28.4876	0.824792
run_0083.root	8861	-26.4655	3845.94
run_0083.root	9222	-30.4396	1.03655
run_0083.root	9249	-39.9458	6.24746
run_0083.root	9918	-24.4673	1.88105
run_0083.root	9960	-20.8612	2.48854
run_0083.root	10043	-20.0667	5.02947
run_0083.root	10203	-24.6969	3.34373
run_0083.root	10255	-25.4039	2.25639
run_0083.root	10307	-23.2684	66.2994
run_0083.root	10525	-41.7136	2.3024
run_0083.root	10540	-20.0306	1.32335
run_0083.root	10657	-29.8717	5.32585
run_0083.root	10793	-32.3669	3.16055
run_0083.root	10986	-39.4143	16.6084
run_0083.root	11068	-27.093	2.1299
run_0083.root	11167	-41.1625	32.873
run_0083.root	11607	-29.3398	4.07774
run_0083.root	12069	-39.8745	4.52549
run_0083.root	12169	-24.2008	3.54796
run_0083.root	12494	-20.5649	702.824
run_0083.root	12522	-47.867	4.00861
run_0083.root	12677	-22.177	1.66737
run_0083.root	12714	-29.8724	6.90871
run_0083.root	12758	-26.0714	0.963524
run_0083.root	12979	-42.8278	3.01206
run_0083.root	13049	-71.8394	15.6508
run_0083.root	13104	-53.7014	5.02365
run_0083.root	13121	-32.9024	4.4454
run_0083.root	13298	-43.9171	7.40694
run_0083.root	13403	-32.6845	2.10091
run_0083.root	13531	-33.1952	5.82172
run_0083.root	13553	-27.2328	52.8897
run_0083.root	14024	-22.4001	0.940351
run_0083.root	14107	-46.4208	5.90436
run_0083.root	14241	-22.6116	3.89541
run_0083.root	14400	-31.2592	1.5404
run_0083.root	14405	-48.46	4.81674
run_0083.root	14848	-24.0814	2.08618
run_0083.root	14965	-33.4589	18.1381
run_0083.root	15074	-36.0062	1.39848
run_0083.root	15094	-20.7656	0.504122
run_0083.root	15095	-20.7656	0.504122
run_0083.root	15151	-36.2927	2.07088
run_0083.root	15247	-48.1586	4.22444
run_0083.root	15377	-24.0063	0.281213
run_0083.root	15709	-31.8307	14.7043
run_0083.root	15953	-37.7986	4.56938
run_0083.root	15993	-36.4703	1.98756
run_0083.root	16181	-51.9526	4.41252
run_0083.root	16463	-45.0936	6.49673
run_0083.root	16920	-40.6728	2.66005
run_0083.root	17676	-25.7447	1.68151
run_0083.root	17926	-40.9843	4.18759
run_0083.root	17934	-20.1033	125.416
run_0083.root	18234	-29.127	1.05829
run_0083.root	18354	-29.3271	10.6886
run_0083.root	18526	-23.4158	1.13184
run_0083.root	18974	-23.1994	0.497075
run_0083.root	18975	-23.1994	0.497075
run_0083.root	19152	-24.2849	37.955
run_0083.root	19197	-27.5626	0.896645
run_0083.root	19240	-30.9945	6.84085
run_0083.root	19270	-36.8925	2.43561
run_0083.root	19340	-29.3363	2.01791
run_0083.root	19738	-48.5568	10.6672
run_0083.root	19768	-31.7488	1.79932
run_0083.root	19789	-33.4173	23.9267
run_0083.root	20027	-28.8318	7.48368
run_0083.root	20107	-32.8326	67.5236
run_0083.root	20245	-50.4189	3.34113
run_0083.root	20254	-23.6451	0.686374
run_0083.root	20395	-35.9018	1.49827
run_0083.root	20770	-32.4546	2.77247
run_0083.root	20868	-24.9798	0.856219
run_0083.root	20950	-38.0024	4.30856
run_0083.root	21008	-22.741	2.50845
run_0083.root	21073	-48.2853	4.62134
run_0083.root	21132	-65.993	8.20737
run_0083.root	21182	-65.2058	11.0221
run_0083.root	21208	-29.0925	2.11671
run_0083.root	21611	-26.846	5.21166
run_0083.root	21832	-21.4973	2.62816
run_0083.root	21911	-38.6485	1.64912
run_0083.root	21982	-49.8025	9.14783
run_0083.root	22336	-63.5866	10.5475
run_0083.root	22605	-24.9449	0.773968
run_0083.root	22825	-36.2771	5.75722
run_0083.root	22899	-31.0335	1.34677
run_0083.root	23064	-33.9882	2.97102
run_0083.root	23780	-42.839	10.6652
run_0083.root	23813	-22.7583	2.74003
run_0083.root	24073	-23.9636	1.06384
run_0083.root	24247	-26.3414	19.2131
run_0083.root	24898	-25.1711	5.65154
run_0083.root	25471	-23.1244	8.0703
run_0083.root	25790	-40.811	1.17912
run_0083.root	26127	-51.2126	17.1552
run_0083.root	26186	-22.441	1.00404
run_0083.root	26569	-23.1914	29.3767
run_0083.root	26651	-21.3669	272.107
run_0083.root	26894	-37.722	1.41438
run_0083.root	27015	-61.6916	9.9827
run_0083.root	27370	-36.9239	2.31129
run_0083.root	28019	-36.1809	5.49868
run_0083.root	28020	-42.0293	2.97691
run_0083.root	28337	-31.5139	7839.3
run_0083.root	28343	-41.0463	21.4819
run_0083.root	28381	-30.1692	2.19768
run_0083.root	28570	-61.0982	7.5021
run_0083.root	28796	-41.0495	40.1
run_0083.root	28881	-31.625	8.44571
run_0083.root	28901	-22.5353	4.59844
run_0083.root	28939	-20.4895	10.5775
run_0083.root	28957	-27.8354	94.2514
run_0083.root	29415	-21.7299	25.8331
run_0083.root	29596	-20.4194	0.445666
run_0083.root	30009	-42.2642	3.49903
run_0083.root	30271	-45.0469	4.76174
run_0083.root	30319	-24.7984	2731.93
run_0083.root	30729	-67.8395	12.0372
run_0083.root	31130	-52.1233	6.46946
run_0083.root	31449	-43.7683	14.1552
run_0083.root	31756	-29.555	129.601
run_0083.root	31804	-37.0159	19.1394
run_0083.root	32243	-25.2114	0.576966
run_0083.root	32463	-23.3657	3.88018
run_0083.root	32963	-42.8726	8.07343
run_0083.root	33301	-26.958	0.567872
run_0083.root	33399	-28.6014	3.11913
run_0083.root	34241	-24.003	4.22832
run_0083.root	34264	-60.7203	69.785
run_0083.root	34992	-25.203	2.12393
run_0083.root	35048	-30.6709	1.42198
run_0083.root	35288	-21.2732	3.4401
run_0083.root	35420	-33.4808	2.29004
run_0083.root	35527	-93.4253	59.3687
run_0083.root	35695	-62.726	3.4744
run_0083.root	35783	-26.944	5.96517
run_0083.root	35832	-32.5889	4.86545
run_0083.root	35931	-22.1382	1.46613
run_0083.root	36160	-21.0237	8.55798
run_0083.root	36208	-49.728	5.25797
run_0083.root	36682	-43.6385	1.12933
run_0083.root	36723	-36.2006	2.37068
run_0083.root	36827	-41.3741	2.31557
run_0083.root	37378	-38.364	2.91315
run_0083.root	37569	-51.933	2.25448
run_0083.root	38593	-31.4532	4.92736
run_0083.root	38901	-29.6658	9.26952
run_0083.root	39151	-41.8539	5.52096
run_0083.root	39315	-33.6561	1.53133
run_0083.root	39337	-26.672	9.9021
run_0083.root	39453	-30.0074	6.7285
run_0083.root	39539	-24.4331	3.43156
run_0083.root	39716	-21.5754	0.619841
run_0083.root	39888	-22.4774	92.8386
run_0083.root	40365	-33.0572	7.75583
run_0083.root	40457	-22.0744	0.484213
run_0083.root	40477	-42.2806	44.4159
run_0083.root	40536	-37.1065	3.96767
run_0083.root	40614	-20.7956	1.61102
run_0083.root	40980	-24.3361	0.866559
run_0083.root	41180	-34.3165	28.703
run_0083.root	41214	-21.5144	5.62502
run_0083.root	41344	-29.7127	69.2117
run_0083.root	41367	-33.204	2.14262
run_0083.root	41381	-20.3019	0.371909
run_0083.root	42660	-38.1452	2.42929
run_0083.root	42930	-34.018	4.08728
run_0083.root	43607	-33.2065	0.932209
run_0083.root	43611	-44.3041	13.8845
run_0083.root	44059	-27.4749	2.85631
run_0083.root	44151	-31.9487	96.1758
run_0083.root	44343	-20.5294	7.94517
run_0083.root	44838	-21.9374	0.960306
run_0083.root	44973	-52.3499	4.39948
run_0083.root	45156	-30.4293	3.26832
run_0083.root	45197	-33.7061	1.20608
run_0083.root	45237	-39.9846	3.10374
run_0083.root	45470	-22.9664	9.62128
run_0083.root	45649	-64.0897	7.05338
run_0083.root	45771	-20.9963	1.5829
run_0083.root	45970	-37.147	1.93696
run_0083.root	46012	-69.6083	12.2964
run_0083.root	46172	-34.9032	26.3104
run_0083.root	46779	-34.9906	1.42869
run_0083.root	46780	-34.9906	1.42869
run_0083.root	46861	-62.1668	5.36283
run_0083.root	46984	-36.5284	3.30741
run_0083.root	47153	-21.5428	0.956069
run_0083.root	47243	-24.3594	15.7418
run_0083.root	47259	-20.3067	2.49899
run_0083.root	47322	-20.4207	1.61549
run_0083.root	47324	-26.8064	0.931314
run_0083.root	47850	-28.1542	90.0491
run_0083.root	48243	-38.8537	2.09686
run_0083.root	48593	-29.6601	0.0662409
run_0083.root	48956	-41.4189	2.36984
run_0083.root	49223	-31.0436	2.27738
run_0083.root	49890	-23.9816	66.7223
run_0083.root	50079	-40.178	4.96946
run_0083.root	50561	-32.2963	4.93748
run_0083.root	50689	-33.1792	1.04005
run_0083.root	50967	-36.8413	3.36816
run_0083.root	51231	-47.1522	8.78537
run_0083.root	51312	-21.6151	449.167
run_0083.root	51405	-21.5607	3.47656
run_0083.root	51470	-56.5564	5.84293
run_0083.root	51893	-55.4024	8.77019
run_0083.root	52058	-38.0917	5.23445
run_0083.root	52176	-54.8922	1.67604
run_0083.root	52332	-50.4119	5.58211
run_0083.root	52457	-41.588	6.50426
run_0083.root	52507	-21.5257	1.21239
run_0083.root	52688	-23.6175	4.47689
run_0083.root	52766	-23.0041	39.4816
run_0083.root	52814	-44.4264	3.56759
run_0083.root	53175	-21.9984	3.2358
run_0083.root	53897	-26.8074	0.897262
run_0083.root	54157	-23.3515	0.705843
run_0083.root	54398	-33.7307	2.61395
run_0083.root	54417	-23.5465	2.5443
run_0083.root	54461	-26.7051	1.0219
run_0083.root	54477	-143.334	5.59783
run_0083.root	54958	-37.3185	2.50401
run_0083.root	55033	-58.0042	4.40122
run_0083.root	55185	-31.5028	3.15954
run_0083.root	55469	-22.9478	1768.24
run_0083.root	55567	-42.0499	5.41748
run_0083.root	55666	-21.2465	1.36906
run_0083.root	55789	-46.4141	2.51435
run_0083.root	55851	-37.7317	22.457
run_0083.root	56049	-22.7318	2.98543
run_0083.root	56084	-20.7469	1.3254
run_0083.root	56176	-32.3493	31.3501
run_0083.root	56228	-79.5055	15.3353
run_0083.root	56283	-20.9742	4.93196
run_0083.root	56798	-23.4332	0.584969
run_0083.root	56800	-32.0819	6.20354
run_0083.root	56905	-24.0713	3.34035
run_0083.root	56989	-22.8419	233.167
run_0083.root	57101	-27.2455	1.1363
run_0083.root	57721	-24.4808	0.592542
run_0083.root	57976	-24.3597	3.81028
run_0083.root	58065	-46.2744	5.95815
run_0083.root	58197	-48.2966	7.4891
run_0083.root	58219	-34.4791	3.01345
run_0083.root	58515	-38.6768	2.83397
run_0083.root	58611	-21.8803	2.12193
run_0083.root	58659	-35.6837	3.8184
run_0083.root	58758	-35.5573	4.64945
run_0083.root	58768	-39.9063	13.3374
run_0083.root	58982	-27.8764	1.01952
run_0083.root	59037	-27.0138	3.49479
run_0083.root	59164	-47.4605	3.0407
run_0083.root	59223	-41.5077	2.94689
run_0083.root	59539	-22.4296	1.21644
run_0083.root	59600	-24.407	885.005
run_0083.root	59614	-24.6261	4.02053
run_0083.root	59662	-27.1611	2.63456
run_0083.root	60162	-35.5952	4.37619
run_0083.root	60303	-21.3215	3.61909
run_0083.root	60477	-38.4982	4.1127
run_0083.root	60668	-27.2696	9.93128
run_0083.root	60864	-23.6771	27.9943
run_0083.root	61250	-35.8307	1.92203
run_0083.root	61576	-21.6227	13.6463
run_0083.root	61777	-22.0278	2.00931
run_0083.root	61863	-22.6507	14.4431
run_0083.root	62183	-40.4273	2.99337
run_0083.root	62215	-26.2193	8.68268
run_0083.root	62991	-38.5665	9.25264
run_0084.root	136	-41.2137	1.59769
run_0084.root	141	-48.8941	5.50603
run_0084.root	200	-30.5749	2.2552
run_0084.root	230	-31.3663	2.98799
run_0084.root	538	-48.7275	4.3826
run_0084.root	946	-38.2603	6.7803
run_0084.root	1188	-58.3305	4.44201
run_0084.root	1332	-69.0149	4.41171
run_0084.root	1890	-27.9746	1.1832
run_0084.root	2034	-27.6068	25.761
run_0084.root	2480	-28.4189	13.9137
run_0084.root	2489	-23.2211	1.82861
run_0084.root	2921	-41.6659	3.74025
run_0084.root	3062	-30.5349	37.9159
run_0084.root	3712	-33.8866	2.06094
run_0084.root	3994	-42.2729	2.93881
run_0084.root	4011	-27.2814	1.10982
run_0084.root	4406	-24.5222	0.81505
run_0084.root	4430	-67.0734	9.19151
run_0084.root	4750	-20.8832	6.0785
run_0084.root	4832	-40.0376	2.99964
run_0084.root	4840	-25.833	0.60859
run_0084.root	5787	-25.333	2.08014
run_0084.root	6404	-22.5777	1.93676
run_0084.root	6462	-31.0007	18.0543
run_0084.root	6704	-32.2161	109.263
run_0084.root	6868	-27.0619	1.66642
run_0084.root	6956	-32.9068	8.05337
run_0084.root	6963	-21.3107	0.905792
run_0084.root	7066	-29.022	22.7748
run_0084.root	7128	-20.3421	0.376341
run_0084.root	7185	-40.2844	1.50284
run_0084.root	7319	-20.8922	0.37851
run_0084.root	7333	-37.8732	4.14046
run_0084.root	7487	-44.8465	4.36104
run_0084.root	7575	-35.3817	1.08045
run_0084.root	7920	-52.4252	5.72475
run_0084.root	8274	-22.3382	0.536254
run_0084.root	8321	-38.1503	6.83059
run_0084.root	9015	-21.3401	1.38209
run_0084.root	9016	-21.3401	1.38209
run_0084.root	9221	-23.7671	48.1544
run_0084.root	9406	-60.215	4.63974
run_0084.root	9685	-22.1803	0.254533
run_0084.root	9718	-23.4394	1.81795
run_0084.root	9830	-24.611	1.72052
run_0084.root	10030	-23.1112	1.77094
run_0084.root	10139	-28.5317	2.12214
run_0084.root	10367	-39.4878	68.7801
run_0084.root	10507	-27.8028	2.20906
run_0084.root	10739	-24.952	2.33854
run_0084.root	11179	-24.4489	6.4846
run_0084.root	11268	-21.8839	223.664
run_0084.root	11431	-28.4855	1.00978
run_0084.root	11660	-23.4419	2.26649
run_0084.root	11690	-29.7242	2.34933
run_0084.root	11778	-36.0865	2.75073
run_0084.root	11936	-21.6373	0.382048
run_0084.root	11941	-27.1973	0.124407
run_0084.root	12024	-31.455	81.7194
run_0084.root	12033	-39.9107	1.36796
run_0084.root	12045	-49.2137	3.88929
run_0084.root	12135	-44.9129	2.14794
run_0084.root	12178	-22.581	28.9872
run_0084.root	12674	-36.9044	3.40939
run_0084.root	12693	-23.4745	0.693105
run_0084.root	12876	-36.0221	3.72458
run_0084.root	13483	-27.085	1.94557
run_0084.root	13611	-20.5937	0.881467
run_0084.root	14581	-46.2564	2.10987
run_0084.root	14745	-42.0603	197.097
run_0084.root	14828	-69.1919	7.87877
run_0084.root	15160	-37.3685	3.98848
run_0084.root	15294	-22.4031	0.671597
run_0084.root	15454	-25.7558	1.85918
run_0084.root	15585	-24.2669	1.43495
run_0084.root	16133	-29.9164	2.10099
run_0084.root	16253	-62.4927	5.8652
run_0084.root	16523	-20.8498	8.84362
run_0084.root	16667	-20.3259	2.85183
run_0084.root	17579	-63.6627	6.39611
run_0084.root	18014	-28.8712	4.48412
run_0084.root	18015	-28.8712	4.48412
run_0084.root	18518	-44.0343	2.99203
run_0084.root	18547	-20.5172	0.398904
run_0084.root	18548	-20.5172	0.398904
run_0084.root	18549	-20.5172	0.398904
run_0084.root	18691	-23.2473	0.512317
run_0084.root	18988	-36.5962	2.09867
run_0084.root	19066	-26.0452	1.25861
run_0084.root	19436	-30.7634	1.80255
run_0084.root	19572	-43.5532	3.24819
run_0084.root	19579	-26.6578	0.686221
run_0084.root	19794	-59.1372	5.28154
run_0084.root	19902	-32.1762	7.0439
run_0084.root	20145	-28.0925	0.266168
run_0084.root	20146	-28.0925	0.266168
run_0084.root	20162	-23.7531	7.90878
run_0084.root	20896	-22.8491	1.09044
run_0084.root	21156	-136.998	6.40749
run_0084.root	21685	-51.5281	5.39472
run_0084.root	22132	-43.2077	8.12429
run_0084.root	22427	-46.5309	8.8382
run_0084.root	22739	-46.0002	3.1683
run_0084.root	22820	-50.2253	6.15853
run_0084.root	22868	-27.177	2.88259
run_0084.root	23308	-33.7801	7.85954
run_0084.root	23329	-22.2356	4.66033
run_0084.root	23791	-40.8065	1.80836
run_0084.root	23951	-36.7459	0.973899
run_0084.root	24043	-24.0281	6.44655
run_0084.root	24212	-41.0957	3.69244
run_0084.root	24348	-20.6318	1.74707
run_0084.root	24353	-29.619	2.52554
run_0084.root	24687	-51.4667	4.99158
run_0084.root	24698	-43.0957	5.39734
run_0084.root	24746	-31.0303	5.31948
run_0084.root	24980	-43.8037	1.34748
run_0084.root	25166	-37.5108	1.39555
run_0084.root	25438	-34.6047	3.07893
run_0084.root	25716	-51.4916	4.63704
run_0084.root	25756	-40.111	1.10383
run_0084.root	25864	-23.6528	0.738322
run_0084.root	25932	-21.4902	8.20762
run_0084.root	26220	-26.2718	2719.09
run_0084.root	26299	-37.1916	2.78103
run_0084.root	26350	-89.9884	5.93131
run_0084.root	26596	-21.0294	1.57387
run_0084.root	27560	-37.3618	4.04982
run_0084.root	27780	-32.5498	17.0818
run_0084.root	28342	-24.2123	0.797551
run_0084.root	28730	-29.2714	9.74995
run_0084.root	28748	-63.5537	5.43034
run_0084.root	28792	-20.3587	0.275862
run_0084.root	28881	-47.6253	7.38303
run_0084.root	28882	-47.6253	7.38303
run_0084.root	29152	-52.5358	6.21107
run_0084.root	29272	-26.7971	1.31359
run_0084.root	29690	-22.8516	118.11
run_0084.root	30147	-61.8296	40.911
run_0084.root	30163	-76.6349	5.98345
run_0084.root	30409	-23.4542	1.11663
run_0084.root	30458	-28.9346	1.04093
run_0084.root	30740	-36.0295	6.70475
run_0084.root	30754	-20.7416	1.16217
run_0084.root	31103	-29.9975	6.31485
run_0084.root	31333	-38.9652	2.57412
run_0084.root	31542	-27.8785	2.1605
run_0084.root	31614	-44.5229	0.283672
run_0084.root	31756	-42.6887	1.43174
run_0084.root	31856	-39.9804	10.2499
run_0084.root	31978	-50.3432	3.26815
run_0084.root	32029	-49.1144	48.7389
run_0084.root	32277	-43.751	2.01246
run_0084.root	32340	-27.5627	12
run_0084.root	32556	-23.3776	7.30416
run_0084.root	32712	-56.4167	7.67067
run_0084.root	32889	-69.9379	9.41918
run_0084.root	33010	-34.6809	1.46966
run_0084.root	33094	-26.092	1.93794
run_0084.root	33503	-35.402	1.67785
run_0084.root	33614	-27.626	9.00172
run_0084.root	33723	-20.194	3.56497
run_0084.root	33788	-26.6616	0.656148
run_0084.root	34275	-33.7619	4.02565
run_0084.root	34882	-24.2117	1.20329
run_0084.root	34996	-39.1669	4.71835
run_0084.root	35339	-38.2552	2.11892
run_0084.root	35351	-46.4287	3.60428
run_0084.root	35742	-22.9372	3.00586
run_0084.root	35743	-22.9372	3.00586
run_0084.root	36114	-39.6838	6.99347
run_0084.root	36171	-48.1797	3.31936
run_0084.root	36202	-28.5138	103.263
run_0084.root	36297	-42.4346	4.6536
run_0084.root	36688	-33.4992	0.964058
run_0084.root	36772	-41.9681	4.21208
run_0084.root	36845	-31.4675	2.33022
run_0084.root	36993	-27.1896	1.40232
run_0084.root	37068	-29.8672	1.91456
run_0084.root	37168	-21.6116	3.66416
run_0084.root	37218	-32.9838	1.28375
run_0084.root	38127	-36.0254	1.57305
run_0084.root	38165	-32.5167	1.41033
run_0084.root	38175	-28.0794	643.486
run_0084.root	38238	-29.5745	3.69151
run_0084.root	38402	-34.2635	1.14095
run_0084.root	38644	-34.4974	1.4176
run_0084.root	38827	-21.5152	2.08415
run_0084.root	38835	-25.0608	1.90038
run_0084.root	39161	-20.9209	1.28128
run_0084.root	39244	-27.5586	3.0306
run_0084.root	39245	-27.5586	3.0306
run_0084.root	39442	-38.8099	3.9332
run_0084.root	39529	-25.6228	47.5867
run_0084.root	39748	-25.1888	3.98266
run_0084.root	39991	-34.8326	1.21272
run_0084.root	40050	-25.8494	1.04716
run_0084.root	40105	-23.3699	2.95528
run_0084.root	40172	-39.5678	18.2842
run_0084.root	40409	-46.5923	2.69839
run_0084.root	40459	-40.285	5.43393
run_0084.root	40719	-42.8225	6.27043
run_0084.root	40958	-37.1911	3.2007
run_0084.root	41401	-38.7107	4.54021
run_0084.root	42358	-23.2566	8.21155
run_0084.root	42362	-46.8392	8.49634
run_0084.root	43251	-41.7923	2.52799
run_0084.root	43514	-51.045	6.7005
run_0084.root	43571	-31.6475	11.9051
run_0084.root	43942	-54.357	4.09173
run_0084.root	44214	-41.8078	3.5723
run_0084.root	44440	-50.8206	5.80738
run_0084.root	44735	-24.1276	0.459684
run_0084.root	45014	-21.5668	11.362
run_0084.root	45015	-21.5668	11.362
run_0084.root	45556	-35.4425	1.35738
run_0084.root	45619	-30.7223	1.11166
run_0084.root	46026	-33.2981	1.32453
run_0084.root	46383	-33.117	1.28527
run_0084.root	46689	-29.3077	1.92264
run_0084.root	46690	-29.3077	1.92264
run_0084.root	46799	-41.2815	4.07697
run_0084.root	46902	-32.8364	2.882
run_0084.root	46961	-20.607	1.46147
run_0084.root	47124	-48.5989	4.8269
run_0084.root	47162	-37.5266	1.46103
run_0084.root	47300	-29.0821	1.81025
run_0084.root	47320	-37.7007	4.16274
run_0084.root	47452	-44.5091	2.24941
run_0084.root	47671	-45.6478	4.67978
run_0084.root	47773	-23.0675	2.66369
run_0084.root	47791	-44.7149	6.14954
run_0084.root	47851	-38.9432	3.00157
run_0084.root	48320	-52.5155	3.7247
run_0084.root	48321	-52.5155	3.7247
run_0084.root	48414	-41.6575	4.59755
run_0084.root	48648	-29.2273	7.21043
run_0084.root	48755	-33.4853	13.5174
run_0084.root	48878	-36.2319	3.14378
run_0084.root	48919	-37.5294	1.70807
run_0084.root	49078	-29.0241	2.33858
run_0084.root	49160	-48.5005	9.52234
run_0084.root	49290	-40.3103	5.50995
run_0084.root	49858	-31.5089	1.58211
run_0084.root	49885	-50.4944	7.91902
run_0084.root	50042	-21.711	2.46473
run_0084.root	50217	-48.0213	4.72556
run_0084.root	50484	-50.4683	4.21648
run_0084.root	50566	-35.3517	2.45923
run_0084.root	50575	-21.8649	2.86628
run_0084.root	50620	-25.8242	0.838349
run_0084.root	50624	-34.5592	2.24858
run_0084.root	50882	-34.6965	2.05566
run_0084.root	51358	-25.6721	0.660278
run_0084.root	51579	-27.401	2.97758
run_0084.root	51834	-24.5763	18.4418
run_0084.root	51857	-43.4021	2.44963
run_0084.root	51929	-32.5196	6.20137
run_0084.root	52504	-56.2751	7.59494
run_0084.root	52713	-23.3541	200.646
run_0084.root	52873	-38.7633	2.93057
run_0084.root	52939	-31.294	2.22848
run_0084.root	53530	-20.5418	41.0339
run_0084.root	53607	-54.8531	15.9633
run_0084.root	53996	-34.4145	2.74434
run_0084.root	54092	-56.2634	5.32444
run_0084.root	54170	-27.9972	4.95879
run_0084.root	54175	-28.7071	1.89103
run_0084.root	54886	-45.8664	7.49318
run_0084.root	54931	-29.3956	0.0451493
run_0084.root	54999	-32.12	10.8119
run_0084.root	55124	-33.0466	3.31318
run_0084.root	55180	-45.6429	3.0119
run_0084.root	55202	-20.0018	1.41724
run_0084.root	55524	-22.8562	0.771517
run_0084.root	55549	-37.5555	13.7318
run_0084.root	55890	-70.6715	12.799
run_0084.root	56373	-20.2261	3.40493
run_0084.root	56508	-21.3687	0.317838
run_0084.root	56512	-55.9881	6.02164
run_0084.root	56553	-67.2097	7.20009
run_0084.root	56858	-23.1913	1.12564
run_0084.root	57258	-44.9269	5.6272
run_0084.root	57451	-40.138	1.82259
run_0084.root	58417	-46.5731	8.25738
run_0084.root	58443	-31.7749	7.28867
run_0084.root	58657	-24.9076	28.7444
run_0084.root	58791	-37.3865	3.22149
run_0084.root	59097	-28.0418	0.72763
run_0084.root	59505	-23.8301	6.16733
run_0084.root	59690	-28.8604	2.42142
run_0084.root	59696	-42.4116	1.80938
run_0084.root	59972	-23.2603	1.79677
run_0084.root	60026	-23.021	653.453
run_0084.root	60230	-65.5712	6.65868
run_0084.root	60290	-25.7821	9.11073
run_0084.root	60294	-37.662	3.5238
run_0084.root	60417	-40.229	12.3608
run_0084.root	60494	-23.2366	1.04217
run_0084.root	60607	-24.4908	1.63488
run_0084.root	60738	-23.5613	2.58757
run_0084.root	60957	-35.3598	2.57925
run_0084.root	61039	-22.2698	0.0893208
run_0084.root	61119	-85.3284	6.52114
run_0084.root	61233	-23.1697	297.02
run_0084.root	61430	-33.9816	2.80712
run_0084.root	61986	-40.3589	1.48197
run_0084.root	62266	-65.0875	12.1062
run_0084.root	62291	-20.8285	5.44347
run_0084.root	62835	-34.757	2.64211
run_0084.root	62960	-22.7936	2.91363
run_0084.root	63174	-39.74	1.23443
run_0084.root	63211	-39.1071	2.88949
run_0084.root	63417	-21.8429	0.562979
run_0084.root	63477	-28.663	1.12601
run_0084.root	63506	-24.7531	1.41364
run_0084.root	63612	-25.852	0.820532
run_0084.root	64572	-43.6699	10.4173
run_0084.root	64811	-24.2895	5.60336
run_0084.root	65179	-31.858	1.01459
run_0084.root	65489	-26.35	6.35375
run_0084.root	65744	-21.8312	0.53701
run_0084.root	66117	-28.2681	2.6408
run_0084.root	66136	-20.5431	0.673593
run_0084.root	66324	-29.305	3.51916
run_0084.root	66568	-23.8042	12.7354
run_0084.root	66769	-41.3476	1.31326
run_0084.root	66795	-30.9149	0.695537
run_0084.root	66799	-28.5761	0.928099
run_0084.root	66942	-49.7548	3.76494
run_0084.root	66943	-20.0045	1.33022
run_0084.root	66989	-49.2986	11.2055
run_0084.root	67157	-25.5341	0.755191
run_0084.root	67241	-49.5556	5.16729
run_0084.root	67484	-23.2629	1.49208
run_0084.root	67722	-55.9298	9.03629
run_0085.root	255	-65.389	18.108
run_0085.root	361	-39.1326	417.61
run_0085.root	1030	-31.3238	2.61973
run_0085.root	1144	-22.5817	3.35593
run_0085.root	1244	-25.3693	1.15365
run_0085.root	1486	-35.8148	2.71093
run_0085.root	1492	-26.126	0.76655
run_0085.root	1675	-27.756	2.36356
run_0085.root	1936	-49.8553	1.92588
run_0085.root	3178	-21.2075	5.73297
run_0085.root	3288	-27.737	2.86664
run_0085.root	3338	-41.1949	2.75899
run_0085.root	3682	-24.3488	5.56375
run_0085.root	3695	-24.2067	2.16128
run_0085.root	4397	-31.3555	0.989993
run_0085.root	4629	-28.3305	2.97039
run_0085.root	4757	-22.7376	1.52574
run_0085.root	4879	-48.9818	4.45589
run_0085.root	4880	-48.9818	4.45589
run_0085.root	5723	-31.2486	2.84584
run_0085.root	5781	-25.8005	5.45072
run_0085.root	6518	-31.296	3.17444
run_0085.root	6820	-33.5675	1.84683
run_0085.root	7064	-35.7428	5.66751
run_0085.root	7269	-44.2803	2.32708
run_0085.root	7302	-31.4077	1.23724
run_0085.root	7539	-37.5924	1.71347
run_0085.root	7758	-23.6151	11.2302
run_0085.root	7961	-28.2227	0.932679
run_0085.root	8013	-33.0371	6.46804
run_0085.root	8485	-22.0063	0.918172
run_0085.root	8551	-37.94	5.67787
run_0085.root	8634	-28.9842	150.133
run_0085.root	8818	-35.4422	2.70094
run_0085.root	8857	-45.9065	4.71394
run_0085.root	9011	-39.7033	6.06074
run_0085.root	9146	-57.9215	5.28654
run_0085.root	9377	-23.0448	1.27456
run_0085.root	9476	-22.4802	672.955
run_0085.root	9537	-58.9676	8.09708
run_0085.root	9624	-26.352	3.05493
run_0085.root	10464	-40.6063	12.1942
run_0085.root	10595	-29.9613	0.945648
run_0085.root	10807	-20.4388	15.4331
run_0085.root	10825	-57.541	14.4163
run_0085.root	11071	-29.1634	4.91287
run_0085.root	11253	-30.7163	1.05221
run_0085.root	11481	-21.279	12.8143
run_0085.root	11643	-33.7755	1.79384
run_0085.root	11952	-38.2318	6.44591
run_0085.root	12220	-50.2791	4.85998
run_0085.root	12287	-40.5225	3.08671
run_0085.root	12301	-34.4647	5.77731
run_0085.root	12530	-35.0409	1.20854
run_0085.root	13355	-32.4489	780.98
run_0085.root	13446	-38.1367	7.93601
run_0085.root	13624	-60.1249	12.9754
run_0085.root	13678	-20.2025	4.19848
run_0085.root	13698	-24.4951	4.94746
run_0085.root	13771	-22.9733	7.16186
run_0085.root	13846	-26.8295	3568.24
run_0085.root	13983	-74.7059	16.3718
run_0085.root	14101	-31.1014	2.24881
run_0085.root	14295	-44.606	3.89197
run_0085.root	14763	-20.0394	1.14922
run_0085.root	14909	-29.2115	3.48055
run_0085.root	14935	-39.872	4.26447
run_0085.root	15024	-26.9749	0.663895
run_0085.root	15049	-26.2504	0.81806
run_0085.root	15148	-35.7987	1.29486
run_0085.root	15204	-46.619	2.81038
run_0085.root	15447	-43.1109	3.41194
run_0085.root	15501	-20.9307	1.40702
run_0085.root	15558	-32.9255	1.888
run_0085.root	15752	-39.8534	4.34654
run_0085.root	15894	-25.4137	2.87237
run_0085.root	15907	-35.7146	3.5334
run_0085.root	16034	-43.6376	3.10688
run_0085.root	16107	-25.5658	133.956
run_0085.root	16205	-22.0743	1.93882
run_0085.root	16310	-42.5331	7.14994
run_0085.root	16404	-31.506	5.34268
run_0085.root	16547	-24.9401	0.683601
run_0085.root	16694	-45.0255	3.41314
run_0085.root	16700	-42.0405	4.75058
run_0085.root	17232	-48.5591	34.6408
run_0085.root	17242	-35.0871	6.20088
run_0085.root	17867	-21.8235	0.540046
run_0085.root	18170	-41.1358	4.6487
run_0085.root	18288	-33.086	1.45804
run_0085.root	18665	-54.0865	13.2613
run_0085.root	19105	-20.076	1.00712
run_0085.root	19598	-20.5816	0.489503
run_0085.root	19640	-30.7384	21.1586
run_0085.root	19641	-30.7384	21.1586
run_0085.root	19722	-20.0255	2.44765
run_0085.root	19905	-50.7672	5.7282
run_0085.root	20073	-26.9271	0.92273
run_0085.root	20386	-25.1143	0.469609
run_0085.root	20576	-21.6934	15.4745
run_0085.root	20589	-25.6785	2.24156
run_0085.root	20605	-22.6128	1.77604
run_0085.root	20729	-21.9175	2.92971
run_0085.root	20978	-36.5752	2.16745
run_0085.root	21020	-22.6282	2.00152
run_0085.root	21273	-45.4112	4.02318
run_0085.root	21294	-22.7977	35.6259
run_0085.root	21417	-37.9299	10.3925
run_0085.root	22180	-28.5637	0.83077
run_0085.root	22503	-40.2965	4.97346
run_0085.root	22575	-44.2173	4.09564
run_0085.root	22911	-29.3898	1.27248
run_0085.root	23347	-20.9204	10.2332
run_0085.root	23702	-21.5894	1.30045
run_0085.root	23882	-20.5005	5.79128
run_0085.root	24119	-25.1276	14.6585
run_0085.root	24279	-21.2647	92.0118
run_0085.root	24429	-35.0781	2.21683
run_0085.root	24541	-45.8007	6.41996
run_0085.root	24823	-25.6356	1.4842
run_0085.root	25241	-25.9016	83.5799
run_0085.root	25396	-33.463	1.37771
run_0085.root	25572	-30.643	1.1299
run_0085.root	25601	-40.4432	2.57953
run_0085.root	25758	-23.0182	1.21651
run_0085.root	25848	-36.4149	21.9383
run_0085.root	25855	-20.8764	1.2669
run_0085.root	25954	-21.9104	11.9238
run_0085.root	26008	-38.5382	5.45843
run_0085.root	26052	-33.1125	3.84389
run_0085.root	26244	-26.0222	3.13349
run_0085.root	26550	-21.2469	21.5814
run_0085.root	26733	-27.8969	3.87796
run_0085.root	27173	-31.8118	1.75878
run_0085.root	27288	-27.5245	0.713302
run_0085.root	27442	-41.8533	3.05864
run_0085.root	27927	-28.4916	1.76013
run_0085.root	28569	-29.6233	3.43988
run_0085.root	28640	-42.9036	4.1913
run_0085.root	28695	-29.8252	19.4115
run_0085.root	28832	-30.8852	22.4136
run_0085.root	28966	-25.4498	2.44623
run_0085.root	29266	-39.4704	1.93246
run_0085.root	29383	-24.5623	37.0515
run_0085.root	29820	-32.751	2.86681
run_0085.root	29826	-21.2001	3.82638
run_0085.root	30067	-24.9152	2.3759
run_0085.root	30320	-48.7657	10.7165
run_0085.root	31000	-22.4667	4.06953
run_0085.root	31053	-40.9908	5.34155
run_0085.root	31129	-29.3958	1.061
run_0085.root	31675	-41.9305	3.10212
run_0085.root	31679	-50.9693	9.63237
run_0085.root	32106	-39.9787	2.05107
run_0085.root	32160	-28.102	2.04806
run_0085.root	32327	-25.2405	5.15425
run_0085.root	32870	-30.796	1.00461
run_0085.root	32886	-33.8647	3.37858
run_0085.root	32946	-45.873	6.46713
run_0085.root	33240	-38.2877	4.08057
run_0085.root	33454	-31.243	1.94537
run_0085.root	33455	-31.243	1.94537
run_0085.root	33577	-23.7513	0.227791
run_0085.root	33784	-28.1397	0.908545
run_0085.root	33793	-38.442	1.96478
run_0085.root	33838	-32.1679	7.89816
run_0085.root	33898	-26.825	0.695716
run_0085.root	34027	-20.6922	1.10903
run_0085.root	34075	-31.6486	2.33312
run_0085.root	34115	-24.8103	1.06804
run_0085.root	34693	-20.1837	29.4034
run_0085.root	34958	-21.5683	0.734354
run_0085.root	35213	-20.3749	2.78748
run_0085.root	36191	-28.3822	0.550841
run_0085.root	36390	-53.5073	8.04088
run_0085.root	36406	-36.2836	3.18537
run_0085.root	36430	-30.0317	2.10074
run_0085.root	36432	-29.9077	1.97841
run_0085.root	36474	-25.9192	2.45435
run_0085.root	36569	-30.9064	1.38779
run_0085.root	36678	-61.9524	9.34689
run_0085.root	36713	-34.652	2.17852
run_0085.root	36776	-24.8925	2.53003
run_0085.root	36924	-25.1748	0.475336
run_0085.root	37031	-29.5624	31.469
run_0085.root	37038	-38.5055	5.95437
run_0085.root	37167	-46.9712	3.53323
run_0085.root	37174	-23.4268	0.927804
run_0085.root	38176	-43.0831	4.01012
run_0085.root	38225	-30.4202	0.474338
run_0085.root	38226	-30.4202	0.474338
run_0085.root	38565	-34.7508	2.81808
run_0085.root	38611	-39.1493	3.34256
run_0085.root	38826	-25.1808	2171.36
run_0085.root	39003	-50.9915	6.14392
run_0085.root	39609	-26.7808	3.34906
run_0085.root	39936	-28.8876	7.50742
run_0085.root	40143	-21.2219	0.615361
run_0085.root	40426	-33.2308	3.59118
run_0085.root	40463	-21.9293	7.83061
run_0085.root	40557	-21.3154	1.83229
run_0085.root	40828	-20.7663	0.586527
run_0085.root	40980	-30.2662	1.99265
run_0085.root	41081	-23.9667	39.7704
run_0085.root	41221	-22.575	38.5099
run_0085.root	41435	-49.4243	9.47429
run_0085.root	41436	-30.7009	0.966296
run_0085.root	41603	-45.9143	1.97316
run_0085.root	41653	-47.8228	4.79576
run_0085.root	42829	-53.6567	6.05591
run_0085.root	42840	-24.0164	748.407
run_0085.root	42897	-20.5385	4.68054
run_0085.root	43142	-34.7081	4.85659
run_0085.root	43226	-22.8729	0.554999
run_0085.root	43293	-39.7841	1.9281
run_0085.root	43758	-46.7356	3.38673
run_0085.root	43788	-23.4881	1.24498
run_0085.root	43919	-26.41	13.6605
run_0085.root	43928	-46.7592	7.86317
run_0085.root	44373	-43.1676	3.96754
run_0085.root	44459	-65.2938	6.1764
run_0085.root	44484	-20.0636	3.77738
run_0085.root	44574	-25.2697	34.8585
run_0085.root	44619	-21.7374	69.3362
run_0085.root	45052	-24.9461	4.79682
run_0085.root	45433	-36.4487	60.216
run_0085.root	45488	-50.5917	7.59172
run_0085.root	45520	-29.3464	72115
run_0085.root	45574	-25.7194	1.07053
run_0085.root	45713	-25.5601	3.76147
run_0085.root	46076	-33.1551	6.75453
run_0085.root	46096	-21.8306	28.2994
run_0085.root	46264	-34.7525	28.1867
run_0085.root	46667	-23.6649	0.783896
run_0085.root	46794	-30.367	1.68414
run_0085.root	46983	-40.5703	2.11655
run_0085.root	47221	-33.1088	3.46779
run_0085.root	47592	-146.474	9.37973
run_0085.root	47644	-86.3971	6.41485
run_0085.root	48455	-41.1327	1.22027
run_0085.root	48482	-54.4638	14.5466
run_0085.root	48491	-54.4324	4.54137
run_0085.root	48630	-21.8331	0.88043
run_0085.root	48683	-20.4129	209.193
run_0085.root	48749	-43.8709	4.7129
run_0085.root	48935	-50.7445	5.18118
run_0085.root	48953	-34.7815	1.45419
run_0085.root	49302	-50.3399	2.7728
run_0085.root	49376	-39.8839	4.90175
run_0085.root	49377	-30.3281	6.20651
run_0085.root	49403	-20.3019	2.5148
run_0085.root	49571	-44.5455	5.63647
run_0085.root	49607	-38.6147	3.28711
run_0085.root	49706	-56.8496	5.24149
run_0085.root	49767	-21.1876	3.63302
run_0085.root	49999	-72.834	5.33498
run_0085.root	50035	-20.8337	4.33554
run_0085.root	50139	-21.9924	1.58592
run_0085.root	50340	-26.572	2.40264
run_0085.root	50529	-53.8987	2.72116
run_0085.root	50852	-22.5205	48.478
run_0085.root	51013	-28.3346	49.4824
run_0085.root	51014	-28.3346	49.4824
run_0085.root	51091	-22.6718	2.1083
run_0085.root	51130	-24.0939	1.35648
run_0085.root	51572	-37.0291	106.846
run_0085.root	51658	-25.4185	2.0899
run_0085.root	51803	-29.0813	8.1657
run_0085.root	52200	-35.3532	3.56045
run_0085.root	52481	-30.1442	1.30046
run_0085.root	52599	-43.2377	12.2354
run_0085.root	52697	-27.9909	1.60126
run_0085.root	52970	-34.6125	2.36855
run_0085.root	53268	-20.3038	2.99553
run_0085.root	53332	-38.1262	7.22636
run_0085.root	53354	-50.607	4.49264
run_0085.root	53444	-22.199	0.445488
run_0085.root	53884	-43.9245	6.31338
run_0085.root	54010	-27.4711	3.55698
run_0085.root	54166	-21.2556	0.744197
run_0085.root	54174	-65.1947	20.5548
run_0085.root	54289	-25.505	2.59643
run_0085.root	54359	-35.6318	2.65159
run_0085.root	54408	-35.0303	3.11862
run_0085.root	55008	-24.9828	1.24546
run_0085.root	55306	-25.3301	842.463
run_0085.root	56320	-35.1581	1.17799
run_0085.root	56414	-26.0865	13.3307
run_0085.root	57207	-20.2591	1.49769
run_0085.root	57213	-31.64	6.92673
run_0085.root	57824	-28.1585	1.77803
run_0085.root	58185	-29.1313	5.6989
run_0085.root	58574	-47.0007	3.69796
run_0085.root	58602	-26.5101	2.35764
run_0085.root	58970	-25.0826	5.75067
run_0085.root	59297	-23.7524	4.11363
run_0085.root	59721	-29.4427	5.7718
run_0085.root	60019	-29.6035	2.60856
run_0085.root	60123	-29.6665	30.6902
run_0085.root	60142	-26.3657	1.04853
run_0085.root	60150	-22.3911	1.96803
run_0085.root	60549	-32.234	1.30519
run_0085.root	60569	-73.9318	9.79236
run_0085.root	60571	-46.0158	3.3384
run_0085.root	60788	-54.2784	5.85607
run_0085.root	61156	-26.8254	2.88346
run_0085.root	61399	-38.6009	1.54923
run_0085.root	61538	-22.9856	0.565699
run_0085.root	61633	-29.0298	2.1123
run_0085.root	61640	-39.8652	2.74427
run_0085.root	61646	-36.0909	8.05111
run_0085.root	61913	-56.502	13.5965
run_0085.root	62397	-21.129	1.85783
run_0085.root	62559	-30.5996	15.9836
run_0085.root	62713	-26.4715	1.30999
run_0085.root	62715	-40.7368	3.42526
run_0085.root	63378	-27.2013	4.59139
run_0085.root	63765	-23.3983	16.4786
run_0085.root	63769	-24.9455	1.54623
run_0085.root	63815	-31.8971	1.09509
run_0085.root	63837	-50.9286	15.5735
run_0085.root	63913	-42.1684	2.59127
run_0085.root	64078	-41.2038	3.43238
run_0085.root	64131	-28.5281	25.3893
run_0085.root	64313	-22.9539	0.477192
run_0085.root	64349	-25.3223	30.8818
run_0085.root	64883	-22.0151	0.572826
run_0085.root	64932	-43.7994	1.528
run_0085.root	64933	-43.7994	1.528
run_0085.root	64956	-27.4256	3.53362
run_0085.root	65046	-40.0486	1.1637
run_0085.root	65113	-25.4568	1.69109
run_0085.root	65282	-37.4054	1.88803
run_0085.root	65445	-27.0991	6.69762
run_0085.root	65454	-41.2405	4.17237
run_0086.root	81	-30.8393	2.3123
run_0086.root	295	-58.1638	12.7191
run_0086.root	307	-30.5521	1.1989
run_0086.root	407	-27.2614	1.38482
run_0086.root	746	-38.8543	5.06281
run_0086.root	967	-39.6164	12.3879
run_0086.root	1173	-34.4882	4.90494
run_0086.root	1212	-40.3807	31.2318
run_0086.root	1373	-21.8034	0.676639
run_0086.root	1567	-28.3395	4.9473
run_0086.root	2211	-40.3887	5.48443
run_0086.root	2512	-49.8776	4.57691
run_0086.root	2587	-24.9684	2.31369
run_0086.root	3142	-36.205	2.36513
run_0086.root	3227	-52.3587	5.5462
run_0086.root	3532	-27.4178	1.941
run_0086.root	4040	-39.39	1.75188
run_0086.root	4107	-30.6668	1.74914
run_0086.root	4258	-28.4483	0.946387
run_0086.root	4344	-24.908	760.695
run_0086.root	4402	-52.4046	8.74004
run_0086.root	4568	-24.5013	2.01824
run_0086.root	4633	-38.4777	5.64402
run_0086.root	4735	-46.7786	3.41843
run_0086.root	4840	-25.383	1.16747
run_0086.root	5063	-33.7241	2.30201
run_0086.root	5088	-27.6703	46.1622
run_0086.root	5094	-29.5103	1.73855
run_0086.root	5197	-26.7458	2.00109
run_0086.root	5365	-22.1138	0.487879
run_0086.root	5392	-25.8757	0.948161
run_0086.root	5508	-21.0772	2.19533
run_0086.root	5517	-32.9789	0.424233
run_0086.root	5795	-23.0671	0.783257
run_0086.root	5939	-27.0625	7.08324
run_0086.root	6275	-34.0249	4.19909
run_0086.root	6507	-21.3714	42.4967
run_0086.root	6949	-53.2744	9.79636
run_0086.root	7756	-32.2308	2.97065
run_0086.root	7843	-20.3739	3.3599
run_0086.root	7954	-43.4724	6.49313
run_0086.root	8022	-29.5924	3.39759
run_0086.root	8196	-23.7652	1.43061
run_0086.root	8820	-34.0712	1.23343
run_0086.root	9325	-29.2653	1.47798
run_0086.root	9387	-22.5287	0.505116
run_0086.root	9423	-32.0218	2.94667
run_0086.root	9456	-21.8234	0.561214
run_0086.root	9799	-26.55	1.38044
run_0086.root	9977	-28.924	0.843255
run_0086.root	9992	-22.311	1.043
run_0086.root	10000	-22.2941	4.299
run_0086.root	10211	-42.58	4.05517
run_0086.root	10237	-20.948	0.255948
run_0086.root	10751	-49.6656	2.83238
run_0086.root	10810	-20.388	13.7209
run_0086.root	10919	-20.9181	3.93174
run_0086.root	11064	-29.8733	1.25515
run_0086.root	11203	-81.3137	34.38
run_0086.root	11421	-45.3785	9.648
run_0086.root	11686	-35.0159	1.18178
run_0086.root	11837	-22.3585	1.04367
run_0086.root	12132	-21.1568	1.82957
run_0086.root	12313	-24.2116	3.01709
run_0086.root	12642	-24.0143	3.89118
run_0086.root	12857	-28.862	3.74004
run_0086.root	13292	-30.5011	0.997148
run_0086.root	13293	-49.1927	5.8746
run_0086.root	13316	-52.8889	5.49822
run_0086.root	13377	-25.8407	4.23309
run_0086.root	13387	-25.3414	8.99005
run_0086.root	13711	-38.8867	10.0194
run_0086.root	14149	-22.2521	2.55897
run_0086.root	14479	-30.1973	90.6613
run_0086.root	14480	-26.9867	1.2573
run_0086.root	14842	-22.2882	10.1495
run_0086.root	14986	-54.4058	6.41307
run_0086.root	15204	-48.5247	9.04417
run_0086.root	15205	-48.5247	9.04417
run_0086.root	15957	-40.857	2.53813
run_0086.root	16059	-56.8576	8.39757
run_0086.root	16583	-22.5665	228.794
run_0086.root	16648	-30.08	6.91623
run_0086.root	16888	-27.9264	0.678715
run_0086.root	16934	-27.6194	2.7157
run_0086.root	17631	-85.1957	3.6006
run_0086.root	17936	-21.5938	5.96131
run_0086.root	18049	-32.2932	107.879
run_0086.root	18352	-23.0998	2658.69
run_0086.root	19112	-24.7455	3.35505
run_0086.root	19330	-24.4551	3.67989
run_0086.root	19464	-29.3267	1.88476
run_0086.root	19804	-27.5488	0.92489
run_0086.root	20061	-20.2759	1.53381
run_0086.root	20396	-21.5725	1.57713
run_0086.root	20503	-38.7102	1.83212
run_0086.root	20507	-40.511	7.97943
run_0086.root	20546	-26.7146	1.87141
run_0086.root	20983	-43.2693	2.88004
run_0086.root	21040	-32.9515	1.48435
run_0086.root	21174	-26.4234	12.862
run_0086.root	21423	-41.6346	2.12535
run_0086.root	21553	-31.285	2.85189
run_0086.root	21876	-89.178	13.9122
run_0086.root	21893	-46.1908	25.044
run_0086.root	21929	-20.3154	0.609777
run_0086.root	21950	-30.6951	4.93856
run_0086.root	22743	-29.3655	3.19506
run_0086.root	22765	-20.5157	0.980638
run_0086.root	23045	-52.9782	12.8044
run_0086.root	23501	-39.293	2.11326
run_0086.root	23583	-26.7267	10.0428
run_0086.root	23626	-38.3098	3.104
run_0086.root	23637	-32.0788	3.23123
run_0086.root	23702	-21.2778	4.11462
run_0086.root	24691	-21.1971	7.35574
run_0086.root	24946	-59.0695	0.741623
run_0086.root	24979	-24.6393	1.04105
run_0086.root	24991	-21.296	4.18876
run_0086.root	25057	-34.0797	3.0533
run_0086.root	25230	-22.875	2099.18
run_0086.root	25250	-37.9497	6.08078
run_0086.root	25500	-30.6587	2.48754
run_0086.root	25776	-34.0695	7.05909
run_0086.root	25810	-21.796	61.8134
run_0086.root	25897	-26.4219	7.70491
run_0086.root	25957	-21.6374	0.241727
run_0086.root	26532	-41.0456	4.92608
run_0086.root	26612	-26.0355	0.380699
run_0086.root	27025	-65.6774	9.36547
run_0086.root	27791	-46.0701	4.40573
run_0086.root	27834	-27.6624	0.972529
run_0086.root	28049	-22.3178	2.37362
run_0086.root	28311	-20.0231	6491.99
run_0086.root	28648	-51.6661	2.87569
run_0086.root	29033	-32.6051	5.38975
run_0086.root	29486	-21.8136	0.732016
run_0086.root	29907	-20.4197	3.23899
run_0086.root	30643	-31.2065	5.13796
run_0086.root	30755	-28.2399	10.6343
run_0086.root	30823	-24.1261	7.76608
run_0086.root	30844	-54.922	7.04702
run_0086.root	30875	-48.9328	10.711
run_0086.root	30904	-25.4996	39.7145
run_0086.root	31193	-42.8796	3.48433
run_0086.root	31457	-27.3088	5.28292
run_0086.root	31606	-20.5008	1.19642
run_0086.root	31610	-30.6735	7.46992
run_0086.root	32159	-31.0981	3.15779
run_0086.root	32235	-24.9742	2.7371
run_0086.root	32273	-28.5669	1.91096
run_0086.root	32400	-27.6392	1.56149
run_0086.root	32560	-42.4751	6.73769
run_0086.root	32648	-26.8194	9590.63
run_0086.root	32915	-21.4683	2.10492
run_0086.root	33031	-58.3724	6.78547
run_0086.root	33056	-26.9196	1.00741
run_0086.root	33252	-38.8649	2.90758
run_0086.root	33272	-29.7959	25.5367
run_0086.root	33335	-32.9551	5.87171
run_0086.root	33419	-43.5163	1.91867
run_0086.root	33435	-28.8087	1.57507
run_0086.root	33482	-23.239	52.944
run_0086.root	33931	-33.873	5.85129
run_0086.root	34226	-50.6801	7.2956
run_0086.root	34233	-55.606	23.0554
run_0086.root	34436	-27.8442	463.062
run_0086.root	34862	-42.0131	5.51024
run_0086.root	34961	-54.1511	4.9465
run_0086.root	35017	-34.0224	4.16984
run_0086.root	35432	-23.3326	11.1052
run_0086.root	35776	-22.4218	2.01327
run_0086.root	35813	-31.2123	3.40815
run_0086.root	36502	-38.8855	1.57998
run_0086.root	36695	-51.1768	3.8114
run_0086.root	36740	-35.9552	5.16023
run_0086.root	36834	-30.0408	48.4115
run_0086.root	37166	-45.1743	6.28357
run_0086.root	37198	-30.2036	4.93099
run_0086.root	37695	-22.7696	0.885627
run_0086.root	37738	-59.5454	10.2391
run_0086.root	38154	-47.6044	4.8397
run_0086.root	38188	-20.0282	0.979331
run_0086.root	38485	-21.3871	31.8913
run_0086.root	38495	-52.6031	9.45149
run_0086.root	38570	-24.6508	4.44789
run_0086.root	38800	-30.4853	1.07536
run_0086.root	39043	-31.7811	18.3555
run_0086.root	39072	-20.6523	2.21843
run_0086.root	39080	-91.1104	32.6088
run_0086.root	39858	-25.1327	49.1057
run_0086.root	40733	-20.5022	0.51263
run_0086.root	40862	-23.7837	5.44344
run_0086.root	41050	-31.4824	2.71741
run_0086.root	41238	-40.1007	2.05045
run_0086.root	41477	-24.5169	2.80292
run_0086.root	41911	-26.4866	2.29297
run_0086.root	42140	-40.5988	10.7761
run_0086.root	42200	-31.4981	6.29094
run_0086.root	42362	-46.6683	2.87978
run_0086.root	42566	-42.7365	1.71489
run_0086.root	42613	-30.7404	5.76307
run_0086.root	42716	-34.5105	2.22025
run_0086.root	42995	-30.4924	1.71922
run_0086.root	43176	-22.5346	1.33226
run_0086.root	43354	-20.0149	1.41753
run_0086.root	43404	-26.6868	1.86077
run_0086.root	43463	-35.5717	2.73468
run_0086.root	43478	-27.1487	11.3554
run_0086.root	43706	-28.9085	32.4139
run_0086.root	43799	-47.1952	6.28281
run_0086.root	43963	-24.0803	14.1407
run_0086.root	44036	-43.191	4.93906
run_0086.root	44902	-34.6911	3.34606
run_0086.root	45130	-46.4846	7.86116
run_0086.root	45147	-46.1554	6.62943
run_0086.root	45198	-21.9815	1.91474
run_0086.root	45263	-58.7337	5.8054
run_0086.root	45437	-42.1678	5.78185
run_0086.root	45693	-21.1589	12.9673
run_0086.root	45738	-44.9126	6.05113
run_0086.root	45812	-26.3417	1.23652
run_0086.root	45937	-27.2172	93.1159
run_0086.root	46008	-22.791	3.33545
run_0086.root	46534	-47.4409	9.73663
run_0086.root	46694	-77.2089	15.6058
run_0086.root	46730	-28.9714	1.51177
run_0086.root	46731	-20.5851	0.59746
run_0086.root	47052	-47.6737	17.246
run_0086.root	47057	-46.7087	2.12699
run_0086.root	47202	-29.1992	3.56962
run_0086.root	47239	-26.7538	1761.38
run_0086.root	47446	-48.0422	2.34767
run_0086.root	47737	-20.0846	0.711882
run_0086.root	47885	-54.0215	146.136
run_0086.root	47894	-33.9867	0.959905
run_0086.root	47901	-39.4071	7.96113
run_0086.root	47905	-43.2839	8.43079
run_0086.root	48137	-27.8339	3.58154
run_0086.root	48315	-21.1209	0.633285
run_0086.root	48378	-31.3983	5.18824
run_0086.root	48420	-21.5992	0.545684
run_0086.root	48764	-33.0426	2.17229
run_0086.root	48772	-41.931	4.56602
run_0086.root	49261	-20.3626	6.04706
run_0086.root	49453	-42.9365	3.82487
run_0086.root	49956	-40.2449	19.8966
run_0086.root	50222	-37.2069	1.78989
run_0086.root	50428	-42.0887	9.04095
run_0086.root	50491	-37.2612	5.33227
run_0086.root	50721	-29.7606	4.33276
run_0086.root	50919	-24.4854	2.10647
run_0086.root	50944	-20.469	3.99703
run_0086.root	51156	-43.3646	4.30558
run_0086.root	51609	-26.0662	1.5037
run_0086.root	51610	-26.0662	1.5037
run_0086.root	51615	-31.5798	8.50374
run_0086.root	51755	-48.036	3.8634
run_0086.root	51844	-33.2807	1.16908
run_0086.root	52004	-46.6685	3.07526
run_0086.root	52005	-46.6685	3.07526
run_0086.root	52296	-22.385	0.402981
run_0086.root	52440	-20.498	1.65482
run_0086.root	52529	-31.6703	0.690237
run_0086.root	53123	-54.7522	4.64204
run_0086.root	53160	-50.2735	7.40073
run_0086.root	53437	-42.9395	11.0301
run_0086.root	53731	-44.2539	2.59091
run_0086.root	54038	-44.2967	3.54538
run_0086.root	54473	-42.3487	8.92704
run_0086.root	54498	-43.8813	3.90914
run_0086.root	54611	-31.7766	3.04935
run_0086.root	54848	-36.2115	12.549
run_0086.root	55318	-39.5776	2.63374
run_0086.root	55552	-43.3786	5.43997
run_0086.root	55780	-20.3766	0.277629
run_0086.root	56445	-27.1225	8.92455
run_0086.root	56510	-26.3725	256.095
run_0086.root	56581	-45.0534	5.65521
run_0086.root	56979	-68.6969	7.084
run_0086.root	57336	-35.5915	10.7248
run_0086.root	58257	-25.3465	10.8556
run_0086.root	58376	-26.9388	1.04804
run_0086.root	58401	-23.9314	31.4746
run_0086.root	58589	-36.8537	2.81245
run_0086.root	58590	-36.8537	2.81245
run_0086.root	58638	-20.0654	0.575112
run_0086.root	58751	-22.3276	1.23168
run_0086.root	58806	-64.7389	9.28438
run_0086.root	59038	-25.3931	1.13878
run_0086.root	59192	-20.5706	3.40241
run_0086.root	59364	-28.1914	1696.4
run_0086.root	59470	-26.0549	1.03655
run_0086.root	59507	-52.9588	8.14646
run_0086.root	59620	-44.9818	5.91245
run_0086.root	59777	-34.1551	3.7275
run_0086.root	59886	-20.0668	1.58486
run_0086.root	60140	-53.4535	11.792
run_0086.root	60208	-44.6856	2.01156
run_0086.root	60558	-37.7499	1.59391
run_0086.root	60717	-23.0775	0.829976
run_0086.root	60871	-20.9119	2.57671
run_0086.root	60891	-21.0942	19.3409
run_0086.root	60947	-25.0812	3.49227
run_0086.root	60983	-34.4309	3.54673
run_0086.root	61049	-25.2594	4.31743
run_0086.root	61182	-22.5809	1.96013
run_0086.root	61405	-57.9709	5.61743
run_0086.root	61613	-22.233	1.14441
run_0086.root	62740	-20.1688	6.63043
run_0086.root	63648	-21.9397	28.2336
run_0086.root	64388	-36.5434	3.25289
run_0086.root	64466	-37.8666	2.50096
run_0086.root	64533	-26.605	6.02709
run_0086.root	64575	-25.6418	1.03919
run_0086.root	64609	-57.8922	12.1193
run_0086.root	64945	-22.6075	5.86708
run_0086.root	65178	-59.8964	6.46039
run_0086.root	65494	-38.988	8.27666
run_0086.root	65785	-66.5555	32.1519
run_0086.root	65795	-38.8962	6.4542
run_0086.root	65861	-33.1299	2.86537
run_0086.root	66196	-27.3452	1.46947
run_0086.root	66338	-31.444	5.38974
run_0086.root	66348	-41.6951	4.43207
run_0086.root	66513	-25.005	6.64092
run_0086.root	66698	-22.6388	1.04953
run_0086.root	67191	-55.4857	7.83466
run_0086.root	67210	-54.5454	0.709095
run_0086.root	67385	-50.0115	14.0491
run_0086.root	67404	-51.6056	4.82078
run_0086.root	68194	-26.1166	3.60788
run_0086.root	69114	-32.1692	4.81892
run_0086.root	69906	-34.2844	5.57028
run_0086.root	70423	-24.5998	6.86071
run_0086.root	70745	-25.2802	0.616675
run_0086.root	70777	-40.2048	5.52739
run_0086.root	71077	-58.6121	6.15566
run_0086.root	71078	-58.6121	6.15566
run_0086.root	71079	-58.6121	6.15566
run_0086.root	71080	-58.6121	6.15566
run_0086.root	71165	-38.3984	1.8143
run_0086.root	71311	-44.5063	5.82484
run_0086.root	71550	-46.6565	3.91183
run_0086.root	71686	-22.1245	2.23426
run_0086.root	72831	-41.4459	4.40682
run_0086.root	72972	-24.7317	4.07875
run_0086.root	73261	-31.4951	3.72524
run_0086.root	73714	-61.4991	5.71957
run_0086.root	75198	-79.267	9.40613
run_0086.root	76571	-54.0939	11.0791
run_0086.root	76572	-54.0939	11.0791
run_0086.root	76883	-24.4855	8.13425
run_0086.root	77235	-25.9025	1.35005
run_0086.root	77401	-20.6379	1.89416
run_0086.root	77402	-20.6379	1.89416
run_0086.root	77712	-27.8	3.4133
run_0086.root	77800	-20.3333	6.29556
run_0086.root	77801	-20.3333	6.29556
run_0086.root	77802	-20.3333	6.29556
run_0086.root	78328	-23.2002	1.16382
run_0086.root	78329	-23.2002	1.16382
run_0086.root	79547	-27.3122	12.574
run_0086.root	79627	-38.361	3.08385
run_0086.root	80079	-37.4956	5.84062
run_0086.root	80105	-45.0949	5.07034
run_0086.root	80197	-34.3474	9.1846
run_0086.root	80250	-23.3078	0.546802
run_0086.root	80476	-24.6783	6.20435
run_0086.root	81123	-22.1899	4.20304
run_0086.root	81744	-25.441	2.64805
run_0086.root	82488	-57.7593	5.79654
run_0086.root	82489	-40.0834	2.214
run_0086.root	83030	-22.1093	1.50565
run_0086.root	83237	-34.6993	4.76469
run_0086.root	83238	-34.6993	4.76469
run_0086.root	83239	-34.6993	4.76469
run_0086.root	83240	-34.6993	4.76469
run_0086.root	83241	-34.6993	4.76469
run_0086.root	83868	-27.7673	327.99
run_0086.root	83970	-23.333	0.643373
run_0086.root	84149	-32.0338	3.35229
run_0086.root	84185	-40.2215	4.80455
run_0086.root	84603	-25.6156	0.460968
run_0086.root	84785	-20.753	1.51913
run_0086.root	84909	-21.4796	0.785402
run_0086.root	84948	-66.8976	6.79949
run_0086.root	84980	-37.1358	2.96293
run_0086.root	85919	-36.0356	5.03261
run_0086.root	86554	-36.9002	2.10137
run_0086.root	86692	-28.5484	24.8664
run_0086.root	86946	-56.7035	16.1242
run_0086.root	87096	-24.392	4.08028
run_0086.root	87097	-25.0296	0.877885
run_0086.root	87144	-20.1167	1.50839
run_0086.root	87578	-33.9779	5.36106
run_0086.root	87743	-20.8928	6.00661
run_0086.root	87744	-20.8928	6.00661
run_0086.root	87745	-20.8928	6.00661
run_0086.root	87746	-20.8928	6.00661
run_0086.root	88108	-62.6947	9.50438
run_0086.root	88527	-29.778	3.25605
run_0086.root	88564	-39.1324	5.41779
run_0086.root	88569	-26.4691	1.6047
run_0086.root	88661	-37.0826	7.01876
run_0086.root	88792	-35.8487	0.152285
run_0086.root	89135	-45.8798	4.93905
run_0086.root	89287	-55.6162	5.43625
run_0086.root	89342	-33.0523	2.69639
run_0086.root	89491	-47.6816	2.45066
run_0086.root	89828	-33.6458	1.79241
run_0086.root	89851	-21.4515	26.4899
run_0086.root	89992	-56.0923	5.77264
run_0086.root	90110	-34.5462	2.96976
run_0086.root	91173	-35.1865	1.59562
run_0086.root	91269	-25.9224	0.662289
run_0086.root	91594	-24.2135	1.59187
run_0086.root	91617	-25.4274	0.419702
run_0086.root	91729	-36.1028	5.28058
run_0086.root	92339	-49.8879	8.53045
run_0086.root	92450	-22.6851	1.97365
run_0086.root	92462	-35.9648	4.05953
run_0086.root	93320	-38.5204	4.45621
run_0086.root	93508	-53.8949	4.47396
run_0087.root	37	-55.2186	6.60648
run_0087.root	473	-56.8673	11.6627
run_0087.root	842	-25.053	3.10394
run_0087.root	1108	-45.1111	3.63157
run_0087.root	1152	-36.5737	4.29445
run_0087.root	1449	-27.8673	2.87073
run_0087.root	1612	-20.8598	0.903733
run_0087.root	1671	-34.6953	2.8677
run_0087.root	2157	-32.8104	4.41046
run_0087.root	2158	-30.0334	3.27592
run_0087.root	2224	-28.212	0.746827
run_0087.root	2479	-20.8079	1.01875
run_0087.root	2846	-36.6776	3.03406
run_0087.root	3184	-27.4027	0.890164
run_0087.root	3379	-35.9259	5.15943
run_0087.root	3400	-45.8368	24.0103
run_0087.root	3487	-41.8345	2.40725
run_0087.root	3984	-24.4458	1.30636
run_0087.root	4088	-28.8578	26.1781
run_0087.root	4187	-21.9191	1.33805
run_0087.root	4239	-47.5987	8.39654
run_0087.root	4620	-20.0473	1.19317
run_0087.root	5347	-22.9005	0.85284
run_0087.root	5762	-28.7975	4745.46
run_0087.root	5960	-24.604	0.401099
run_0087.root	6125	-24.9529	3.10542
run_0087.root	6193	-36.2416	9.85409
run_0087.root	6204	-37.9183	8.11634
run_0087.root	6653	-47.4308	5.5325
run_0087.root	6656	-50.088	5.7384
run_0087.root	6991	-52.0177	13.4573
run_0087.root	7077	-27.6237	0.943322
run_0087.root	7083	-20.3383	9.15932
run_0087.root	7263	-54.5615	3.58617
run_0087.root	7622	-22.9262	1.73615
run_0087.root	7857	-21.3182	12.6612
run_0087.root	8071	-22.2302	3.44176
run_0087.root	8653	-24.1468	10.7703
run_0087.root	8725	-39.0077	5.86348
run_0087.root	8789	-26.4018	1.42497
run_0087.root	8794	-34.1273	3.48917
run_0087.root	9019	-27.0702	34.1909
run_0087.root	9032	-30.633	3.81333
run_0087.root	9196	-37.1726	6.72449
run_0087.root	9481	-34.2193	1.82001
run_0087.root	9680	-39.0333	4.33187
run_0087.root	10315	-31.9133	0.953652
run_0087.root	10554	-37.7743	3.27378
run_0087.root	10714	-42.448	1.93083
run_0087.root	10721	-27.9657	1251.42
run_0087.root	10855	-24.5749	0.514227
run_0087.root	10902	-22.2212	0.53881
run_0087.root	11163	-20.9095	0.861787
run_0087.root	11204	-31.4768	2.07626
run_0087.root	12301	-48.1086	1.47193
run_0087.root	12354	-25.3107	13.7272
run_0087.root	12420	-44.9632	3.72915
run_0087.root	12673	-31.879	1.97888
run_0087.root	13007	-21.1689	0.516248
run_0087.root	13363	-45.8478	111.91
run_0087.root	13467	-23.7332	83.0367
run_0087.root	13539	-45.8865	3.43084
run_0087.root	13603	-28.6523	7.96915
run_0087.root	13706	-48.2525	6.39991
run_0087.root	13735	-22.9598	1.2516
run_0087.root	13773	-28.3066	11.1377
run_0087.root	13843	-22.8757	3.01607
run_0087.root	13971	-35.8577	0.890819
run_0087.root	14349	-53.6829	4.32866
run_0087.root	14578	-20.0823	1.17213
run_0087.root	15099	-43.6527	31.0161
run_0087.root	15257	-50.3802	5.45677
run_0087.root	15551	-45.4694	5.1895
run_0087.root	15843	-22.8859	2.12852
run_0087.root	15867	-33.8057	1.18988
run_0087.root	15906	-29.7414	3.52861
run_0087.root	16036	-23.2818	1.54774
run_0087.root	16173	-36.757	1.84588
run_0087.root	16251	-39.9254	5.7122
run_0087.root	16436	-23.0121	3.15917
run_0087.root	16494	-34.691	0.141984
run_0087.root	16652	-53.6781	8.78246
run_0087.root	16683	-66.5882	7.56067
run_0087.root	16727	-26.1006	1.6127
run_0087.root	17243	-81.5441	10.3188
run_0087.root	17482	-22.6034	0.658078
run_0087.root	17500	-20.9276	8.06772
run_0087.root	17501	-27.2302	45.3412
run_0087.root	17502	-27.2302	45.3412
run_0087.root	17660	-62.8698	12.1203
run_0087.root	18130	-26.8762	0.779983
run_0087.root	18223	-34.8946	9.3772
run_0087.root	18380	-41.8024	13.0329
run_0087.root	18529	-24.5586	11.0612
run_0087.root	18751	-35.3591	1.6419
run_0087.root	18967	-33.4694	2.82509
run_0087.root	19207	-45.7113	5.1946
run_0087.root	20201	-20.3793	5.20123
run_0087.root	20205	-33.5319	0.743229
run_0087.root	20484	-25.5612	6.81929
run_0087.root	20915	-41.1735	4.79196
run_0087.root	20942	-21.8464	2.34855
run_0087.root	20972	-21.9961	2.81752
run_0087.root	21394	-20.4963	0.164536
run_0087.root	21395	-20.4963	0.164536
run_0087.root	21403	-25.7254	5.57473
run_0087.root	22077	-42.9767	4.98984
run_0087.root	22519	-23.1661	3.32464
run_0087.root	22754	-23.5761	46.9497
run_0087.root	22937	-23.0837	1.94688
run_0087.root	23170	-29.5836	27489
run_0087.root	23195	-57.0819	7.61356
run_0087.root	23278	-21.5966	59.3791
run_0087.root	23666	-45.875	3.29747
run_0087.root	23943	-21.6375	51.4429
run_0087.root	24601	-46.0982	3.90619
run_0087.root	24725	-34.9639	1.48364
run_0087.root	25085	-45.3534	6.09596
run_0087.root	25170	-42.9757	7.1856
run_0087.root	25315	-44.3628	4.13752
run_0087.root	25479	-31.3115	0.711034
run_0087.root	25842	-22.6673	0.295712
run_0087.root	25857	-43.2933	3.98646
run_0087.root	25915	-30.3649	3.03691
run_0087.root	25949	-51.3905	4.94748
run_0087.root	25983	-24.7122	2.27802
run_0087.root	26115	-30.4914	18.6846
run_0087.root	26364	-24.1152	1.00009
run_0087.root	26429	-26.8187	1.41241
run_0087.root	27586	-37.8945	3.55261
run_0087.root	28253	-54.4563	11.2146
run_0087.root	28396	-44.4123	3.88771
run_0087.root	28544	-31.0683	4.16938
run_0087.root	28967	-20.8956	10.646
run_0087.root	29152	-23.8827	5.26664
run_0087.root	29221	-35.3471	2.54623
run_0087.root	29369	-44.1467	2.5422
run_0087.root	29590	-20.0182	1.53113
run_0087.root	29751	-29.5926	19.4303
run_0087.root	30234	-24.1007	12.3468
run_0087.root	30687	-21.6129	4.87181
run_0087.root	30773	-40.8084	8.37166
run_0087.root	31301	-27.2171	1.1586
run_0087.root	31802	-25.1209	4.13157
run_0087.root	32187	-26.9107	0.803973
run_0087.root	32729	-54.8213	6.72514
run_0087.root	32862	-38.1389	6.0574
run_0087.root	33180	-35.5242	1.24456
run_0087.root	33193	-66.7428	4.09609
run_0087.root	33405	-47.2072	8.16584
run_0087.root	33593	-32.2222	2.93872
run_0087.root	33639	-22.1012	1.15276
run_0087.root	33750	-22.6046	124.72
run_0087.root	33887	-27.8851	0.714207
run_0087.root	34413	-46.4486	5.69221
run_0087.root	34444	-24.8128	2.91851
run_0087.root	34534	-52.1005	2.74989
run_0087.root	34822	-20.3408	0.891834
run_0087.root	35108	-20.8357	2.65032
run_0087.root	35366	-48.1187	3.73441
run_0087.root	35498	-23.0816	1.13366
run_0087.root	35868	-33.0843	4.20549
run_0087.root	36239	-40.7172	2.77846
run_0087.root	36637	-33.7824	82.972
run_0087.root	36781	-22.6017	6.86615
run_0087.root	36966	-21.5101	99.9695
run_0087.root	36996	-40.7185	7.80729
run_0087.root	37145	-45.8374	3.42646
run_0087.root	37178	-30.2023	6.00759
run_0087.root	37366	-23.6895	1.04438
run_0087.root	37376	-35.2185	4.99484
run_0087.root	37798	-38.2112	2.52783
run_0087.root	37826	-26.2771	923.914
run_0087.root	37837	-42.7681	14.2905
run_0087.root	37864	-33.8156	6.42081
run_0087.root	37974	-39.4005	2.05349
run_0087.root	38130	-26.4425	1.31289
run_0087.root	38359	-69.8046	4.21301
run_0087.root	38543	-21.1497	0.761109
run_0087.root	38612	-21.0262	11.0696
run_0087.root	38615	-34.9064	3.74378
run_0087.root	38666	-29.5419	3.46479
run_0087.root	39034	-26.7192	1.57064
run_0087.root	39041	-20.3036	0.990599
run_0087.root	39124	-41.9371	6.60363
run_0087.root	39126	-52.7961	6.09261
run_0087.root	39369	-47.5264	4.47646
run_0087.root	39429	-22.5458	12.1467
run_0087.root	39879	-34.5527	4.29691
run_0087.root	40100	-21.4978	2.21159
run_0087.root	40216	-42.3678	9.92204
run_0087.root	40242	-33.5492	1.98775
run_0087.root	40611	-25.836	2.06321
run_0087.root	40763	-59.0947	8.06998
run_0087.root	40871	-27.8666	2.9144
run_0087.root	40976	-49.6338	3.39114
run_0087.root	40982	-29.2116	2.57959
run_0087.root	41450	-68.1095	9.60236
run_0087.root	41458	-28.0982	2.21502
run_0087.root	41913	-36.5017	2.20492
run_0087.root	42263	-28.3674	4.30654
run_0087.root	42476	-41.5625	3.36005
run_0087.root	42601	-43.5412	10.2725
run_0087.root	42645	-23.4032	6.39797
run_0087.root	43209	-20.9194	3.9953
run_0087.root	43444	-29.0336	2.80281
run_0087.root	43836	-31.4152	4.77616
run_0087.root	43840	-49.0092	7.37509
run_0087.root	44027	-42.6099	4.97318
run_0087.root	44243	-30.5167	4.96951
run_0087.root	44318	-40.1923	1.05485
run_0087.root	44375	-23.2978	1.2136
run_0087.root	44783	-30.2331	4.69517
run_0087.root	45083	-29.1259	43.1118
run_0087.root	45633	-29.5319	1.43399
run_0087.root	45634	-29.5319	1.43399
run_0087.root	45694	-49.2876	7.17057
run_0087.root	45760	-36.5694	9.04082
run_0087.root	45976	-53.2756	5.59065
run_0087.root	46403	-29.8901	2.03992
run_0087.root	46468	-28.7674	607.304
run_0087.root	46773	-41.1452	7.63779
run_0087.root	46826	-34.3696	5.08159
run_0087.root	46929	-22.4973	3.00333
run_0087.root	46930	-20.6171	28.3313
run_0087.root	47473	-22.8232	41.2519
run_0087.root	47520	-27.3774	2.13747
run_0087.root	47874	-40.0206	0.925847
run_0087.root	47926	-36.3162	5.7622
run_0087.root	48115	-20.6024	1.75011
run_0087.root	48129	-56.0937	10.6077
run_0087.root	48232	-42.806	6.1783
run_0087.root	48233	-36.5141	1.05332
run_0087.root	48268	-23.3615	14.1843
run_0087.root	48434	-56.469	7.63178
run_0087.root	48573	-27.0692	5.54426
run_0087.root	48781	-59.665	12.0624
run_0087.root	48938	-32.3157	37.3878
run_0087.root	49244	-22.1945	83.9084
run_0087.root	49284	-26.5999	19.7647
run_0087.root	49546	-42.6348	3.87762
run_0087.root	49654	-54.4939	5.71031
run_0087.root	49727	-30.5273	0.808674
run_0087.root	49960	-48.4454	5.86062
run_0087.root	49993	-33.6553	15.6508
run_0087.root	50100	-31.0507	2.52765
run_0087.root	50108	-23.4926	2.51258
run_0087.root	50160	-24.1697	2.60953
run_0087.root	50316	-35.0113	1.82119
run_0087.root	50760	-31.4352	3.18136
run_0087.root	50786	-34.9067	2.43598
run_0087.root	50925	-33.1611	3.05519
run_0087.root	50972	-32.9297	7.46499
run_0087.root	51057	-64.6438	6.64077
run_0087.root	51585	-38.3217	5.15251
run_0087.root	51622	-37.4565	2.79581
run_0087.root	52078	-20.7138	2.39706
run_0087.root	52086	-32.8992	99.5037
run_0087.root	52443	-52.4511	36.6103
run_0087.root	52446	-28.6565	3.23255
run_0087.root	52507	-32.0347	0.601354
run_0087.root	52569	-33.2621	3.35679
run_0087.root	52653	-23.3213	5.65239
run_0087.root	52911	-44.0337	11.7065
run_0087.root	52972	-20.6014	0.368741
run_0087.root	53056	-41.7282	2.54141
run_0087.root	53176	-42.3269	7.10991
run_0087.root	53180	-28.0108	0.877347
run_0087.root	53345	-32.9758	1.56753
run_0087.root	53651	-20.9648	0.35959
run_0087.root	53721	-58.3604	4.1844
run_0087.root	53725	-42.9667	2.22846
run_0087.root	54336	-52.1114	14.1752
run_0087.root	54338	-21.3511	1111.05
run_0087.root	54339	-21.3511	1111.05
run_0087.root	54340	-21.3511	1111.05
run_0087.root	54356	-44.4543	2.6652
run_0087.root	54435	-45.8365	8.61331
run_0087.root	54460	-29.2141	6.12708
run_0087.root	54504	-27.5035	32.8043
run_0087.root	54671	-45.6106	7.11141
run_0087.root	54772	-41.2829	3.12531
run_0087.root	54883	-50.8335	4.19509
run_0087.root	54889	-43.7989	9063.77
run_0087.root	55418	-44.6973	2.85798
run_0087.root	55443	-43.5164	10.5806
run_0087.root	55477	-45.7156	5.18207
run_0087.root	55541	-40.9281	7.21603
run_0087.root	55542	-40.9281	7.21603
run_0087.root	56017	-34.7601	1.20611
run_0087.root	56018	-34.7601	1.20611
run_0087.root	56107	-23.9839	1.04828
run_0087.root	56576	-60.7377	7.7348
run_0087.root	56629	-40.1825	6.97838
run_0087.root	56635	-28.1787	3.71436
run_0087.root	57111	-24.9074	5.42073
run_0087.root	57154	-63.6937	6.84187
run_0087.root	57646	-20.8341	1.71285
run_0087.root	57945	-34.5651	1.78753
run_0087.root	58100	-24.1667	2.03003
run_0087.root	58120	-20.9275	3.76511
run_0087.root	58171	-24.2139	2.33708
run_0087.root	58470	-22.2161	141.455
run_0087.root	58871	-27.4973	1.20399
run_0087.root	58991	-33.3091	4.44259
run_0087.root	59062	-47.711	6.44748
run_0087.root	59154	-27.1185	3.69644
run_0087.root	59232	-28.6709	3.2668
run_0087.root	59384	-20.8359	1.32584
run_0087.root	59529	-36.4097	2.83288
run_0087.root	59588	-38.6973	2.30654
run_0087.root	59946	-39.3012	3.13738
run_0087.root	60001	-51.5999	19.7418
run_0087.root	60008	-38.7054	4.05467
run_0087.root	60949	-34.6275	1.78148
run_0087.root	60964	-41.437	2.83063
run_0087.root	61053	-24.9835	2.42934
run_0087.root	61292	-27.9157	2.23123
run_0087.root	61433	-38.3008	3.69926
run_0087.root	61714	-20.5615	12815.4
run_0087.root	61725	-50.8238	9.31601
run_0087.root	62036	-23.5217	4.1457
run_0087.root	62335	-25.6637	3.87605
run_0087.root	62362	-41.1951	16.05
run_0087.root	62462	-35.3578	3.94849
run_0089.root	144	-55.6645	3.25706
run_0089.root	156	-51.229	10.7654
run_0089.root	259	-20.8781	2.03326
run_0089.root	654	-57.1953	8.72637
run_0089.root	1419	-29.717	11.915
run_0089.root	1723	-21.1289	8.73667
run_0089.root	1823	-64.1072	6.39
run_0089.root	2000	-23.6025	1.0206
run_0089.root	2472	-21.0103	2.02433
run_0089.root	2553	-20.3377	1.38573
run_0089.root	3501	-33.4376	7.81665
run_0089.root	3781	-24.0121	1.2957
run_0089.root	4150	-31.1995	2.16017
run_0089.root	4154	-32.0684	2.88939
run_0089.root	4366	-25.3421	106.569
run_0089.root	4527	-29.7109	51.512
run_0089.root	4867	-29.286	5.15666
run_0089.root	5082	-63.9003	9.39314
run_0089.root	5358	-28.5465	4.02868
run_0089.root	5785	-34.2697	6.20514
run_0089.root	6261	-22.8217	297.113
run_0089.root	6616	-22.6947	0.697731
run_0089.root	6676	-27.3506	7.73484
run_0089.root	6682	-64.5223	18.5476
run_0089.root	6705	-24.7513	0.772789
run_0089.root	6737	-24.1905	4.56385
run_0089.root	6851	-48.6616	3.24343
run_0089.root	6943	-68.2332	11.1782
run_0089.root	6944	-68.2332	11.1782
run_0089.root	7152	-42.7365	5.69429
run_0089.root	7292	-24.4819	306.695
run_0089.root	7968	-59.677	4.50381
run_0089.root	8492	-25.731	1.74557
run_0089.root	8818	-27.2133	7.69643
run_0089.root	9252	-55.3736	22.0476
run_0089.root	9253	-55.3736	22.0476
run_0089.root	9468	-26.7071	20.3859
run_0089.root	9600	-44.9887	1.30376
run_0089.root	10196	-43.8732	2.09308
run_0089.root	10233	-46.097	5.4403
run_0089.root	10234	-46.097	5.4403
run_0089.root	10245	-22.3886	2.44005
run_0089.root	10295	-24.2911	5.18754
run_0089.root	10368	-25.7307	1.8543
run_0089.root	10895	-28.6174	1.39095
run_0089.root	11276	-64.7963	8.17095
run_0089.root	11435	-23.0672	0.975536
run_0089.root	11836	-20.4166	457.21
run_0089.root	12217	-28.5269	6.20563
run_0089.root	12398	-25.4804	3.23581
run_0089.root	12969	-20.0614	0.873071
run_0089.root	13645	-27.9651	2.35965
run_0089.root	13845	-29.8857	2917.98
run_0089.root	13846	-36.9638	45.3386
run_0089.root	13916	-23.2167	12.732
run_0089.root	13965	-43.3688	7.26789
run_0089.root	14395	-23.0494	4.912
run_0089.root	14486	-24.7812	93.4531
run_0089.root	14914	-29.2253	2.96392
run_0089.root	14924	-22.341	12.4774
run_0089.root	14940	-43.0206	5.62369
run_0089.root	14988	-44.7722	3.116
run_0089.root	15241	-53.4959	8.04209
run_0089.root	15717	-24.6398	1.56979
run_0089.root	15775	-56.1072	7.96211
run_0089.root	15907	-33.5808	1.79947
run_0089.root	16126	-55.9865	7.37477
run_0089.root	16316	-21.1247	0.711396
run_0089.root	16384	-45.7646	5.94174
run_0089.root	16456	-42.6588	5.52339
run_0089.root	16555	-23.1456	1.00653
run_0089.root	16646	-25.7867	0.889754
run_0089.root	16847	-29.4356	1.13102
run_0089.root	17430	-24.4323	1.74389
run_0089.root	17686	-41.2643	7.68031
run_0089.root	18373	-21.1554	1.52039
run_0089.root	18524	-54.1963	4.34121
run_0089.root	18542	-20.7131	1.82238
run_0089.root	18953	-63.2846	7.50436
run_0089.root	18982	-22.7256	1.30841
run_0089.root	19025	-23.5623	0.917155
run_0089.root	19265	-38.8858	4.17837
run_0089.root	19644	-27.3337	1.47213
run_0089.root	19698	-20.609	1.20817
run_0089.root	19704	-31.1324	1.69544
run_0089.root	19732	-41.6368	5.82853
run_0089.root	20237	-50.5097	5.8971
run_0089.root	20385	-38.0611	2.2138
run_0089.root	20939	-22.9217	0.555506
run_0089.root	21060	-21.1235	1.96874
run_0089.root	21080	-24.8509	0.996548
run_0089.root	21116	-28.9999	7.15545
run_0089.root	21154	-36.721	6.43334
run_0089.root	21259	-39.1283	26.2513
run_0089.root	21803	-29.8832	2.82775
run_0089.root	21944	-32.8554	45.255
run_0089.root	22108	-24.7877	0.958034
run_0089.root	22109	-24.7877	0.958034
run_0089.root	22313	-33.9145	1.70265
run_0089.root	22575	-44.308	3.14325
run_0089.root	22909	-46.1641	9.73892
run_0089.root	22913	-42.9718	6.94254
run_0089.root	23019	-20.7962	5.10008
run_0089.root	23065	-28.7545	188.3
run_0089.root	23070	-24.2841	3.00549
run_0089.root	23101	-60.4144	6.70669
run_0089.root	23255	-27.0402	2.31841
run_0089.root	23368	-40.7354	11.7466
run_0089.root	23684	-22.5471	1.25489
run_0089.root	24264	-55.2945	3.30306
run_0089.root	24333	-36.1666	4.69958
run_0089.root	24455	-51.6824	6.07851
run_0089.root	24566	-22.7692	4.5304
run_0089.root	24665	-47.3971	0.543433
run_0089.root	24685	-24.2251	6.27531
run_0089.root	24942	-27.9896	2.11528
run_0089.root	24979	-51.1977	6.90227
run_0089.root	25127	-20.2224	34.4897
run_0089.root	25469	-21.2168	4.48643
run_0089.root	25580	-57.3986	6.33072
run_0089.root	25590	-26.1476	0.62483
run_0089.root	25652	-21.7945	6.18528
run_0089.root	25891	-43.2654	9.49651
run_0089.root	26297	-25.5768	2.11074
run_0089.root	26723	-33.1421	0.0994327
run_0089.root	26768	-27.9172	6.89056
run_0089.root	26817	-30.5945	3.49919
run_0089.root	26856	-25.3328	2.15762
run_0089.root	26890	-30.4899	7.67723
run_0089.root	26978	-34.9007	5.28909
run_0089.root	27465	-21.0565	2.87351
run_0089.root	27509	-31.5253	2.12409
run_0089.root	27778	-32.4321	4.21017
run_0089.root	27793	-80.312	3.97054
run_0089.root	27821	-25.5206	0.95554
run_0089.root	27875	-33.0686	3.482
run_0089.root	27982	-26.3192	3.29922
run_0089.root	28192	-24.3471	1.00761
run_0089.root	28255	-39.8256	3.43546
run_0089.root	28432	-23.5418	0.551125
run_0089.root	28641	-44.4519	2.39443
run_0089.root	28835	-28.0159	4.86019
run_0089.root	28964	-42.9969	5.67712
run_0089.root	29043	-30.5174	2.22087
run_0089.root	29073	-23.1598	5.77304
run_0089.root	29105	-28.96	1.00162
run_0089.root	29106	-28.96	1.00162
run_0089.root	29107	-28.96	1.00162
run_0089.root	29178	-27.2805	6.08067
run_0089.root	29193	-28.8542	2.24662
run_0089.root	29408	-38.2307	1.46568
run_0089.root	29497	-45.9744	2.89138
run_0089.root	29590	-32.214	108.665
run_0089.root	29666	-42.578	1.34988
run_0089.root	30402	-31.7457	0.998915
run_0089.root	30695	-64.4513	13.2647
run_0089.root	30753	-37.322	27.818
run_0089.root	30828	-73.0578	23.2154
run_0089.root	30834	-20.5449	3.08925
run_0089.root	30835	-20.5449	3.08925
run_0089.root	31077	-30.3176	2.47629
run_0089.root	31420	-31.8394	5.51878
run_0089.root	32150	-33.8597	1.88755
run_0089.root	32249	-27.5271	3.0369
run_0089.root	32278	-37.7302	3.91653
run_0089.root	32681	-29.9935	3.05877
run_0089.root	32782	-30.9039	3.74721
run_0089.root	32827	-37.3852	2.36311
run_0089.root	33146	-20.4373	17.0698
run_0089.root	33471	-66.6927	10.4966
run_0089.root	34180	-36.6598	2.40643
run_0089.root	34463	-27.7736	4.76817
run_0089.root	34588	-43.0704	2.83134
run_0089.root	34910	-53.5228	8.32315
run_0089.root	35006	-36.123	13.4327
run_0089.root	35172	-35.7439	1.8024
run_0089.root	35508	-43.869	3.31865
run_0089.root	35945	-20.7868	2.28602
run_0089.root	35968	-25.2069	55.5434
run_0089.root	36244	-29.5493	1.28166
run_0089.root	36458	-27.539	1.54097
run_0089.root	37005	-33.4356	9.38711
run_0089.root	37075	-26.6073	2.89954
run_0089.root	37120	-39.988	3.92896
run_0089.root	37180	-28.8605	1.09144
run_0089.root	37502	-25.74	6.99134
run_0089.root	37695	-20.7845	211.958
run_0089.root	37713	-41.3745	3.79692
run_0089.root	37763	-22.8058	0.548371
run_0089.root	38078	-26.9241	1.52164
run_0089.root	38268	-36.3427	8.846
run_0089.root	38332	-48.2032	6.4437
run_0089.root	38442	-39.0281	1.76579
run_0089.root	38721	-25.7733	4.9849
run_0089.root	38747	-58.871	6.58322
run_0089.root	39206	-20.5864	0.505679
run_0089.root	39260	-23.2612	13.1968
run_0089.root	39480	-28.2326	2.58177
run_0089.root	39630	-31.0517	4.71151
run_0089.root	39765	-32.3541	1.32379
run_0089.root	39959	-32.3405	36.5849
run_0089.root	40188	-26.6942	331.742
run_0089.root	40317	-42.7832	3.77063
run_0089.root	40399	-20.6142	3073.38
run_0089.root	40473	-22.9852	1.05743
run_0089.root	40730	-29.9709	1.28832
run_0089.root	41093	-44.41	3.11827
run_0089.root	41149	-33.5814	1.77622
run_0089.root	41197	-23.1663	0.736712
run_0089.root	41445	-29.274	26.765
run_0089.root	41740	-26.1012	2.3902
run_0089.root	41771	-35.3771	3.68474
run_0089.root	41911	-28.9199	1.84227
run_0089.root	42284	-28.3772	1.35331
run_0089.root	42686	-37.0225	8.10019
run_0089.root	42829	-23.7209	0.689126
run_0089.root	43055	-26.7947	2.54085
run_0089.root	43059	-42.2163	30.4703
run_0089.root	43083	-44.1289	2.44342
run_0089.root	43265	-49.0429	144.053
run_0089.root	43479	-36.7087	6.42004
run_0089.root	43709	-22.246	0.47741
run_0089.root	43721	-50.7803	3.37691
run_0089.root	43773	-37.2569	1.49464
run_0089.root	43836	-44.5335	7.48333
run_0089.root	43848	-20.0932	2.80625
run_0089.root	44014	-28.2813	1.64916
run_0089.root	44048	-79.431	9.83654
run_0089.root	44145	-35.5648	1.97695
run_0089.root	44378	-20.03	0.325485
run_0089.root	44678	-31.5135	1.68556
run_0089.root	44822	-34.2393	5.96582
run_0089.root	44896	-33.2417	1.71928
run_0089.root	45376	-26.625	3.25475
run_0089.root	45415	-42.8317	3.52164
run_0089.root	45718	-22.1824	55.6766
run_0089.root	45991	-33.858	1.45103
run_0089.root	45992	-64.2852	4.32588
run_0089.root	46109	-30.3522	1.19956
run_0089.root	46581	-20.5834	5.58405
run_0089.root	46877	-22.1163	3.64235
run_0089.root	46892	-27.2148	1.05268
run_0089.root	47275	-21.6742	0.182521
run_0089.root	47390	-22.1342	9.35465
run_0089.root	47508	-30.6639	0.194642
run_0089.root	47794	-34.3135	1.00276
run_0089.root	47878	-34.1311	2.34057
run_0089.root	47900	-32.464	2.42278
run_0089.root	47909	-30.4155	5.58032
run_0089.root	47927	-35.0881	4.42157
run_0089.root	48020	-41.0194	2.22644
run_0089.root	48146	-47.848	3.76069
run_0089.root	48218	-42.1777	8.49706
run_0089.root	48523	-42.506	7.33267
run_0089.root	48758	-50.4768	3.1795
run_0089.root	48805	-20.9392	6.96295
run_0089.root	48806	-20.9392	6.96295
run_0089.root	48957	-65.1534	5.50119
run_0089.root	49170	-41.8166	3.63219
run_0089.root	49280	-23.0277	13.7037
run_0089.root	49592	-43.0763	11.8301
run_0089.root	50144	-41.3058	1.23929
run_0089.root	50434	-42.3809	16.855
run_0089.root	50926	-59.9547	7.69386
run_0089.root	50976	-20.4296	0.427386
run_0089.root	51094	-24.2861	0.62694
run_0089.root	51180	-27.1152	6.18115
run_0089.root	51185	-44.0121	4.57116
run_0089.root	51188	-24.8899	1.16243
run_0089.root	51804	-44.172	5.4126
run_0089.root	52056	-44.0849	4.89625
run_0089.root	52187	-28.3113	9.02173
run_0089.root	52271	-39.4907	2.49087
run_0089.root	52537	-20.6631	1.01965
run_0089.root	52584	-56.2517	3.83358
run_0089.root	52882	-28.1197	2.03534
run_0089.root	54036	-46.6796	3.29573
run_0089.root	54085	-24.8566	1726.2
run_0089.root	54322	-25.3997	4.70522
run_0089.root	54600	-41.2313	5.10228
run_0089.root	54894	-31.8185	2.49875
run_0089.root	55344	-55.8527	7.39087
run_0089.root	55359	-36.9888	4.52932
run_0089.root	55406	-59.0076	6.97984
run_0089.root	55480	-47.3574	5.30754
run_0089.root	55601	-49.2355	5.57469
run_0089.root	55732	-27.9026	1.2537
run_0089.root	55733	-35.2818	0.85954
run_0089.root	55774	-33.9726	2.80369
run_0089.root	55857	-41.6479	10.8002
run_0089.root	55895	-47.4987	27.0857
run_0089.root	56018	-24.3958	15.5352
run_0089.root	56165	-30.4423	2.47997
run_0089.root	56171	-41.2036	5.41742
run_0089.root	56631	-22.1016	13.5899
run_0089.root	56923	-31.2508	4.9787
run_0089.root	57019	-46.9291	2.34519
run_0089.root	57155	-24.22	1.73959
run_0089.root	57360	-31.3287	84.8278
run_0089.root	57499	-57.9967	6.61651
run_0089.root	57908	-40.7564	3.46039
run_0089.root	57967	-21.0508	4.11544
run_0089.root	57978	-27.2682	13.7712
run_0089.root	58323	-29.9553	3.99469
run_0089.root	58499	-28.3178	4.54342
run_0089.root	58509	-26.8436	306.124
run_0089.root	58744	-24.8576	0.569952
run_0089.root	58776	-48.2013	8.29727
run_0089.root	58801	-32.8344	2.34364
run_0089.root	58901	-27.0803	2.25876
run_0089.root	59176	-51.8564	5.31735
run_0089.root	59321	-36.4204	1.51355
run_0089.root	59696	-24.0122	1.21931
run_0089.root	59749	-30.5228	8.19477
run_0089.root	60040	-44.1916	10.9822
run_0089.root	60244	-29.2208	2.64064
run_0089.root	60468	-24.5182	0.687085
run_0089.root	60580	-23.7669	536.082
run_0089.root	60649	-23.3492	1.27249
run_0089.root	61374	-20.5509	49.4953
run_0089.root	61727	-27.3514	1.35076
run_0089.root	61823	-40.4791	86.3952
run_0089.root	61942	-38.3643	2.26347
run_0089.root	61980	-60.446	9.31292
run_0089.root	62284	-44.1707	17.1377
run_0089.root	62397	-35.0064	6.74218
run_0089.root	62639	-34.3229	2.63149
run_0089.root	62797	-39.1876	3.27776
run_0089.root	62905	-38.2358	4.76445
run_0089.root	63314	-20.3065	2.73385
run_0089.root	63681	-56.4879	10.2085
run_0089.root	64074	-25.6024	1.63417
run_0090.root	11	-22.6144	1.34065
run_0090.root	81	-57.7875	7.03011
run_0090.root	204	-51.0845	2.98579
run_0090.root	506	-26.9674	9.65428
run_0090.root	897	-81.4087	11.8372
run_0090.root	946	-36.389	3.67375
run_0090.root	1523	-38.4681	2.04452
run_0090.root	1978	-30.3181	0.965637
run_0090.root	2072	-52.2085	4.41643
run_0090.root	2479	-63.3378	10.9411
run_0090.root	2829	-28.7764	1.99528
run_0090.root	3188	-68.3242	10.5144
run_0090.root	3208	-35.1459	2.48134
run_0090.root	3221	-36.2655	1.16431
run_0090.root	3297	-25.4429	0.842045
run_0090.root	3996	-45.48	3.3604
run_0090.root	4141	-32.6755	1.36494
run_0090.root	4750	-33.7352	11.6126
run_0090.root	4789	-27.1653	5.68894
run_0090.root	5012	-37.5212	3.71365
run_0090.root	5058	-21.4317	95.2591
run_0090.root	5108	-25.898	11.2034
run_0090.root	5277	-61.0019	3.9401
run_0090.root	5294	-40.4332	1.10958
run_0090.root	5432	-26.3956	5.46819
run_0090.root	5526	-21.1585	1.10404
run_0090.root	5574	-42.8904	2.72433
run_0090.root	6013	-41.8059	3.87928
run_0090.root	6014	-41.8059	3.87928
run_0090.root	7019	-35.5257	5.94014
run_0090.root	7320	-40.7004	2.31441
run_0090.root	7380	-35.35	1.9214
run_0090.root	7639	-30.6947	2.91766
run_0090.root	7657	-40.7577	1.98952
run_0090.root	7687	-49.313	11.4279
run_0090.root	7767	-59.9354	5.74748
run_0090.root	7771	-22.2386	6.96597
run_0090.root	8028	-40.7142	2.89788
run_0090.root	8213	-20.9685	4.87239
run_0090.root	8237	-24.5654	2.71682
run_0090.root	8300	-35.4271	7.66856
run_0090.root	8450	-28.8369	1.2635
run_0090.root	8623	-34.7469	5.1552
run_0090.root	8789	-38.3487	1.76867
run_0090.root	8839	-23.531	25.7843
run_0090.root	9028	-48.5859	3.44304
run_0090.root	9195	-36.1985	4.89586
run_0090.root	9196	-36.1985	4.89586
run_0090.root	9340	-24.3399	2.77758
run_0090.root	9609	-22.5073	1.91697
run_0090.root	10663	-49.0668	5.35893
run_0090.root	11015	-23.3219	7.53575
run_0090.root	11142	-26.3683	25.7354
run_0090.root	11221	-37.5909	1.17855
run_0090.root	11332	-37.7633	7.62214
run_0090.root	11376	-22.9815	2.17195
run_0090.root	11726	-25.8053	0.430576
run_0090.root	11771	-32.8956	6.82559
run_0090.root	11855	-27.2893	2.61394
run_0090.root	11914	-80.4862	20.1478
run_0090.root	11999	-20.0214	5.70974
run_0090.root	12021	-36.2059	5.45688
run_0090.root	12031	-52.5118	7.55676
run_0090.root	12032	-52.5118	7.55676
run_0090.root	12235	-24.9343	300.647
run_0090.root	12793	-57.9447	5.30921
run_0090.root	13058	-28.0202	18.3545
run_0090.root	13118	-45.6599	2.48723
run_0090.root	13128	-32.0536	1.06205
run_0090.root	13356	-53.5568	3.29594
run_0090.root	14030	-41.1949	2.1845
run_0090.root	14271	-48.2804	10.9392
run_0090.root	14387	-51.1747	6.47751
run_0090.root	14633	-30.9721	2.89523
run_0090.root	14906	-31.1155	16.0708
run_0090.root	15098	-44.2163	3.84561
run_0090.root	15356	-41.21	2.93226
run_0090.root	15376	-28.3201	14.0048
run_0090.root	15442	-20.1609	2.41238
run_0090.root	15525	-20.2278	0.354639
run_0090.root	15653	-42.2472	5.488
run_0090.root	15711	-32.9988	5.20376
run_0090.root	15712	-31.2208	1.57471
run_0090.root	16087	-30.6128	1.42202
run_0090.root	16088	-30.6128	1.42202
run_0090.root	16271	-24.483	1.86862
run_0090.root	16376	-21.1832	116.418
run_0090.root	16801	-32.1628	11.5572
run_0090.root	16868	-46.7713	6.12391
run_0090.root	17550	-37.6024	1.3998
run_0090.root	17680	-25.9913	3.02911
run_0090.root	17746	-41.0232	3.84676
run_0090.root	18021	-21.604	1.20717
run_0090.root	18224	-31.5006	2.17447
run_0090.root	18377	-46.1346	9.71379
run_0090.root	18463	-23.5179	2.24105
run_0090.root	18938	-22.3121	23.1119
run_0090.root	19481	-27.6577	1.39149
run_0090.root	19514	-35.0385	1.54598
run_0090.root	19849	-51.724	10.0689
run_0090.root	20630	-30.7858	6.24878
run_0090.root	20755	-48.2401	4.41314
run_0090.root	20783	-40.6081	8.79173
run_0090.root	20975	-41.4462	5.1672
run_0090.root	20983	-27.3847	9.99777
run_0090.root	21425	-21.9016	6.91089
run_0090.root	21518	-26.5028	7.90528
run_0090.root	21552	-37.3164	754.658
run_0090.root	21747	-21.3274	2.81776
run_0090.root	21838	-48.0027	5.27369
run_0090.root	22037	-20.9667	0.55913
run_0090.root	22263	-61.031	8.46387
run_0090.root	22278	-57.1849	8.295
run_0090.root	22865	-31.9243	2.32288
run_0090.root	23151	-20.0473	0.445335
run_0090.root	23271	-31.6528	27.5951
run_0090.root	23546	-28.3046	1.71735
run_0090.root	24275	-54.56	8.56837
run_0090.root	24498	-37.507	6.9601
run_0090.root	24855	-40.3196	2.84294
run_0090.root	25012	-34.9982	3.12097
run_0090.root	25864	-45.1712	3.01475
run_0090.root	26007	-20.05	3.23669
run_0090.root	26050	-35.58	3.97017
run_0090.root	26099	-24.8613	45.911
run_0090.root	26129	-28.4978	1.38116
run_0090.root	26209	-38.0047	2.12676
run_0090.root	26415	-30.3659	3.4597
run_0090.root	26489	-30.0642	2.1273
run_0090.root	26509	-39.4449	5.06808
run_0090.root	26633	-51.7809	1698.24
run_0090.root	26755	-24.1132	2.34936
run_0090.root	26986	-22.2224	111.772
run_0090.root	27037	-31.4416	1.40615
run_0090.root	27273	-42.8585	7.43126
run_0090.root	27548	-21.276	1.94954
run_0090.root	27781	-23.9899	4.49863
run_0090.root	27891	-48.5685	2.95479
run_0090.root	27952	-30.6267	2.61107
run_0090.root	28654	-22.1045	0.674545
run_0090.root	28683	-30.2287	1.2079
run_0090.root	28878	-157.732	5.76958
run_0090.root	29169	-28.6557	7.06457
run_0090.root	29451	-50.4515	18.8638
run_0090.root	29457	-40.9719	7.8654
run_0090.root	29790	-21.2834	2.88718
run_0090.root	29923	-31.7704	7.19793
run_0090.root	30082	-22.1327	19.5169
run_0090.root	30192	-26.0763	0.938374
run_0090.root	30333	-25.6167	105.755
run_0090.root	30352	-41.3165	5.40244
run_0090.root	30353	-41.3165	5.40244
run_0090.root	30743	-40.489	1.48596
run_0090.root	30772	-25.6877	0.71984
run_0090.root	31081	-33.7058	15.2286
run_0090.root	31317	-30.3814	2.6949
run_0090.root	31777	-29.3348	1.63855
run_0090.root	31786	-76.7349	1.96161
run_0090.root	31884	-47.4853	4.30422
run_0090.root	32042	-22.2038	1.79668
run_0090.root	32457	-48.7065	2.83402
run_0090.root	32587	-22.9782	106.469
run_0090.root	32680	-21.9714	3.84365
run_0090.root	32787	-32.7007	2.88891
run_0090.root	32999	-35.418	6.26122
run_0090.root	33012	-32.6693	21.663
run_0090.root	33148	-25.2199	12974.1
run_0090.root	33196	-21.5131	4.15427
run_0090.root	33319	-45.9754	2.78097
run_0090.root	33348	-36.1637	7.44312
run_0090.root	33525	-30.8019	1.92923
run_0090.root	33710	-39.4192	11.1406
run_0090.root	33788	-26.3098	2.51322
run_0090.root	34047	-33.5524	3.81894
run_0090.root	34061	-35.8176	3.37177
run_0090.root	34253	-52.5523	6.52969
run_0090.root	34302	-33.3954	3.4246
run_0090.root	34382	-25.2258	883.156
run_0090.root	35074	-27.1912	6.85754
run_0090.root	35120	-46.4627	7.32007
run_0090.root	35121	-46.4627	7.32007
run_0090.root	35186	-51.1479	10.7675
run_0090.root	35346	-24.3692	0.729173
run_0090.root	35921	-27.8661	1.93209
run_0090.root	36070	-44.2717	11.2764
run_0090.root	36106	-24.2515	2.95728
run_0090.root	36573	-21.4391	0.811496
run_0090.root	37004	-21.4664	4.57129
run_0090.root	37141	-20.7344	153.545
run_0090.root	37227	-46.4302	2.53573
run_0090.root	37612	-24.1498	5.84942
run_0090.root	37714	-31.3563	8.7377
run_0090.root	37755	-25.1166	0.50051
run_0090.root	37764	-38.9028	3.07221
run_0090.root	37782	-30.4767	3.51669
run_0090.root	37840	-29.9584	0.652088
run_0090.root	37956	-57.9554	5.72171
run_0090.root	38312	-20.4281	0.624337
run_0090.root	39000	-28.2034	0.914828
run_0090.root	39100	-42.1174	2.78909
run_0090.root	39503	-66.8928	2.48414
run_0090.root	39613	-48.4469	6.86304
run_0090.root	39653	-33.2569	2.20674
run_0090.root	39661	-47.6162	4.07779
run_0090.root	39845	-56.736	7.72148
run_0090.root	40273	-33.9707	1.38473
run_0090.root	40450	-33.0589	4.43347
run_0090.root	40542	-22.2148	0.827805
run_0090.root	41028	-36.3179	1.59816
run_0090.root	41205	-28.0449	3.9373
run_0090.root	41217	-43.5202	1.8807
run_0090.root	41362	-59.1663	3.91084
run_0090.root	41477	-24.6302	0.945358
run_0090.root	41502	-34.2024	2.16091
run_0090.root	41594	-35.5617	3.10502
run_0090.root	41817	-25.2824	7.85128
run_0090.root	42735	-31.6581	48.1649
run_0090.root	42895	-47.874	3.3485
run_0090.root	43312	-23.6834	0.746655
run_0090.root	43406	-31.181	7.2793
run_0090.root	43772	-21.0009	7.84619
run_0090.root	43930	-48.2167	5.2543
run_0090.root	43942	-29.1922	7.41721
run_0090.root	44079	-20.4428	0.244738
run_0090.root	44543	-31.1963	1.3537
run_0090.root	44651	-28.395	152.285
run_0090.root	44664	-21.4513	2.90684
run_0090.root	44775	-20.4518	2.42503
run_0090.root	44979	-34.4873	6.25488
run_0090.root	45071	-29.2239	3.62101
run_0090.root	45227	-28.7984	2.16495
run_0090.root	45431	-21.6161	2.41986
run_0090.root	45688	-32.2194	2.69998
run_0090.root	45791	-28.9797	681.029
run_0090.root	45910	-28.6474	2.13284
run_0090.root	45952	-39.3005	4.6136
run_0090.root	46053	-40.4697	3.89346
run_0090.root	46054	-40.4697	3.89346
run_0090.root	46055	-40.4697	3.89346
run_0090.root	46872	-26.6362	2.30348
run_0090.root	46892	-22.4957	3.35486
run_0090.root	46902	-27.1507	173.124
run_0090.root	47155	-21.4713	1.71121
run_0090.root	47272	-27.8258	2.67788
run_0090.root	47354	-47.9008	11.8645
run_0090.root	47390	-26.6879	1.9285
run_0090.root	47679	-26.5331	1.27449
run_0090.root	47796	-29.4235	1.58274
run_0090.root	47958	-23.6441	2.16609
run_0090.root	47959	-23.6441	2.16609
run_0090.root	48364	-20.3763	3.4433
run_0090.root	48963	-27.9674	2.35333
run_0090.root	49057	-20.4144	6.44549
run_0090.root	49071	-49.3098	3.80021
run_0090.root	49510	-22.5887	0.808131
run_0090.root	49811	-35.8755	3.64329
run_0090.root	49855	-40.0826	2.9843
run_0090.root	49856	-40.0826	2.9843
run_0090.root	49962	-29.2369	0.0732271
run_0090.root	50100	-29.9189	1.13799
run_0090.root	50381	-36.4702	1.5449
run_0090.root	50690	-24.8563	99.7415
run_0090.root	50739	-29.5173	3.96931
run_0090.root	50850	-21.7906	52.9274
run_0090.root	50940	-38.9217	8.11573
run_0090.root	51095	-88.0486	29.9269
run_0090.root	51851	-32.9316	1.38127
run_0090.root	51932	-23.3952	137.58
run_0090.root	52052	-36.3802	18.1532
run_0090.root	52116	-57.7888	5.71432
run_0090.root	52202	-26.9697	2.16121
run_0090.root	52210	-111.049	7.89414
run_0090.root	52588	-23.8696	26.3236
run_0090.root	52640	-32.515	0.521945
run_0090.root	52986	-22.851	1.52938
run_0090.root	53121	-20.8971	4.77404
run_0090.root	53292	-34.76	213.173
run_0090.root	53865	-26.3716	1.38648
run_0090.root	54090	-23.6647	6.56206
run_0090.root	54512	-22.5563	111.455
run_0090.root	54594	-33.5912	3.06906
run_0090.root	54695	-30.3357	2.40462
run_0090.root	54905	-27.6367	7.37164
run_0090.root	55157	-22.0491	1.05516
run_0090.root	55253	-37.5245	2.98421
run_0090.root	55414	-25.3011	3.17055
run_0090.root	55618	-21.6264	26.2698
run_0090.root	55717	-23.5327	4151.44
run_0090.root	55940	-34.678	5.91026
run_0090.root	56052	-20.1386	5.19801
run_0090.root	56579	-30.6746	7.44791
run_0090.root	56684	-49.1473	4.9857
run_0090.root	56751	-20.4309	3.76699
run_0090.root	56970	-41.6356	4.02138
run_0090.root	57225	-25.4895	0.799768
run_0090.root	57274	-29.9035	4.31174
run_0090.root	57509	-23.1971	2.27437
run_0090.root	57557	-31.0301	0.7746
run_0090.root	57639	-21.2998	8.48622
run_0090.root	57650	-27.5443	2.05949
run_0090.root	57880	-37.2023	6.55092
run_0090.root	58240	-49.8353	3.35314
run_0090.root	58586	-23.0355	2.17968
run_0090.root	58762	-22.805	3.612
run_0090.root	58800	-22.705	0.95057
run_0090.root	58834	-27.5947	1.58393
run_0090.root	59077	-54.9413	1.40318
run_0090.root	59356	-46.9994	2.97453
run_0090.root	59360	-39.7376	7.05947
run_0090.root	59762	-52.8431	5.08151
run_0090.root	59804	-23.2625	6.75878
run_0090.root	61052	-32.5586	0.367952
run_0090.root	61476	-29.4364	1515.58
run_0090.root	61528	-20.3232	1.20285
run_0090.root	61599	-49.352	3.00485
run_0090.root	61791	-26.0119	1.74956
run_0090.root	61875	-25.541	1.04935
run_0090.root	61880	-52.2837	6.85171
run_0090.root	62306	-34.4226	1.19754
run_0090.root	62348	-39.4894	4.80924
run_0090.root	62454	-34.9724	1.89401
run_0090.root	62852	-33.7606	2.13941
run_0090.root	63174	-30.8076	2.20162
run_0090.root	63194	-27.627	1.06907
run_0090.root	63488	-50.2299	9.48833
run_0090.root	63632	-20.0418	545.395
run_0090.root	63668	-28.1861	2.32228
run_0090.root	64092	-36.6614	5.27614
run_0090.root	64355	-27.1121	2.49234
run_0090.root	64702	-34.1436	7.31771
run_0090.root	65032	-27.8381	14.8945
run_0090.root	65276	-22.6686	1.53546
run_0090.root	65386	-30.2084	0.651977
run_0090.root	65834	-41.5378	7.38456
run_0090.root	65873	-38.3141	2.93459
run_0090.root	66110	-21.0906	2.62609
run_0090.root	66386	-28.71	1.97304
run_0090.root	66584	-42.6504	8.0209
run_0090.root	66625	-20.2756	1.73617
run_0090.root	66650	-32.6798	0.776879
run_0090.root	66738	-37.0571	2.0548
run_0090.root	66801	-26.1795	1.63411
run_0090.root	66855	-42.3567	5.5478
run_0090.root	66939	-28.5303	2.96828
run_0090.root	67177	-58.1691	6.66658
run_0090.root	67199	-27.4033	0.919312
run_0090.root	67662	-30.3659	1.07109
run_0090.root	67675	-21.6425	1.14512
run_0090.root	68098	-24.345	42.6995
run_0090.root	68101	-25.3412	5.1307
run_0090.root	68109	-24.8445	8.56981
run_0091.root	222	-50.8713	2.89146
run_0091.root	683	-33.7611	4.09672
run_0091.root	769	-46.0432	1.84643
run_0091.root	933	-40.4873	19.9158
run_0091.root	1132	-40.4691	2.17574
run_0091.root	1144	-43.3584	7.24767
run_0091.root	1661	-26.9657	2.10344
run_0091.root	1981	-28.5996	1.08807
run_0091.root	2365	-39.4905	3.39178
run_0091.root	2381	-37.4972	2.96297
run_0091.root	2398	-21.2791	2.19008
run_0091.root	2718	-50.5163	2.92983
run_0091.root	2750	-60.3272	3.43905
run_0091.root	3060	-22.2294	12.8478
run_0091.root	3214	-36.7662	5.2582
run_0091.root	3574	-89.0466	7.0238
run_0091.root	3998	-41.8139	7.4279
run_0091.root	4277	-25.2088	3.75304
run_0091.root	4741	-22.6383	6.86219
run_0091.root	4828	-48.656	3.71583
run_0091.root	4858	-23.5448	3771.88
run_0091.root	5151	-25.2451	0.436724
run_0091.root	5759	-22.114	1.95517
run_0091.root	5768	-28.6334	0.914443
run_0091.root	5815	-66.3942	12.8583
run_0091.root	5818	-20.5798	1.77518
run_0091.root	6046	-24.5747	3.1806
run_0091.root	6406	-27.6933	4.65184
run_0091.root	6690	-23.4446	13.2703
run_0091.root	6812	-20.8591	1.5248
run_0091.root	7143	-25.1766	2.63027
run_0091.root	7154	-49.4516	95.5708
run_0091.root	7314	-27.3918	1.22724
run_0091.root	7480	-21.55	0.950249
run_0091.root	7510	-27.1836	5.73438
run_0091.root	7555	-27.2608	1.72087
run_0091.root	7869	-39.5353	4.45938
run_0091.root	7912	-32.6908	1.22825
run_0091.root	8588	-25.1832	3.9565
run_0091.root	8674	-35.072	1.4958
run_0091.root	8782	-45.4582	3.01027
run_0091.root	9504	-28.1286	2.22286
run_0091.root	9576	-46.4364	4.63479
run_0091.root	9872	-21.4389	0.972312
run_0091.root	10508	-21.0784	1.3127
run_0091.root	10684	-29.4604	2.04137
run_0091.root	10785	-26.6023	4.49198
run_0091.root	10795	-43.2105	5.33958
run_0091.root	11854	-23.0563	6.46177
run_0091.root	12175	-47.9318	4.15841
run_0091.root	12277	-25.8684	1.15257
run_0091.root	12307	-31.8163	1.50895
run_0091.root	12465	-46.4156	5.0689
run_0091.root	12715	-28.3024	30.9258
run_0091.root	13170	-53.0946	5.10607
run_0091.root	13225	-63.1578	9.47876
run_0091.root	13323	-46.2758	4.85054
run_0091.root	14156	-42.8759	2.84054
run_0091.root	14282	-40.4645	3.43792
run_0091.root	14285	-24.6712	0.770291
run_0091.root	14336	-38.6734	2.2436
run_0091.root	14386	-34.2526	1.09744
run_0091.root	14640	-62.851	4.71411
run_0091.root	14682	-25.436	3.20056
run_0091.root	14838	-27.7097	1.12501
run_0091.root	15321	-52.9215	9.43948
run_0091.root	15540	-23.4607	0.69412
run_0091.root	15561	-25.2293	4.34253
run_0091.root	15742	-20.4262	0.685544
run_0091.root	16663	-49.7321	336.108
run_0091.root	17091	-34.8428	2.98001
run_0091.root	17286	-24.9915	2.68223
run_0091.root	17329	-49.8846	4.84415
run_0091.root	17625	-27.4792	1.62781
run_0091.root	17640	-35.2416	2.30264
run_0091.root	18080	-33.2866	1.01206
run_0091.root	18401	-28.461	117.406
run_0091.root	18539	-46.7346	2.70488
run_0091.root	18658	-32.721	3.06455
run_0091.root	18826	-40.6189	8.43086
run_0091.root	19197	-55.6205	18.0972
run_0091.root	19207	-25.3773	2.08454
run_0091.root	19261	-41.3477	11.1351
run_0091.root	19384	-36.8698	1.62021
run_0091.root	19625	-28.647	2.03259
run_0091.root	19694	-43.0923	2.2624
run_0091.root	19790	-38.0371	80.2829
run_0091.root	20064	-21.2169	25.7527
run_0091.root	20288	-36.2669	3.50235
run_0091.root	20449	-50.2248	4.67152
run_0091.root	20554	-48.1488	3.19714
run_0091.root	21314	-23.6985	0.688269
run_0091.root	21454	-33.8154	3.26438
run_0091.root	21634	-23.783	38.4936
run_0091.root	21882	-38.5418	5.61294
run_0091.root	21911	-33.7688	4.19554
run_0091.root	22186	-35.5668	3.03548
run_0091.root	22282	-23.2883	2.18256
run_0091.root	22591	-55.8017	4.37469
run_0091.root	22627	-26.0619	0.520421
run_0091.root	22836	-20.7571	11.581
run_0091.root	22883	-30.4575	3.80758
run_0091.root	22973	-26.819	1.55218
run_0091.root	22974	-57.619	15.4827
run_0091.root	22984	-34.2829	3.20151
run_0091.root	23090	-54.8785	7.02592
run_0091.root	23112	-41.854	5.02773
run_0091.root	23365	-22.4216	0.494308
run_0091.root	23472	-23.6052	0.781192
run_0091.root	23668	-31.9629	1.17906
run_0091.root	23908	-35.1035	1.46868
run_0091.root	24165	-34.0875	1.97759
run_0091.root	24318	-24.4005	0.123709
run_0091.root	24644	-40.7115	4.22677
run_0091.root	24801	-63.6926	13.6211
run_0091.root	24843	-55.9861	29.2055
run_0091.root	24899	-41.469	3.63374
run_0091.root	25175	-20.2689	3.26181
run_0091.root	25411	-20.1706	1.06536
run_0091.root	25471	-36.45	37.7759
run_0091.root	25649	-43.512	5.88598
run_0091.root	25722	-28.3945	3.36571
run_0091.root	25936	-47.0239	5.18432
run_0091.root	26030	-31.6435	2.05612
run_0091.root	26376	-20.4405	2.94798
run_0091.root	26418	-20.791	0.996252
run_0091.root	26644	-53.5372	3.91182
run_0091.root	26764	-25.3781	3.0878
run_0091.root	27129	-24.4434	3.14255
run_0091.root	27562	-40.8677	1.78144
run_0091.root	27696	-39.2009	5.38518
run_0091.root	27747	-33.4139	25.1873
run_0091.root	27785	-33.0478	1.50713
run_0091.root	27811	-30.3762	2.32027
run_0091.root	27938	-40.9179	5.31914
run_0091.root	27991	-22.3216	1.04519
run_0091.root	28216	-24.0177	6.89615
run_0091.root	28289	-52.2123	1.8838
run_0091.root	28473	-44.0661	2.44573
run_0091.root	28582	-38.3393	2.40488
run_0091.root	28609	-24.919	2.50823
run_0091.root	28711	-23.7357	3.81841
run_0091.root	28736	-32.025	1.50408
run_0091.root	28745	-20.4403	3.91278
run_0091.root	29138	-63.2191	6.87832
run_0091.root	29560	-34.4221	18.3433
run_0091.root	30015	-51.6465	5.10445
run_0091.root	30265	-23.8155	2.31911
run_0091.root	30270	-47.907	19.1533
run_0091.root	30374	-27.6979	6.34945
run_0091.root	30604	-48.6121	5.40833
run_0091.root	30631	-29.692	2.39408
run_0091.root	31282	-29.8184	5.84688
run_0091.root	31441	-20.903	50.3306
run_0091.root	31617	-44.9518	8.03639
run_0091.root	31836	-26.5255	10.713
run_0091.root	31994	-23.153	2.20851
run_0091.root	32052	-22.2948	3.78375
run_0091.root	32078	-23.2785	5.00234
run_0091.root	32398	-24.4824	2.08505
run_0091.root	32512	-31.4298	27.2073
run_0091.root	32542	-40.7404	7.0116
run_0091.root	32723	-28.7278	0.262545
run_0091.root	32732	-27.1866	3.04319
run_0091.root	32784	-23.8189	1.25769
run_0091.root	33366	-58.4924	17.6724
run_0091.root	33383	-25.6049	2.70599
run_0091.root	33537	-51.2984	4.53812
run_0091.root	33583	-24.6789	5.76572
run_0091.root	33757	-63.3253	3.82137
run_0091.root	33797	-46.7802	6.10931
run_0091.root	33870	-37.9209	4.10184
run_0091.root	34192	-50.4038	5.33891
run_0091.root	34293	-35.3703	4.49839
run_0091.root	34328	-42.9466	1.71175
run_0091.root	34559	-63.4709	14.2002
run_0091.root	34668	-31.4765	3.0443
run_0091.root	34764	-61.9084	11.8179
run_0091.root	34795	-37.5082	17.2544
run_0091.root	35192	-26.0389	0.818182
run_0091.root	35410	-22.0876	2.60189
run_0091.root	35492	-38.2814	4.18273
run_0091.root	35592	-32.2439	5.12041
run_0091.root	35605	-26.8212	8.73788
run_0091.root	35784	-36.2266	3.12359
run_0091.root	35852	-23.9134	0.731994
run_0091.root	36231	-33.5784	7.99477
run_0091.root	36467	-29.4493	1.76814
run_0091.root	36493	-22.8959	3.01432
run_0091.root	36910	-99.2884	11.7922
run_0091.root	36924	-25.4171	7.51402
run_0091.root	36935	-32.3293	1.92344
run_0091.root	36987	-33.7038	2.24672
run_0091.root	37175	-22.4257	1.89034
run_0091.root	37176	-61.5341	7.59266
run_0091.root	37276	-57.0591	5.13133
run_0091.root	37429	-23.7327	3.36298
run_0091.root	37514	-20.0476	2.10832
run_0091.root	37628	-30.8913	4.9579
run_0091.root	37700	-38.624	1.27119
run_0091.root	37724	-57.4978	5.18083
run_0091.root	37836	-22.4952	2.64489
run_0091.root	38034	-34.2218	3.1155
run_0091.root	38040	-26.3117	2.41396
run_0091.root	38092	-51.4196	6.2565
run_0091.root	38241	-60.348	8.239
run_0091.root	38267	-20.7264	0.424845
run_0091.root	38354	-34.9243	2.2588
run_0091.root	38682	-21.0726	511.78
run_0091.root	39671	-48.3726	8.26509
run_0091.root	39723	-47.7265	8.12826
run_0091.root	39744	-33.7494	4.30743
run_0091.root	39764	-45.8061	4.83319
run_0091.root	39938	-31.8315	3.42389
run_0091.root	40006	-26.4468	9.8253
run_0091.root	40345	-41.6689	2.63813
run_0091.root	40545	-21.5546	6.36567
run_0091.root	40612	-36.9128	2.61596
run_0091.root	40895	-28.3295	1.89217
run_0091.root	41812	-50.3027	4.14161
run_0091.root	41856	-44.2367	5.08236
run_0091.root	42036	-34.0756	6.64118
run_0091.root	42058	-34.8166	2.83458
run_0091.root	42115	-37.6514	3.15812
run_0091.root	42766	-40.4921	5.23582
run_0091.root	42785	-59.9328	13.4062
run_0091.root	42843	-32.0453	2.47666
run_0091.root	42993	-62.8251	4.75806
run_0091.root	43070	-33.199	7.8378
run_0091.root	43240	-54.9312	8.31758
run_0091.root	43939	-26.9439	3.01511
run_0091.root	44124	-46.4722	3.07914
run_0091.root	44365	-30.739	1.94035
run_0091.root	44366	-30.739	1.94035
run_0091.root	44370	-25.6017	21.4435
run_0091.root	44461	-27.3088	4.88771
run_0091.root	44888	-20.5089	985.69
run_0091.root	44897	-29.9709	8.79102
run_0091.root	45290	-30.6961	2.18218
run_0091.root	45296	-42.1197	6.93306
run_0091.root	45325	-31.5163	1.18689
run_0091.root	45535	-51.3734	3.92477
run_0091.root	45655	-36.8891	2.19921
run_0091.root	45782	-28.9951	2.13508
run_0091.root	45953	-25.5185	14.5284
run_0091.root	46194	-49.0061	2.97007
run_0091.root	46211	-20.9045	3.69007
run_0091.root	46362	-78.8635	18.9674
run_0091.root	46451	-58.2043	9.23778
run_0091.root	46505	-35.0095	3.52797
run_0091.root	46515	-28.0243	1.52516
run_0091.root	46525	-21.0164	0.613123
run_0091.root	46596	-32.2189	15.4053
run_0091.root	46738	-25.1713	200.99
run_0091.root	46796	-57.0147	3.24793
run_0091.root	46863	-22.2064	3.23476
run_0091.root	46880	-57.7034	5.15191
run_0091.root	47048	-23.8569	7.10226
run_0091.root	47120	-33.2211	3.00018
run_0091.root	47210	-31.6912	4.01468
run_0091.root	48000	-45.2334	4.09826
run_0091.root	48180	-21.2311	0.970038
run_0091.root	48493	-50.0029	6.26243
run_0091.root	48699	-33.0711	0.752695
run_0091.root	49035	-22.4642	0.626839
run_0091.root	49268	-26.7798	2.10065
run_0091.root	49458	-21.4157	2.63504
run_0091.root	50056	-25.6949	4.45119
run_0091.root	50515	-46.9993	5.17344
run_0091.root	50551	-33.7434	4.27823
run_0091.root	50573	-37.6495	10.5298
run_0091.root	50703	-42.9959	4.71986
run_0091.root	50848	-62.082	9.30037
run_0091.root	51063	-60.6937	8.04718
run_0091.root	51356	-33.817	5.73258
run_0091.root	51485	-43.3747	4.19158
run_0091.root	51689	-38.6949	3.55282
run_0091.root	51769	-30.5978	4.05407
run_0091.root	51856	-29.7585	3.46203
run_0091.root	52184	-20.7952	9.72984
run_0091.root	52272	-46.0361	6.32275
run_0091.root	52498	-25.3903	1.0653
run_0091.root	52635	-39.2458	4.85792
run_0091.root	52728	-42.3448	2.66556
run_0091.root	53140	-55.5348	6.41352
run_0091.root	53161	-25.6858	0.0985093
run_0091.root	53239	-27.0371	85.6166
run_0091.root	53577	-21.3982	7.40933
run_0091.root	53658	-40.3256	3.70248
run_0091.root	54310	-21.367	1.68613
run_0091.root	54993	-39.3355	4.04791
run_0091.root	56181	-39.557	2.6778
run_0091.root	56196	-25.0656	51.3269
run_0091.root	56349	-57.1121	8.20599
run_0091.root	56456	-28.2045	1.26267
run_0091.root	56916	-28.7265	0.679083
run_0091.root	56992	-23.6542	1.12704
run_0091.root	57395	-45.5676	4.01479
run_0091.root	57472	-41.2029	2.69223
run_0091.root	57492	-20.7739	4.67817
run_0091.root	57587	-21.4349	2.77402
run_0091.root	57619	-22.1383	2.87187
run_0091.root	57779	-39.0031	4.1582
run_0091.root	57928	-43.8237	5.55499
run_0091.root	58503	-44.0135	9.14278
run_0091.root	58553	-20.1664	0.600433
run_0091.root	58700	-36.7384	4.30368
run_0091.root	59273	-25.8078	4.11657
run_0091.root	59337	-28.3116	1.54595
run_0091.root	59528	-20.6906	16.9588
run_0091.root	59881	-29.6385	12.2128
run_0091.root	60119	-37.6357	13.4101
run_0091.root	60277	-35.6096	1.67594
run_0091.root	60485	-37.7706	7.02934
run_0091.root	60580	-58.8104	8.90545
run_0091.root	60609	-61.3538	11.6932
run_0091.root	60679	-32.8093	2.79007
run_0092.root	99	-20.0825	160.231
run_0092.root	526	-31.252	18.1894
run_0092.root	656	-69.2234	11.4091
run_0092.root	803	-68.4626	10.423
run_0092.root	825	-36.5894	5.9407
run_0092.root	859	-31.1112	1.45385
run_0092.root	863	-20.8662	0.924977
run_0092.root	1346	-29.7347	5.88266
run_0092.root	1420	-31.143	2.62023
run_0092.root	1435	-26.5085	0.664641
run_0092.root	1448	-26.5053	0.726071
run_0092.root	1619	-39.7373	6.76129
run_0092.root	2000	-39.8068	20.6212
run_0092.root	2227	-32.1145	16.0934
run_0092.root	2498	-20.8158	6.92335
run_0092.root	2683	-52.1504	5.16674
run_0092.root	2765	-28.5216	14.2948
run_0092.root	3317	-49.5116	5.64956
run_0092.root	4284	-22.3276	2.53652
run_0092.root	4366	-58.6185	0.114591
run_0092.root	4484	-30.7575	1.54674
run_0092.root	4800	-25.2123	6.19877
run_0092.root	5076	-40.0237	4.47572
run_0092.root	5189	-25.4446	20.132
run_0092.root	5237	-33.7914	338.169
run_0092.root	5546	-30.049	0.958649
run_0092.root	5578	-20.2788	0.289601
run_0092.root	5695	-31.1025	2.72427
run_0092.root	5881	-28.9251	0.907383
run_0092.root	6343	-35.0275	3.674
run_0092.root	6641	-138.111	7.00067
run_0092.root	6761	-32.0686	1.10581
run_0092.root	6898	-31.7396	1.1717
run_0092.root	7061	-51.0179	5.86881
run_0092.root	7311	-27.5955	1.66318
run_0092.root	7631	-29.6847	0.423945
run_0092.root	7759	-33.3593	2.28609
run_0092.root	7905	-21.7959	4.9421
run_0092.root	8007	-54.3347	5.47185
run_0092.root	8345	-21.5667	1.31788
run_0092.root	8536	-65.5422	4.30996
run_0092.root	8602	-35.4075	6.93498
run_0092.root	8618	-48.0498	2.9319
run_0092.root	8771	-27.3073	178.837
run_0092.root	8936	-30.036	3.27823
run_0092.root	9601	-38.2667	3.26888
run_0092.root	9651	-50.9643	6.59892
run_0092.root	9742	-24.5	1.58004
run_0092.root	9904	-41.8715	11.8596
run_0092.root	10120	-33.5889	11.4275
run_0092.root	10288	-26.8378	1.44248
run_0092.root	10560	-26.2633	2.71981
run_0092.root	10672	-20.0682	0.519859
run_0092.root	11012	-31.9384	5.75478
run_0092.root	11277	-40.0663	6.24294
run_0092.root	11346	-21.4392	2.09748
run_0092.root	11459	-38.6264	1.38853
run_0092.root	11592	-24.7641	13.7809
run_0092.root	12187	-29.6704	3.36907
run_0092.root	12471	-21.5912	0.848158
run_0092.root	12527	-23.169	2.3847
run_0092.root	12556	-25.0401	6.41376
run_0092.root	12599	-35.4428	5.1933
run_0092.root	12983	-24.3151	2.27548
run_0092.root	13219	-56.6821	4.82434
run_0092.root	13283	-22.5263	2.93832
run_0092.root	13890	-43.0559	2.36771
run_0092.root	14133	-21.4331	216.719
run_0092.root	14343	-26.002	9.17435
run_0092.root	14907	-56.6797	14.2905
run_0092.root	14927	-30.6577	2.0474
run_0092.root	15295	-40.5534	5.09944
run_0092.root	15519	-44.1869	6.22953
run_0092.root	15525	-21.8826	11.64
run_0092.root	15610	-20.6143	4.92891
run_0092.root	15612	-43.9379	2.36355
run_0092.root	15634	-27.3945	389.422
run_0092.root	15639	-24.4226	1.45298
run_0092.root	16150	-22.9794	1.14903
run_0092.root	16493	-56.9897	8.6589
run_0092.root	16508	-20.3334	0.617686
run_0092.root	16808	-29.4819	4.45514
run_0092.root	16893	-40.505	3.53193
run_0092.root	16957	-45.6649	2.42313
run_0092.root	17421	-29.5351	4.53429
run_0092.root	17805	-43.5699	11.5958
run_0092.root	18007	-21.7451	4405.24
run_0092.root	18506	-30.6162	2.86522
run_0092.root	18651	-36.9813	2.62644
run_0092.root	18775	-22.2868	5.0816
run_0092.root	19005	-48.4971	9.70002
run_0092.root	19006	-48.4971	9.70002
run_0092.root	19046	-27.8255	0.879769
run_0092.root	19076	-33.4514	2.13429
run_0092.root	19161	-22.3095	0.814598
run_0092.root	19471	-23.5061	0.490384
run_0092.root	19695	-55.0109	4.21237
run_0092.root	20092	-27.8377	8.50578
run_0092.root	20229	-36.3184	1.17075
run_0092.root	20269	-20.686	0.502194
run_0092.root	20370	-20.4169	1.04005
run_0092.root	20411	-28.9628	2.07872
run_0092.root	20770	-33.4555	7.13711
run_0092.root	20822	-24.4338	1.84437
run_0092.root	21823	-21.5004	2.31735
run_0092.root	22090	-26.2541	1.01124
run_0092.root	22273	-64.926	12.3467
run_0092.root	22804	-21.982	5.60314
run_0092.root	22953	-20.0416	2.7723
run_0092.root	23058	-52.093	5.14396
run_0092.root	23567	-28.1651	1.1384
run_0092.root	23663	-40.302	6.70212
run_0092.root	23678	-60.1436	5.17956
run_0092.root	23720	-109.168	14.3075
run_0092.root	23750	-22.3187	1.43101
run_0092.root	23928	-25.9151	7.30799
run_0092.root	24043	-36.5419	6.66926
run_0092.root	24484	-22.1952	1.43868
run_0092.root	24500	-33.9903	5.17506
run_0092.root	24749	-43.9475	23.8314
run_0092.root	25058	-22.6752	111.43
run_0092.root	25063	-25.2882	3.88735
run_0092.root	26077	-25.7643	1.10852
run_0092.root	26769	-27.2799	6.92252
run_0092.root	26806	-23.5092	4.76953
run_0092.root	27092	-23.1223	12.6458
run_0092.root	27096	-44.0587	6.34562
run_0092.root	27258	-22.5136	1.5471
run_0092.root	27444	-38.8509	8.66252
run_0092.root	27921	-32.5581	5.48038
run_0092.root	28079	-32.8599	1.19297
run_0092.root	28119	-44.1588	4.60345
run_0092.root	28446	-36.2921	5.31278
run_0092.root	28522	-48.2891	5.47459
run_0092.root	28815	-20.8037	0.387376
run_0092.root	29034	-41.1015	0.288947
run_0092.root	29163	-54.2387	7.83374
run_0092.root	29219	-25.4017	15.73
run_0092.root	29220	-27.157	0.793811
run_0092.root	29245	-20.4814	28.0896
run_0092.root	29348	-33.8656	1.38804
run_0092.root	29816	-21.4527	1.60795
run_0092.root	30174	-27.6349	15.0364
run_0092.root	30195	-37.5794	2.15239
run_0092.root	30594	-40.9408	6.72568
run_0092.root	30744	-61.6725	16.4021
run_0092.root	30767	-30.3774	1.56185
run_0092.root	30771	-20.2663	5.00747
run_0092.root	30900	-42.3049	1.43325
run_0092.root	31039	-22.4211	9.54436
run_0092.root	31082	-29.3132	1.44489
run_0092.root	31089	-21.6912	2.11068
run_0092.root	31279	-30.7601	7.56124
run_0092.root	31789	-164.734	4.73845
run_0092.root	32340	-25.9726	91.8153
run_0092.root	32527	-37.9017	4.16319
run_0092.root	32529	-37.9254	53.4076
run_0092.root	32628	-26.1419	2.75161
run_0092.root	32715	-24.1962	1.35513
run_0092.root	32802	-26.3137	6.01944
run_0092.root	33041	-37.8919	3.15435
run_0092.root	33354	-31.106	1.05533
run_0092.root	33603	-45.4247	4.79908
run_0092.root	33641	-33.0069	1.61634
run_0092.root	33785	-28.9092	3.45883
run_0092.root	34085	-39.2608	2.77785
run_0092.root	34223	-25.9048	32.5086
run_0092.root	34637	-25.2267	7.31756
run_0092.root	34764	-22.2272	4.07301
run_0092.root	34929	-21.8864	3.31248
run_0092.root	34951	-21	0.405302
run_0092.root	35100	-53.7593	17.7425
run_0092.root	35237	-41.6084	3.69052
run_0092.root	35414	-29.6574	3.20433
run_0092.root	35628	-60.2881	7.88032
run_0092.root	36056	-20.5256	1.2386
run_0092.root	36215	-32.2326	1.71471
run_0092.root	36218	-24.3378	19.3324
run_0092.root	36417	-44.6609	2.51334
run_0092.root	36558	-30.95	1.11287
run_0092.root	36615	-21.5054	0.574419
run_0092.root	37538	-39.122	6.73816
run_0092.root	37666	-34.6764	149.541
run_0092.root	37712	-49.9346	3.8719
run_0092.root	37785	-21.46	7.17147
run_0092.root	37836	-39.8245	15.7763
run_0092.root	38147	-20.5811	22.6243
run_0092.root	38610	-40.7203	10.0287
run_0092.root	38942	-33.3835	1.7985
run_0092.root	39060	-39.9984	3.71151
run_0092.root	39198	-53.6669	16.1148
run_0092.root	39768	-30.4614	0.892692
run_0092.root	39788	-54.1439	3.99593
run_0092.root	39995	-20.268	41.6686
run_0092.root	40117	-20.7004	3.44569
run_0092.root	40309	-62.1978	18.9583
run_0092.root	40317	-51.0602	9.17411
run_0092.root	40324	-33.1747	496.876
run_0092.root	40728	-42.3229	14.6339
run_0092.root	41450	-21.883	1.71894
run_0092.root	41561	-25.3545	0.998835
run_0092.root	41644	-21.6949	1.89721
run_0092.root	41989	-37.7006	5.82622
run_0092.root	42059	-58.8387	4.25505
run_0092.root	42176	-29.4205	7.23329
run_0092.root	42819	-50.8457	4.11189
run_0092.root	42930	-20.5471	43.5474
run_0092.root	42991	-27.0568	0.768332
run_0092.root	43309	-20.3714	4.31297
run_0092.root	43379	-28.348	0.919088
run_0092.root	43414	-30.5734	0.0653498
run_0092.root	43805	-27.1369	0.798338
run_0092.root	43942	-24.8424	14.9736
run_0092.root	44114	-34.9369	59.8153
run_0092.root	44126	-30.8765	47.9881
run_0092.root	44276	-20.1594	1.46512
run_0092.root	44409	-46.8743	3.81114
run_0092.root	44453	-21.8278	2.51266
run_0092.root	44756	-39.7544	4.76877
run_0092.root	44767	-49.4028	12.0354
run_0092.root	44821	-20.4192	363.457
run_0092.root	45161	-46.1648	5.7077
run_0092.root	45235	-32.6805	1.06143
run_0092.root	45679	-26.9325	3.86513
run_0092.root	46180	-23.8929	24.1345
run_0092.root	46291	-31.1883	4.02164
run_0092.root	46432	-42.9372	3.20287
run_0092.root	46696	-21.8817	0.74681
run_0092.root	46845	-59.7396	4.54354
run_0092.root	46887	-31.5855	5.83073
run_0092.root	46918	-56.8308	9.45408
run_0092.root	47159	-65.7468	9.01339
run_0092.root	47361	-33.9121	5.04901
run_0092.root	47451	-32.6214	4.1928
run_0092.root	47500	-20.6355	2.42326
run_0092.root	47627	-40.7679	18.818
run_0092.root	47692	-25.1285	45.9667
run_0092.root	47716	-26.7229	4.34317
run_0092.root	47923	-47.6261	7.86206
run_0092.root	48107	-30.579	2.92334
run_0092.root	48314	-25.5973	55.4275
run_0092.root	48564	-36.518	1.57081
run_0092.root	48789	-38.0861	12.9176
run_0092.root	48914	-28.1046	1.07076
run_0092.root	49019	-24.1894	3.3038
run_0092.root	49036	-23.0824	23.4333
run_0092.root	49287	-25.5133	1.14101
run_0092.root	49331	-45.6475	4.57549
run_0092.root	49549	-29.7936	1.28035
run_0092.root	49552	-28.7459	184.661
run_0092.root	49993	-20.6553	0.35887
run_0092.root	50320	-28.9891	3.8101
run_0092.root	50401	-41.8267	5.28232
run_0092.root	50459	-54.6182	9.73127
run_0092.root	50636	-26.5672	1.68603
run_0092.root	50784	-29.8419	5.63246
run_0092.root	50929	-28.8019	2.58795
run_0092.root	50957	-35.2767	2.31709
run_0092.root	51131	-22.1474	17.6924
run_0092.root	51571	-28.2016	1.75477
run_0092.root	51859	-27.8379	2.05253
run_0092.root	51933	-26.1261	4.08654
run_0092.root	52445	-21.8624	14034
run_0092.root	53013	-31.0265	8.88992
run_0092.root	53104	-32.354	6.97858
run_0092.root	54128	-42.4245	6.54868
run_0092.root	55175	-23.8242	317.358
run_0092.root	55561	-59.6777	6.53912
run_0092.root	55594	-41.0651	4.83684
run_0092.root	56356	-27.9795	1.41024
run_0092.root	57304	-25.1837	4.35261
run_0092.root	57508	-27.0733	120.646
run_0092.root	57716	-55.2582	15.9652
run_0092.root	57878	-77.4266	6.53101
run_0092.root	57936	-28.1031	1.07627
run_0092.root	57965	-28.5164	780.677
run_0092.root	58129	-27.1121	5.52006
run_0092.root	58545	-37.2207	4.14597
run_0092.root	58569	-46.6129	5.40644
run_0092.root	58596	-30.0083	0.750813
run_0092.root	59213	-40.0321	1.39305
run_0092.root	59372	-30.1039	64.3033
run_0092.root	60015	-22.7482	0.888637
run_0092.root	60622	-20.1074	6.78251
run_0092.root	60660	-21.5841	0.740336
run_0092.root	60884	-21.2621	2.6256
run_0092.root	61351	-20.2311	1176.07
run_0092.root	61488	-23.5451	5.09098
run_0092.root	61694	-27.9936	5.96545
run_0092.root	61960	-53.7769	10.1328
run_0092.root	62110	-37.8556	1.58571
run_0092.root	62127	-20.1432	2.09259
run_0092.root	62746	-34.8895	0.952153
run_0092.root	62875	-29.8948	3.56307
run_0092.root	62956	-44.4598	2.4213
run_0092.root	63099	-20.9836	0.452022
run_0092.root	63607	-21.3152	7.47165
run_0092.root	63648	-25.5117	11.656
run_0092.root	63743	-53.567	4.78733
run_0092.root	63862	-25.9853	3.24714
run_0092.root	63869	-44.6351	5.21598
run_0092.root	63916	-24.1415	0.921763
run_0092.root	64392	-29.27	5.33312
run_0092.root	64437	-38.4187	1.47598
run_0092.root	64835	-50.1843	8.92807
run_0092.root	65291	-47.6016	4.64113
run_0092.root	65292	-47.6016	4.64113
run_0092.root	65449	-23.9846	7.88594
run_0092.root	65646	-30.7699	0.998513
run_0093.root	310	-34.221	1.78934
run_0093.root	555	-24.9351	1.60853
run_0093.root	1049	-32.6224	3.41494
run_0093.root	1394	-36.2409	2.7817
run_0093.root	1509	-25.8806	356.991
run_0093.root	2198	-24.1988	60.0595
run_0093.root	2811	-24.3241	0.473202
run_0093.root	3025	-49.8932	2.48269
run_0093.root	3170	-24.2424	1.48186
run_0093.root	3231	-29.5526	0.545696
run_0093.root	3239	-25.5064	0.706717
run_0093.root	3466	-43.037	7.22665
run_0093.root	3890	-26.9577	2.88378
run_0093.root	4111	-25.0193	909.325
run_0093.root	4753	-25.5644	0.438034
run_0093.root	4759	-63.521	13.4577
run_0093.root	5031	-21.1756	5.00143
run_0093.root	5118	-60.0029	5.86634
run_0093.root	5249	-23.3467	6.75213
run_0093.root	5383	-22.6111	7.20333
run_0093.root	5458	-43.4582	4575.89
run_0093.root	5485	-45.7488	7.39192
run_0093.root	5661	-35.565	9.77787
run_0093.root	5787	-43.1083	2.71744
run_0093.root	5807	-28.9908	0.710033
run_0093.root	6178	-21.7032	0.966585
run_0093.root	6716	-22.2032	3.19484
run_0093.root	6869	-39.6207	10.3178
run_0093.root	7033	-46.3477	4.73882
run_0093.root	7122	-37.4195	2.98373
run_0093.root	7723	-46.4047	3.74977
run_0093.root	7884	-20.4257	38.2576
run_0093.root	8150	-30.5945	7.5083
run_0093.root	8172	-23.826	1.33325
run_0093.root	8270	-36.0133	1.87968
run_0093.root	8507	-25.6949	4.32734
run_0093.root	8626	-30.142	3.39243
run_0093.root	8799	-29.755	0.91153
run_0093.root	8909	-32.1365	2.48954
run_0093.root	9286	-29.5169	2.79648
run_0093.root	9418	-30.7306	6.17926
run_0093.root	9733	-28.7542	566.559
run_0093.root	9998	-37.1073	8.94416
run_0093.root	10046	-25.516	0.843191
run_0093.root	10070	-20.1474	0.914177
run_0093.root	10080	-22.8668	489.214
run_0093.root	10145	-34.2992	4.2333
run_0093.root	10237	-22.696	28.7546
run_0093.root	10342	-36.0412	2.60941
run_0093.root	10354	-29.7944	3.15227
run_0093.root	10445	-32.0547	7.90511
run_0093.root	10486	-34.0531	6.57842
run_0093.root	10507	-30.5305	2.38528
run_0093.root	10754	-54.9439	2.54605
run_0093.root	11044	-22.1443	0.540784
run_0093.root	11378	-49.9857	5.20209
run_0093.root	11528	-26.3432	1.10741
run_0093.root	11605	-21.0152	1118.6
run_0093.root	11679	-35.8551	24.7086
run_0093.root	12386	-41.0016	5.14773
run_0093.root	12480	-28.2344	1.01194
run_0093.root	12491	-30.3249	0.858237
run_0093.root	12519	-37.8211	5.857
run_0093.root	12792	-23.4718	0.976915
run_0093.root	13279	-33.8878	4.123
run_0093.root	13388	-38.9135	1.0447
run_0093.root	13445	-33.867	1.30627
run_0093.root	13485	-41.4751	5.38738
run_0093.root	13543	-51.5918	7.61892
run_0093.root	13682	-30.0229	1.10193
run_0093.root	13712	-22.552	12.9192
run_0093.root	14386	-22.198	5.91621
run_0093.root	14458	-52.2395	7.0743
run_0093.root	14530	-32.9464	0.89909
run_0093.root	14548	-37.3779	1.8687
run_0093.root	14685	-35.8347	1.28847
run_0093.root	15487	-22.7818	0.493121
run_0093.root	16396	-63.1423	7.19693
run_0093.root	16695	-43.195	145.188
run_0093.root	16733	-26.5366	1.58461
run_0093.root	16877	-36.5399	1.0212
run_0093.root	16935	-30.5359	1.768
run_0093.root	17102	-21.4	0.813188
run_0093.root	17468	-23.9595	0.712117
run_0093.root	17519	-42.0805	2.98167
run_0093.root	17526	-63.2617	14.1988
run_0093.root	17647	-35.1866	5.08512
run_0093.root	17772	-45.5465	3.97136
run_0093.root	17807	-27.2836	1.25551
run_0093.root	17982	-27.1098	205.55
run_0093.root	18173	-32.1994	1.0709
run_0093.root	18305	-65.2682	7.21633
run_0093.root	18429	-31.0143	3.61334
run_0093.root	18469	-33.5707	1.6357
run_0093.root	18638	-47.3262	2.36007
run_0093.root	18652	-20.6284	0.345831
run_0093.root	18671	-30.0284	1.52102
run_0093.root	18690	-48.0803	3.65227
run_0093.root	18976	-58.2768	9.48206
run_0093.root	19089	-24.0852	9.34403
run_0093.root	19513	-36.2126	1.69254
run_0093.root	19660	-56.6873	4.99198
run_0093.root	19783	-47.0094	3.92342
run_0093.root	20386	-28.8971	2.11271
run_0093.root	20425	-63.1704	5.29947
run_0093.root	20631	-26.3785	24.5897
run_0093.root	20712	-22.2806	4.22093
run_0093.root	20791	-28.2503	737.004
run_0093.root	21148	-27.4686	5.7652
run_0093.root	21472	-20.3822	17080.7
run_0093.root	21541	-45.2082	8.93221
run_0093.root	21723	-36.7778	2.49706
run_0093.root	21724	-36.7778	2.49706
run_0093.root	21744	-27.3106	2.19602
run_0093.root	22139	-40.576	5.74328
run_0093.root	22184	-25.4387	7769.06
run_0093.root	22337	-80.4959	29.141
run_0093.root	23189	-46.4401	3.63177
run_0093.root	23536	-35.658	1.49706
run_0093.root	23571	-34.0428	2.73465
run_0093.root	23749	-27.1686	988.144
run_0093.root	23955	-41.2044	2.17983
run_0093.root	24118	-32.89	5.36439
run_0093.root	24139	-28.227	2.95168
run_0093.root	24224	-22.4674	1.51702
run_0093.root	24237	-24.8154	189.135
run_0093.root	24565	-21.8394	7.06447
run_0093.root	24566	-21.8394	7.06447
run_0093.root	24693	-36.1903	53.3578
run_0093.root	25016	-29.7239	7.03706
run_0093.root	25158	-29.9936	2.10803
run_0093.root	25310	-47.7194	4.24536
run_0093.root	25689	-27.8242	2.94905
run_0093.root	26019	-20.0313	3.25615
run_0093.root	26146	-26.12	7.76574
run_0093.root	26305	-26.9979	1.19277
run_0093.root	26667	-39.8269	6.92537
run_0093.root	26677	-40.4075	3.47363
run_0093.root	26915	-43.0321	3.32845
run_0093.root	27992	-28.754	5.55871
run_0093.root	28354	-28.1675	1.47684
run_0093.root	28647	-29.2499	3.48925
run_0093.root	28710	-34.5964	2.94785
run_0093.root	29395	-38.018	4.06689
run_0093.root	29747	-54.2907	7.4976
run_0093.root	29766	-49.3093	5.03201
run_0093.root	30282	-37.1224	1.05149
run_0093.root	30626	-21.9395	5.97052
run_0093.root	30670	-36.9699	3.74894
run_0093.root	30695	-27.8198	0.690616
run_0093.root	30855	-29.0776	264.573
run_0093.root	31136	-37.7645	2.57502
run_0093.root	31159	-37.6588	3.75687
run_0093.root	31639	-21.3517	2.66948
run_0093.root	31683	-23.9898	1.90225
run_0093.root	31849	-30.6323	2.34951
run_0093.root	31886	-38.4492	2.77578
run_0093.root	32029	-21.9628	4.34961
run_0093.root	32120	-54.2173	9.37665
run_0093.root	32182	-23.8852	44.2278
run_0093.root	32259	-26.0271	1.00404
run_0093.root	32446	-26.5462	23.5959
run_0093.root	32671	-34.5914	7.49415
run_0093.root	32723	-24.1002	9.5987
run_0093.root	33031	-24.5593	2.56271
run_0093.root	33149	-33.3354	1.42083
run_0093.root	33433	-33.6393	3.39487
run_0093.root	33502	-20.3763	2.3083
run_0093.root	33525	-39.9117	1.61628
run_0093.root	33714	-31.8875	2.5202
run_0093.root	33976	-38.9717	4.90401
run_0093.root	34036	-30.7076	7.17852
run_0093.root	34163	-27.7972	49.7055
run_0093.root	34250	-24.072	13.1283
run_0093.root	34360	-35.7526	1.96853
run_0093.root	34388	-24.791	0.974644
run_0093.root	34855	-63.9181	10.5758
run_0093.root	34915	-53.3921	3.64897
run_0093.root	34981	-53.6483	5.63712
run_0093.root	35030	-30.4726	0.915775
run_0093.root	35106	-48.6126	12.6937
run_0093.root	35258	-25.9939	0.720112
run_0093.root	35843	-22.0135	3.00372
run_0093.root	36062	-32.006	9.13617
run_0093.root	36088	-105.731	7.53589
run_0093.root	36112	-24.9071	3.46141
run_0093.root	36226	-27.5449	1.47695
run_0093.root	36427	-54.0984	7.03845
run_0093.root	36571	-43.3753	5.38142
run_0093.root	36775	-27.7312	376.838
run_0093.root	36926	-20.3244	2.37777
run_0093.root	37215	-43.5061	6.98684
run_0093.root	37445	-61.099	4.28635
run_0093.root	37684	-31.3461	4.74536
run_0093.root	38133	-38.8537	1.7385
run_0093.root	38257	-31.1489	95.6031
run_0093.root	38481	-30.5849	0.937346
run_0093.root	38799	-24.0891	4.18597
run_0093.root	38953	-20.7341	2.6827
run_0093.root	39257	-46.1836	6.65612
run_0093.root	39279	-25.2472	1.25094
run_0093.root	39313	-24.0368	0.349475
run_0093.root	39728	-26.0559	3.59281
run_0093.root	39881	-42.7793	1.63492
run_0093.root	40092	-34.0721	1.45806
run_0093.root	40480	-27.3857	3.11572
run_0093.root	40533	-38.644	1.91912
run_0093.root	40547	-31.3204	1.30196
run_0093.root	40657	-22.4404	0.497718
run_0093.root	41070	-45.0753	4.66396
run_0093.root	41333	-48.3833	7.43254
run_0093.root	41850	-34.5295	3.37954
run_0093.root	41882	-37.2216	5.32432
run_0093.root	41885	-24.0472	1.47704
run_0093.root	41905	-25.6641	1.69978
run_0093.root	42061	-39.3266	2.30847
run_0093.root	42203	-28.0296	2.16114
run_0093.root	42305	-27.8064	4.68992
run_0093.root	42747	-36.6143	3.6054
run_0093.root	42776	-26.0208	2.08492
run_0093.root	42982	-23.9759	2.27511
run_0093.root	42995	-37.774	3.88837
run_0093.root	43021	-22.2562	1.26832
run_0093.root	43170	-34.2922	2.02583
run_0093.root	43572	-20.0409	6.23961
run_0093.root	43756	-34.8544	3.17024
run_0093.root	44594	-40.2731	4.12067
run_0093.root	44654	-49.9583	7.06739
run_0093.root	44769	-58.1026	5.07347
run_0093.root	44780	-28.6978	13.2067
run_0093.root	44803	-23.5509	0.792558
run_0093.root	44912	-40.0064	4.33881
run_0093.root	44999	-31.0432	5.39784
run_0093.root	45385	-21.5469	1.08298
run_0093.root	45453	-46.227	3.47447
run_0093.root	45913	-56.8852	4.99974
run_0093.root	45926	-20.5632	1.98659
run_0093.root	45955	-50.2894	4.93251
run_0093.root	46041	-43.9711	4.60562
run_0093.root	46151	-37.7461	1.29202
run_0093.root	46305	-47.1925	4.25715
run_0093.root	46656	-36.5992	1.34769
run_0093.root	46676	-24.0297	2.19058
run_0093.root	47041	-48.4516	55.1295
run_0093.root	47563	-41.0208	5.94238
run_0093.root	47652	-39.1623	1.4192
run_0093.root	47882	-20.2475	3.77115
run_0093.root	48394	-32.8268	1.44885
run_0093.root	48423	-29.3447	4.9968
run_0093.root	48562	-31.6953	595.48
run_0093.root	49433	-40.6032	2.47152
run_0093.root	49451	-31.5648	4.42714
run_0093.root	49601	-46.5041	5.28397
run_0093.root	49617	-45.6301	2.3792
run_0093.root	49980	-31.1549	4.12283
run_0093.root	50385	-20.1742	3.36985
run_0093.root	50468	-35.2744	1.40334
run_0093.root	51010	-24.2866	0.129394
run_0093.root	51378	-40.9623	4.59181
run_0093.root	51633	-46.9182	4.13316
run_0093.root	51640	-32.2778	4.41138
run_0093.root	51901	-35.0806	1.25127
run_0093.root	52317	-31.9858	0.869006
run_0093.root	52378	-22.1533	19.5264
run_0093.root	52498	-21.1458	5.40813
run_0093.root	52499	-21.1458	5.40813
run_0093.root	52688	-63.8669	14.4463
run_0093.root	52740	-45.0464	2.7614
run_0093.root	52744	-40.5277	17.4232
run_0093.root	52906	-22.1653	1.44606
run_0093.root	53001	-25.5077	3.67095
run_0093.root	53163	-21.5673	4.56225
run_0093.root	53487	-20.2607	0.889922
run_0093.root	53928	-24.4081	5.40528
run_0093.root	54067	-23.9348	2.34341
run_0093.root	54109	-32.2701	2.30417
run_0093.root	54265	-21.8058	1.34033
run_0093.root	54561	-44.2163	3.5188
run_0093.root	55017	-23.5637	1.4384
run_0093.root	55244	-32.3887	1.19135
run_0093.root	55783	-29.6195	1210.59
run_0093.root	55897	-22.4396	52586.4
run_0093.root	56500	-58.5922	8.90691
run_0093.root	56546	-33.3817	7.57313
run_0093.root	56752	-20.9096	4.50525
run_0093.root	56867	-41.1894	3.47021
run_0093.root	57070	-33.1068	2.64527
run_0093.root	57073	-33.8233	71.6343
run_0093.root	57100	-28.4747	2.73681
run_0093.root	57617	-22.0764	2.24097
run_0093.root	57852	-29.6685	2.0751
run_0093.root	58186	-26.9551	1.40733
run_0093.root	58263	-30.8752	3.39362
run_0093.root	58264	-75.9058	5.27362
run_0093.root	58306	-24.5736	1.39272
run_0093.root	58421	-36.1042	1.2012
run_0093.root	58584	-29.0015	8.56103
run_0093.root	59489	-25.2308	13.1671
run_0093.root	59989	-40.5816	5.14644
run_0093.root	60063	-36.1365	2.79427
run_0093.root	60347	-64.0856	10.6839
run_0093.root	60368	-52.0184	23.7477
run_0093.root	60498	-47.5605	5.94227
run_0093.root	60894	-29.5348	30.5047
run_0093.root	60975	-42.0994	1.55253
run_0093.root	61015	-25.1221	1.8666
run_0093.root	61146	-50.5857	10.8947
run_0093.root	61323	-63.6336	9.05283
run_0093.root	61369	-28.2595	2.78524
run_0093.root	61558	-27.9818	5.62127
run_0093.root	61724	-26.6091	0.94057
run_0093.root	61749	-22.1355	188.496
run_0093.root	61756	-43.2554	6.79279
run_0093.root	61946	-22.7667	5.0719
run_0093.root	62147	-27.3515	2.17088
run_0093.root	62322	-27.4829	2616.77
run_0093.root	62490	-23.1798	1.40416
run_0093.root	62540	-25.481	15.4715
run_0093.root	62569	-45.7006	1.49545
run_0093.root	62605	-25.7129	1.39817
run_0093.root	62705	-41.5908	3.38832
run_0093.root	62767	-27.4104	2.49355
run_0093.root	63079	-25.9436	7.92103
run_0093.root	63218	-32.8925	0.153726
run_0093.root	63400	-24.5387	270.588
run_0093.root	63492	-44.2316	8.86442
run_0093.root	63531	-46.6131	11.1898
run_0093.root	63603	-31.0828	4.45534
run_0093.root	63754	-50.9541	6.45901
run_0093.root	64090	-31.6126	52.9577
run_0093.root	64522	-25.3457	232.826
run_0093.root	64556	-25.47	0.803727
run_0093.root	64658	-32.0413	2.71767
run_0093.root	64659	-32.0413	2.71767
run_0093.root	65005	-70.3832	15.1677
run_0093.root	65128	-56.2186	1.92022
run_0093.root	65278	-35.7943	6.90786
run_0093.root	65415	-21.7146	1.56375
run_0093.root	65625	-20.887	0.941091
run_0093.root	65654	-29.1288	1.7648
run_0093.root	66190	-41.049	4.08849
run_0093.root	66326	-28.5122	1.83879
run_0094.root	88	-47.6683	6.12438
run_0094.root	362	-43.7333	8.56007
run_0094.root	603	-22.6772	1.60422
run_0094.root	604	-22.6772	1.60422
run_0094.root	1075	-26.8057	8.36497
run_0094.root	1115	-42.6477	2.24403
run_0094.root	1791	-40.8772	4.55094
run_0094.root	1895	-24.8828	4.96898
run_0094.root	2002	-25.9268	0.0606771
run_0094.root	3162	-23.77	3.46655
run_0094.root	3430	-20.9677	5.9217
run_0094.root	3506	-29.2514	4.46588
run_0094.root	3834	-22.4604	1.7517
run_0094.root	3877	-34.4387	158.182
run_0094.root	4102	-26.9061	6.29878
run_0094.root	4184	-35.6372	2.63072
run_0094.root	4188	-34.1023	4.83647
run_0094.root	4425	-31.8666	41.4405
run_0094.root	4427	-23.1782	0.63125
run_0094.root	4730	-37.9688	1.39443
run_0094.root	5044	-27.65	3.86297
run_0094.root	5093	-24.6053	10.5558
run_0094.root	5151	-25.8301	659.462
run_0094.root	5357	-30.3399	2.59728
run_0094.root	5488	-40.5915	2.29798
run_0094.root	5519	-22.7686	0.890645
run_0094.root	6044	-32.2605	1.82034
run_0094.root	6269	-37.3944	4.44388
run_0094.root	6364	-43.7928	4.54277
run_0094.root	6500	-36.0967	4.73713
run_0094.root	7142	-35.2148	663.766
run_0094.root	7256	-30.6814	1.19935
run_0094.root	7444	-46.2589	15.2636
run_0094.root	7484	-31.9932	16.6248
run_0094.root	7544	-26.89	6.16262
run_0094.root	8649	-33.3416	1.58412
run_0094.root	8655	-55.4233	8.90867
run_0094.root	9090	-44.0899	4.16231
run_0094.root	9169	-37.656	7.62844
run_0094.root	9441	-20.122	0.683107
run_0094.root	9610	-47.8125	2.79531
run_0094.root	9673	-48.9307	3.7845
run_0094.root	9919	-21.1435	0.445701
run_0094.root	9974	-31.2515	1.28395
run_0094.root	10109	-42.542	7.25224
run_0094.root	10670	-61.8665	4.60626
run_0094.root	11087	-34.5475	2.60681
run_0094.root	11158	-29.1345	1.46372
run_0094.root	11392	-45.8049	7.09787
run_0094.root	11653	-45.204	3.15495
run_0094.root	11971	-23.0459	0.956338
run_0094.root	12189	-34.775	3.86082
run_0094.root	12518	-49.6868	4.34674
run_0094.root	12828	-24.7234	7.06936
run_0094.root	12985	-33.2824	3.27365
run_0094.root	13025	-32.2707	5.08105
run_0094.root	13553	-21.1048	0.958
run_0094.root	13618	-34.1085	2.59527
run_0094.root	14005	-32.4756	401.342
run_0094.root	14120	-37.5834	3.43353
run_0094.root	14131	-42.444	3.55466
run_0094.root	14242	-66.3748	8.8407
run_0094.root	15009	-21.6382	637.178
run_0094.root	15192	-23.5149	1.40668
run_0094.root	15794	-39.1677	4.47458
run_0094.root	15800	-22.3184	1.37111
run_0094.root	15915	-39.8084	13.11
run_0094.root	16457	-39.4639	2.37301
run_0094.root	16883	-47.0944	5.3443
run_0094.root	16904	-48.4758	3.31237
run_0094.root	16952	-33.2396	1.36766
run_0094.root	16962	-37.5685	3.24184
run_0094.root	17039	-30.0013	4.93194
run_0094.root	17121	-30.4199	6.97707
run_0094.root	17146	-24.4662	1.26177
run_0094.root	17406	-51.1299	6.29693
run_0094.root	17526	-27.5346	1.48996
run_0094.root	17997	-32.2031	5.34672
run_0094.root	18306	-24.5737	2.47737
run_0094.root	18492	-24.0835	14.1729
run_0094.root	18850	-40.6475	2.15415
run_0094.root	19188	-27.4435	0.767209
run_0094.root	19491	-20.7306	268.458
run_0094.root	19812	-43.2622	2.16091
run_0094.root	20126	-22.9789	13.7973
run_0094.root	20462	-36.4627	1.15339
run_0094.root	20847	-27.0437	34.1224
run_0094.root	21440	-34.1565	1.39263
run_0094.root	21823	-29.9408	10.8499
run_0094.root	21948	-33.3663	1.15821
run_0094.root	22309	-23.868	0.967031
run_0094.root	22394	-25.9243	1.67831
run_0094.root	22634	-49.6864	10.2819
run_0094.root	22737	-42.7031	2.42936
run_0094.root	22863	-29.6339	79842
run_0094.root	22886	-46.2326	5.54641
run_0094.root	23030	-30.6032	5.20564
run_0094.root	23274	-30.9368	2.19828
run_0094.root	23708	-22.2609	3.24872
run_0094.root	23759	-35.7196	956.866
run_0094.root	23825	-22.1605	0.107432
run_0094.root	23985	-61.3824	47.6883
run_0094.root	24020	-45.6957	6.23502
run_0094.root	24129	-23.9176	0.317104
run_0094.root	24272	-24.5958	2.71822
run_0094.root	24483	-33.4422	2.52582
run_0094.root	24920	-28.6874	9.04346
run_0094.root	24996	-42.2212	2.60827
run_0094.root	25021	-23.1086	19.6955
run_0094.root	25083	-31.3805	3.42609
run_0094.root	25275	-63.1619	6.49113
run_0094.root	25396	-22.8339	10.0998
run_0094.root	25397	-22.8339	10.0998
run_0094.root	25574	-22.4968	0.702571
run_0094.root	25866	-36.6179	0.919146
run_0094.root	25994	-25.8496	3.03975
run_0094.root	26071	-55.5789	6.65924
run_0094.root	26194	-20.2208	2.54781
run_0094.root	26621	-23.8271	1563.28
run_0094.root	26815	-56.8625	6.50778
run_0094.root	26972	-41.8975	2.14446
run_0094.root	27109	-55.418	6.44203
run_0094.root	27736	-28.0902	1.77196
run_0094.root	27781	-47.7315	3.94597
run_0094.root	27822	-31.8319	5.13879
run_0094.root	28123	-23.9771	1.38837
run_0094.root	28208	-41.9527	3.34193
run_0094.root	28241	-23.0015	6.23521
run_0094.root	28299	-61.8458	7.29592
run_0094.root	28512	-30.9083	5.30009
run_0094.root	28593	-20.5367	0.616238
run_0094.root	28629	-23.8166	3.71976
run_0094.root	28677	-28.678	46.1016
run_0094.root	28766	-42.2439	2.18493
run_0094.root	28791	-20.8629	2.11877
run_0094.root	28903	-31.8878	1.52007
run_0094.root	29004	-23.914	1.05795
run_0094.root	29134	-39.951	6.47981
run_0094.root	29444	-24.0758	0.326748
run_0094.root	29883	-22.3158	212.784
run_0094.root	29961	-25.9529	6.39836
run_0094.root	30352	-39.0464	1.80809
run_0094.root	30399	-25.5998	214.594
run_0094.root	30795	-58.6176	8.84509
run_0094.root	30868	-37.768	4.52975
run_0094.root	30977	-24.0562	0.753645
run_0094.root	31834	-29.4109	25.3949
run_0094.root	32215	-55.1127	7.8253
run_0094.root	32511	-20.1907	1.96359
run_0094.root	32572	-75.7699	4.46729
run_0094.root	33020	-21.9993	0.361944
run_0094.root	33225	-44.1711	2.98616
run_0094.root	34029	-29.2145	570.058
run_0094.root	34397	-56.7365	7.59762
run_0094.root	34516	-29.866	2.22992
run_0094.root	34543	-28.3912	0.969308
run_0094.root	35072	-40.5835	3.6378
run_0094.root	35079	-20.723	1073.63
run_0094.root	35672	-22.8521	0.774817
run_0094.root	35880	-57.7435	11.7103
run_0094.root	36621	-48.7777	4.73979
run_0094.root	36622	-48.7777	4.73979
run_0094.root	36710	-40.539	3.9902
run_0094.root	36750	-25.1639	2.50137
run_0094.root	36977	-41.9774	5.87121
run_0094.root	37303	-24.867	0.851423
run_0094.root	37488	-47.9569	2.47156
run_0094.root	37779	-39.9923	1.83129
run_0094.root	38376	-40.093	1.81381
run_0094.root	38463	-43.2874	2.64898
run_0094.root	38491	-56.8168	6.67649
run_0094.root	39074	-20.0822	5.0781
run_0094.root	39327	-33.8112	2.61585
run_0094.root	39749	-35.4339	21.8528
run_0094.root	39807	-38.3806	1.5969
run_0094.root	39932	-40.6898	6.25407
run_0094.root	40096	-40.5614	2.65113
run_0094.root	40114	-41.6133	6.31312
run_0094.root	40169	-28.0698	1.95016
run_0094.root	40258	-25.8727	0.57299
run_0094.root	40379	-26.4329	1.30596
run_0094.root	40475	-51.5038	5.02166
run_0094.root	40611	-52.1367	22.4483
run_0094.root	40663	-45.12	4.51878
run_0094.root	40728	-46.9751	4.41192
run_0094.root	41093	-35.6031	2.67368
run_0094.root	41165	-35.9259	4.18134
run_0094.root	41357	-47.6253	3.65326
run_0094.root	41382	-22.1851	2.71652
run_0094.root	41446	-46.5761	8.02404
run_0094.root	41891	-43.7011	7.27955
run_0094.root	42109	-26.404	1.2013
run_0094.root	42166	-24.7623	2.69914
run_0094.root	42176	-20.6225	0.245361
run_0094.root	42206	-41.192	4.38506
run_0094.root	42256	-23.0946	6.15507
run_0094.root	42267	-21.0168	0.393733
run_0094.root	42549	-20.9484	1.08645
run_0094.root	42603	-20.8449	1.60782
run_0094.root	42826	-23.5448	0.399855
run_0094.root	43168	-32.3372	1.88887
run_0094.root	43312	-48.9798	3.68503
run_0094.root	43461	-43.8928	4.50333
run_0094.root	43503	-24.6992	0.693162
run_0094.root	43669	-27.4565	0.66339
run_0094.root	43673	-36.544	3.50206
run_0094.root	43885	-60.9331	11.7546
run_0094.root	43947	-31.158	2.71233
run_0094.root	43948	-25.5591	7.96017
run_0094.root	44241	-22.5284	1.61067
run_0094.root	44449	-22.5269	3.86772
run_0094.root	44458	-52.3127	4.01905
run_0094.root	44499	-55.8993	5.78627
run_0094.root	44762	-36.6675	3.09484
run_0094.root	44837	-32.3666	3.02259
run_0094.root	44951	-38.0402	2.20552
run_0094.root	45086	-38.6859	2.18724
run_0094.root	45116	-30.3842	1.69494
run_0094.root	45939	-47.9073	4.65388
run_0094.root	46067	-29.0031	23.2516
run_0094.root	46068	-29.0031	23.2516
run_0094.root	46164	-38.3791	5.97843
run_0094.root	46218	-24.2684	1.63265
run_0094.root	46236	-34.3728	1.14173
run_0094.root	46614	-34.5664	4.46554
run_0094.root	46650	-24.0253	218.507
run_0094.root	47143	-41.506	4.24473
run_0094.root	47215	-20.7639	2.65616
run_0094.root	47358	-40.5758	3.90804
run_0094.root	47464	-31.5094	3.58817
run_0094.root	47624	-22.0968	10.6412
run_0094.root	47646	-48.1411	8.29923
run_0094.root	48068	-35.2646	2.85368
run_0094.root	48105	-46.4155	5.77218
run_0094.root	48194	-22.8536	7.61237
run_0094.root	48340	-30.1536	4.725
run_0094.root	48348	-35.3206	1.29262
run_0094.root	48361	-66.6518	8.53321
run_0094.root	48539	-54.3733	6.77589
run_0094.root	48851	-50.3162	4.89108
run_0094.root	49521	-53.2092	5.15146
run_0094.root	49736	-28.906	10.4778
run_0094.root	49926	-21.1218	0.822727
run_0094.root	50543	-23.8325	0.779005
run_0094.root	50606	-45.1847	75.5776
run_0094.root	50741	-21.7191	0.924834
run_0094.root	51009	-27.7531	4.05488
run_0094.root	51019	-21.547	0.801875
run_0094.root	51287	-53.1842	6.49178
run_0094.root	51452	-24.1273	6.15856
run_0094.root	51467	-56.0667	9.04449
run_0094.root	51868	-39.5799	2.31028
run_0094.root	51922	-35.7999	16.3393
run_0094.root	52004	-55.3088	6.35517
run_0094.root	52417	-38.7591	1.61918
run_0094.root	52672	-22.2775	1.95036
run_0094.root	52855	-22.5277	1.04164
run_0094.root	52886	-66.5503	9.76449
run_0094.root	53390	-43.7849	12.0529
run_0094.root	53632	-44.2998	3.44275
run_0094.root	53665	-23.0726	0.687563
run_0094.root	54539	-21.3037	3.82952
run_0094.root	54550	-21.8955	0.775418
run_0094.root	54936	-41.0634	4.38669
run_0094.root	54964	-37.74	2.37571
run_0094.root	55085	-30.4598	14.7814
run_0094.root	55089	-68.8946	1.17665
run_0094.root	55147	-32.7422	1.00035
run_0094.root	55155	-20.28	0.180601
run_0094.root	55439	-46.9941	6.93384
run_0094.root	55596	-31.5875	4.15463
run_0094.root	55893	-41.3345	8.92796
run_0094.root	56131	-20.8896	2.77956
run_0094.root	56350	-45.0716	24.8593
run_0094.root	56655	-31.6384	1.7224
run_0094.root	56667	-29.4472	4.33026
run_0094.root	56817	-20.9551	7.88352
run_0094.root	57504	-26.9837	1.58449
run_0094.root	57601	-30.1332	11.0852
run_0094.root	57652	-26.1957	0.893951
run_0094.root	57675	-50.3061	5.11941
run_0094.root	57777	-26.6425	1.54226
run_0094.root	57784	-27.2418	62.296
run_0094.root	57805	-21.0793	3.38491
run_0094.root	57927	-48.6969	1.49062
run_0094.root	57928	-48.6969	1.49062
run_0094.root	58347	-21.0346	3.58281
run_0094.root	58486	-31.7798	6.11838
run_0094.root	58943	-20.6692	3.50487
run_0094.root	59700	-21.0828	4.39529
run_0094.root	59973	-35.7169	1.24274
run_0094.root	60149	-22.9211	2.63965
run_0094.root	60238	-67.5255	6.28684
run_0094.root	60239	-67.5255	6.28684
run_0094.root	60278	-22.9001	2.57284
run_0094.root	60344	-34.0747	3.11212
run_0094.root	60414	-29.4452	30000.7
run_0094.root	60415	-47.0556	4.64138
run_0094.root	61131	-41.6187	2.90572
run_0094.root	61138	-107.132	20.9848
run_0094.root	61410	-25.1018	84548.1
run_0094.root	61710	-51.1101	22.1737
run_0094.root	61797	-40.1945	1.80873
run_0094.root	61880	-33.8602	1.35352
run_0094.root	62103	-29.1925	0.920914
run_0094.root	62698	-27.0227	2.83643
run_0094.root	63031	-57.515	3.90444
run_0094.root	63133	-68.9689	11.1031
run_0094.root	63294	-33.6995	3.88903
run_0094.root	63325	-31.1949	8.26973
run_0094.root	63582	-27.9362	4.2646
run_0094.root	63832	-51.3551	2.84098
run_0094.root	63917	-37.813	1.95386
run_0094.root	64116	-27.965	2.0898
run_0094.root	64254	-54.6562	7.42201
run_0094.root	64610	-42.3052	87.6131
run_0094.root	64798	-52.1734	5.34347
run_0094.root	64824	-26.4448	5.73889
run_0094.root	65287	-44.9488	7.5909
run_0094.root	65683	-25.7739	4.8092
run_0094.root	65884	-42.2639	2.53072
run_0094.root	66304	-20.3527	2.15729
run_0094.root	66325	-61.7825	13.8724
run_0094.root	66348	-57.2967	7.6438
run_0094.root	66594	-20.4992	15.5411
run_0094.root	66805	-52.6283	3.90655
run_0094.root	67519	-23.2774	3.09961
run_0094.root	67581	-24.1428	6.82623
run_0094.root	67907	-67.2106	3.41456
run_0094.root	67963	-49.0507	3.50941
run_0094.root	68085	-21.3407	176.089
run_0094.root	68112	-31.8538	3.83927
run_0094.root	68211	-39.3227	1.73933
run_0094.root	68260	-25.6906	4.41112
run_0094.root	68360	-27.8882	1.11901
run_0094.root	68470	-24.6924	0.874494
run_0094.root	68532	-23.6931	0.338345
run_0094.root	68675	-22.2842	1.73866
run_0094.root	68774	-31.6172	5.80966
run_0094.root	69912	-49.8024	4.15518
run_0094.root	70277	-23.0227	0.726483
run_0094.root	70503	-53.0417	67.8799
run_0094.root	70526	-31.8925	0.693486
run_0094.root	70853	-111.705	2.29423
run_0094.root	70870	-24.8186	0.919785
run_0094.root	70987	-21.8527	9.91718
run_0094.root	71383	-20.5923	0.768237
run_0094.root	71545	-38.691	13.7246
run_0094.root	71938	-29.2467	4.72499
run_0094.root	72095	-25.441	1.06996
run_0094.root	72326	-34.7378	3.83569
run_0094.root	72359	-21.6029	3.04713
run_0094.root	72423	-26.4191	1.97978
run_0094.root	72560	-23.6621	0.72452
run_0094.root	72680	-20.2751	780.953
run_0094.root	72749	-30.9148	5.24836
run_0094.root	72943	-28.0559	2.64445
run_0094.root	73104	-30.6328	14.5709
run_0094.root	73221	-46.3696	4.9788
run_0094.root	73443	-61.1468	2.75044
run_0094.root	73712	-22.1579	2.09095
run_0094.root	73735	-24.501	1.23997
run_0094.root	73751	-21.2933	14.5802
run_0094.root	73886	-34.8123	2.54487
run_0094.root	74235	-20.4692	1.62735
run_0094.root	74513	-34.2198	1.44446
run_0094.root	74645	-29.8256	10.8091
run_0094.root	75020	-40.9764	8.06836
run_0094.root	75548	-25.3697	3.31252
run_0094.root	76737	-41.095	2.30632
run_0094.root	76848	-26.4884	1.99785
run_0094.root	76905	-25.4251	4.94935
run_0094.root	76980	-64.2234	6.84211
run_0094.root	77068	-34.5728	0.933591
run_0094.root	77112	-26.6445	1.65759
run_0094.root	77136	-48.364	2.24134
run_0094.root	77303	-34.9348	3.14934
run_0094.root	77330	-48.2844	4.70816
run_0094.root	77433	-38.1759	10.0685
run_0094.root	77514	-22.3398	324.249
run_0094.root	77858	-21.9676	364.619
run_0094.root	77876	-34.3053	5.93624
run_0094.root	78429	-57.0033	3.49574
run_0094.root	78617	-44.493	2.89416
run_0094.root	79290	-52.1732	5.88152
run_0094.root	79805	-20.5913	6.12402
run_0094.root	79877	-20.4841	7.7665
run_0094.root	80020	-26.9512	6.40678
run_0094.root	80135	-21.0869	0.642173
run_0094.root	80251	-21.6192	1.76903
run_0094.root	80449	-30.1484	1.61661
run_0094.root	80616	-26.6143	1.75294
run_0094.root	80969	-71.1242	8.68571
run_0094.root	81383	-33.2631	4.15502
run_0094.root	81384	-27.4166	2.16122
run_0094.root	82030	-51.1435	4.85936
run_0094.root	82033	-38.4209	7.52686
run_0094.root	82113	-20.0329	0.396929
run_0094.root	82237	-24.8038	30.1353
run_0094.root	82623	-40.5429	3.77925
run_0094.root	82828	-29.825	18.4337
run_0094.root	82898	-32.2922	6.58996
run_0094.root	83004	-27.6448	3.30439
run_0094.root	83202	-32.8461	1.17187
run_0094.root	83269	-47.3873	7.02396
run_0094.root	83449	-20.9921	2.53716
run_0094.root	83453	-20.0212	0.364256
run_0094.root	83508	-40.2437	3.29663
run_0094.root	83675	-26.4825	93.4904
run_0094.root	84249	-21.8229	1.53124
run_0094.root	84661	-23.5326	5.36035
run_0094.root	84751	-24.7171	0.98749
run_0094.root	84924	-40.0621	3.66521
run_0094.root	85748	-46.9791	3.49479
run_0094.root	85988	-27.919	1.01167
run_0094.root	86086	-22.4142	5.54647
run_0094.root	86104	-35.1833	3.393
run_0094.root	86134	-31.0505	0.733646
run_0094.root	86327	-21.1488	9.86128
run_0094.root	86579	-22.0803	0.666201
run_0095.root	324	-28.7923	2.85659
run_0095.root	534	-32.4018	6.58242
run_0095.root	715	-31.0286	1.26741
run_0095.root	858	-46.7568	9.41922
run_0095.root	1102	-34.5775	4.59517
run_0095.root	1113	-46.4741	8.77209
run_0095.root	1481	-54.7814	9.75361
run_0095.root	1553	-25.8517	0.654292
run_0095.root	1594	-29.9661	1.06493
run_0095.root	1668	-42.6013	5.35144
run_0095.root	2180	-24.199	18.3218
run_0095.root	2231	-22.2338	4.38297
run_0095.root	2255	-36.2193	64.9425
run_0095.root	2447	-30.0811	7.62443
run_0095.root	2561	-28.7291	252.195
run_0095.root	2913	-29.1572	29.4167
run_0095.root	3177	-23.1777	0.323891
run_0095.root	3191	-29.4603	40.1667
run_0095.root	3382	-24.7586	5.99533
run_0095.root	3501	-55.6201	12.5931
run_0095.root	3690	-31.6955	4.31174
run_0095.root	3843	-40.3861	13.7484
run_0095.root	3948	-22.7082	2.21562
run_0095.root	4019	-24.7594	2.20654
run_0095.root	4277	-55.8417	5.90065
run_0095.root	4375	-20.4119	0.0485751
run_0095.root	4640	-20.6821	4.41942
run_0095.root	4966	-30.7189	0.807517
run_0095.root	5116	-43.5789	4.38475
run_0095.root	5309	-26.3647	28.9689
run_0095.root	5539	-22.253	6.91867
run_0095.root	5557	-49.2753	3671.48
run_0095.root	5558	-49.2753	3671.48
run_0095.root	5627	-69.9299	9.55487
run_0095.root	5641	-21.2636	1.38171
run_0095.root	6025	-45.6571	6.41393
run_0095.root	6311	-52.1719	9.75822
run_0095.root	6345	-24.4861	23.2072
run_0095.root	6922	-42.1023	1.54068
run_0095.root	7432	-23.1711	12.5767
run_0095.root	7471	-29.2429	0.983873
run_0095.root	7692	-60.6206	8.58989
run_0095.root	7975	-38.0797	1.19847
run_0095.root	8155	-27.0427	36409.7
run_0095.root	8202	-51.1175	5.06986
run_0095.root	8285	-54.2407	23.9104
run_0095.root	8717	-30.2923	3.88124
run_0095.root	8835	-21.6725	0.502417
run_0095.root	9136	-35.8114	4.77522
run_0095.root	9367	-30.514	1.12301
run_0095.root	9387	-25.5129	7.96139
run_0095.root	9594	-35.5294	2.07793
run_0095.root	9725	-36.8743	1.19908
run_0095.root	9838	-37.7079	3.00059
run_0095.root	9987	-50.9613	10.4278
run_0095.root	10010	-30.1155	7.17516
run_0095.root	10175	-20.5256	5.3302
run_0095.root	10192	-44.5456	4.68912
run_0095.root	10265	-36.351	7.05037
run_0095.root	11065	-65.2385	8.00878
run_0095.root	11074	-23.9884	2.41252
run_0095.root	11540	-62.8856	11.1882
run_0095.root	11758	-26.3175	0.977901
run_0095.root	12146	-27.7756	2.33407
run_0095.root	13230	-21.2381	16.1731
run_0095.root	13325	-37.0103	1.80864
run_0095.root	14160	-20.0529	0.619732
run_0095.root	14266	-41.0367	4.77272
run_0095.root	14990	-32.0123	26.77
run_0095.root	15176	-42.9546	3.73905
run_0095.root	15194	-30.9965	1.45589
run_0095.root	15752	-43.256	2.23413
run_0095.root	16015	-42.9636	1.53117
run_0095.root	16896	-54.4821	6.30297
run_0095.root	16901	-24.7758	115.337
run_0095.root	17007	-28.8749	0.952753
run_0095.root	17337	-36.8399	4.90647
run_0095.root	17880	-42.3414	5.85304
run_0095.root	17943	-27.8986	21.9091
run_0095.root	18073	-40.0479	4.84594
run_0095.root	18204	-43.41	11.4528
run_0095.root	18277	-31.753	3.23641
run_0095.root	18296	-36.4907	2.60762
run_0095.root	18393	-25.7063	1.18769
run_0095.root	18452	-25.0398	2.67486
run_0095.root	18591	-36.1476	3.54343
run_0095.root	18809	-28.4305	10.1868
run_0095.root	18903	-21.9564	64.407
run_0095.root	19090	-47.7212	4.80437
run_0095.root	19098	-22.433	1.11447
run_0095.root	19231	-47.0189	4.51039
run_0095.root	19414	-41.5135	2.24455
run_0095.root	19417	-23.9234	5.39079
run_0095.root	19641	-50.232	9.88363
run_0095.root	19856	-29.5218	3.48532
run_0095.root	20556	-22.9864	1.40326
run_0095.root	20626	-61.0284	6.65444
run_0095.root	20631	-44.7616	6.74134
run_0095.root	20666	-40.5146	2.03202
run_0095.root	20667	-50.5407	10.1892
run_0095.root	20880	-65.674	8.06734
run_0095.root	21049	-25.5859	1.84644
run_0095.root	21079	-29.1012	4.44721
run_0095.root	22438	-67.2671	7.66261
run_0095.root	22453	-25.2368	1.10472
run_0095.root	22800	-41.6471	8.63905
run_0095.root	23016	-33.589	5.62332
run_0095.root	23134	-28.801	1.79951
run_0095.root	23145	-21.2221	14.8254
run_0095.root	23193	-31.6829	2.87877
run_0095.root	23469	-34.7062	6.00541
run_0095.root	23603	-30.8722	3.21261
run_0095.root	24004	-21.5185	0.862336
run_0095.root	24175	-48.9839	1.67553
run_0095.root	24259	-25.2632	2.60451
run_0095.root	24350	-39.8294	2.7516
run_0095.root	24468	-44.6247	5.39028
run_0095.root	24534	-25.6727	12.2727
run_0095.root	24600	-20.2338	0.453324
run_0095.root	24617	-29.5468	3.46029
run_0095.root	24663	-46.8945	2.51999
run_0095.root	24738	-35.2171	1.7321
run_0095.root	24934	-22.7655	147.012
run_0095.root	25099	-41.0854	1.49713
run_0095.root	25169	-45.3516	7.02726
run_0095.root	25282	-38.439	4.98319
run_0095.root	25353	-45.991	10.4359
run_0095.root	25462	-72.9022	9.31373
run_0095.root	25661	-52.8688	4.75702
run_0095.root	26114	-28.149	2.02461
run_0095.root	26246	-34.4873	54.1629
run_0095.root	26314	-44.3254	4.31011
run_0095.root	26549	-60.4746	10.3495
run_0095.root	26909	-27.0047	1.57608
run_0095.root	27042	-46.9638	6.57739
run_0095.root	27144	-23.9731	4.60713
run_0095.root	27175	-31.3287	3.03194
run_0095.root	27812	-34.1424	14.434
run_0095.root	27926	-22.5915	15912.7
run_0095.root	27954	-23.0917	5.85492
run_0095.root	28543	-42.2448	2.99613
run_0095.root	28957	-24.1867	0.582773
run_0095.root	28985	-20.8981	17.6998
run_0095.root	29109	-27.3764	12.8351
run_0095.root	29151	-30.2163	4.50876
run_0095.root	29233	-50.8095	5.80454
run_0095.root	29474	-24.0919	4.81173
run_0095.root	29857	-27.1841	1.26523
run_0095.root	29978	-26.1785	3.07973
run_0095.root	30167	-49.4823	6.82195
run_0095.root	30666	-23.361	0.419342
run_0095.root	31019	-24.7085	10.053
run_0095.root	31318	-27.4143	0.692145
run_0095.root	31474	-38.7954	1318.7
run_0095.root	31490	-23.1299	2.33149
run_0095.root	31553	-78.9609	10.5966
run_0095.root	31583	-25.2651	13.1409
run_0095.root	31631	-68.4355	21.3823
run_0095.root	31665	-22.4742	0.41035
run_0095.root	31723	-33.5577	3.99173
run_0095.root	31940	-38.0858	22.9488
run_0095.root	32081	-35.2799	5.89374
run_0095.root	32659	-22.3238	0.262383
run_0095.root	32993	-44.377	1.94996
run_0095.root	33055	-50.6036	2.02868
run_0095.root	33459	-52.224	5.99145
run_0095.root	33478	-53.2031	7.39793
run_0095.root	33535	-26.247	13.7045
run_0095.root	33607	-68.0849	7.63616
run_0095.root	33833	-22.9126	31.1489
run_0095.root	33877	-29.0606	1.08957
run_0095.root	34116	-47.2103	14.8834
run_0095.root	34210	-38.8413	3.82616
run_0095.root	34262	-39.8454	6.00498
run_0095.root	34417	-23.055	5.80397
run_0095.root	34492	-25.1854	0.560831
run_0095.root	35005	-30.901	7.98619
run_0095.root	35796	-25.4773	0.476215
run_0095.root	36432	-57.6106	8.24769
run_0095.root	36445	-42.582	2.92424
run_0095.root	36786	-22.8435	8.69248
run_0095.root	36962	-41.8964	4.63783
run_0095.root	37029	-65.5859	9.14307
run_0095.root	37274	-22.0036	2.03386
run_0095.root	37591	-24.1212	2.53318
run_0095.root	37884	-24.6232	3.69077
run_0095.root	38003	-33.6568	11.0335
run_0095.root	38015	-34.041	7.90991
run_0095.root	38226	-49.013	11.9465
run_0095.root	38270	-43.473	34.5441
run_0095.root	38329	-67.4355	6.22262
run_0095.root	38644	-31.7016	3.47428
run_0095.root	39404	-20.9753	2.57559
run_0095.root	39405	-20.9753	2.57559
run_0095.root	39497	-43.3266	8.63776
run_0095.root	39540	-31.1476	2.72838
run_0095.root	39632	-60.3245	12.7789
run_0095.root	39723	-49.4498	15.6717
run_0095.root	39983	-30.651	4.19474
run_0095.root	40105	-33.2655	75.84
run_0095.root	40169	-32.9125	1.27547
run_0095.root	40861	-30.5921	6.20349
run_0095.root	41033	-23.9516	0.512755
run_0095.root	41053	-26.4879	5.84109
run_0095.root	41149	-34.796	35.325
run_0095.root	41400	-40.3957	6.14674
run_0095.root	41943	-34.3266	7.33454
run_0095.root	42599	-21.4123	3.82543
run_0095.root	42885	-36.3077	1.73624
run_0095.root	43249	-43.1443	2.88255
run_0095.root	43534	-20.5727	48.1771
run_0095.root	43725	-24.6892	1.03854
run_0095.root	43756	-21.1184	2.08891
run_0095.root	43866	-24.3578	1.53225
run_0095.root	43998	-59.5585	11.3944
run_0095.root	44067	-22.6754	1.08865
run_0095.root	44253	-23.0476	56.8347
run_0095.root	44307	-22.7528	1.17558
run_0095.root	44310	-25.8475	1.99297
run_0095.root	44340	-47.633	5.02191
run_0095.root	44380	-24.0287	43.7016
run_0095.root	44784	-43.0889	4.87148
run_0095.root	44822	-31.3211	0.699245
run_0095.root	45184	-37.4853	2.36532
run_0095.root	45190	-22.7436	127.506
run_0095.root	45232	-51.3591	1530.52
run_0095.root	45430	-39.3881	2.54878
run_0095.root	45682	-25.0241	26.7948
run_0095.root	45824	-37.0726	3.94883
run_0095.root	45971	-24.9203	20.6825
run_0095.root	45978	-46.8512	4.28764
run_0095.root	46055	-21.2304	0.730799
run_0095.root	46100	-41.8561	1.38929
run_0095.root	46218	-38.7106	2.33659
run_0095.root	47686	-35.2579	3.74927
run_0095.root	47834	-37.5175	1.30685
run_0095.root	47955	-39.1618	2.30742
run_0095.root	48224	-48.4809	2.95451
run_0095.root	48357	-29.9756	3.31989
run_0095.root	48369	-24.8518	9.6432
run_0095.root	48653	-57.3071	15.3934
run_0095.root	48955	-38.7526	2.55992
run_0095.root	49212	-24.0027	12.6803
run_0095.root	49734	-28.3179	0.646625
run_0095.root	49753	-27.7065	1.93167
run_0095.root	50122	-36.3605	7.20791
run_0095.root	50838	-44.1526	3.19544
run_0095.root	50907	-59.0833	8.48045
run_0095.root	51162	-21.0223	0.693107
run_0095.root	51429	-40.9121	1.23564
run_0095.root	51534	-28.3141	5.89442
run_0095.root	52022	-24.7895	2.90084
run_0095.root	52337	-21.635	1.21231
run_0095.root	52367	-25.253	3.9832
run_0095.root	52495	-28.0278	2.98649
run_0095.root	52873	-47.6246	6.21831
run_0095.root	52877	-20.0707	1.62704
run_0095.root	53195	-24.3823	7174.9
run_0095.root	53201	-36.0796	8.66863
run_0095.root	53584	-20.2031	12762
run_0095.root	53673	-22.9179	6.98469
run_0095.root	53714	-27.1243	4.12988
run_0095.root	53715	-27.1243	4.12988
run_0095.root	53735	-48.6776	6.04135
run_0095.root	53893	-24.2922	2.39398
run_0095.root	54680	-25.9664	1.56488
run_0095.root	54689	-20.2465	139.496
run_0095.root	54941	-38.7015	1.94151
run_0095.root	55075	-42.7733	3.08968
run_0095.root	55324	-48.8642	6.88739
run_0095.root	55328	-20.317	69.405
run_0095.root	55486	-41.8474	11.9901
run_0095.root	55698	-51.8767	5.85895
run_0095.root	55769	-38.9055	5.14717
run_0095.root	55828	-20.9004	0.384741
run_0095.root	55892	-27.1081	5.54202
run_0095.root	55916	-57.058	7.96095
run_0095.root	55969	-30.8827	1.61506
run_0095.root	56120	-29.4353	4.79048
run_0095.root	56202	-22.7379	1.39582
run_0095.root	56327	-25.9917	13.2239
run_0095.root	56364	-28.8951	3.24101
run_0095.root	56679	-152.375	4.41978
run_0095.root	57210	-22.6623	1.75442
run_0095.root	57852	-20.3322	0.869077
run_0095.root	58007	-44.5596	3.32357
run_0095.root	58113	-41.4329	2.48238
run_0095.root	58530	-38.232	1.60606
run_0095.root	58733	-36.4483	3.85966
run_0095.root	58738	-40.6244	1.98673
run_0095.root	59182	-31.5028	1.37734
run_0095.root	59256	-25.8006	2.74608
run_0095.root	59363	-32.6137	3.23182
run_0095.root	59840	-29.1425	6.2128
run_0095.root	60013	-22.0065	1.78713
run_0095.root	60125	-38.9209	3.76085
run_0095.root	60318	-24.833	18.705
run_0095.root	60326	-23.9699	5.90962
run_0095.root	60380	-35.9153	1.97324
run_0095.root	60397	-23.7281	0.931164
run_0095.root	60398	-32.91	4.07104
run_0095.root	60407	-64.7003	14.9936
run_0095.root	60462	-50.2193	1.94794
run_0095.root	60617	-57.5518	5.51909
run_0095.root	60692	-52.131	4.37462
run_0095.root	61144	-37.1737	2.65374
run_0095.root	61430	-37.2908	3.25361
run_0095.root	61539	-22.2188	4.16133
run_0095.root	62146	-37.6761	5.41721
run_0095.root	62208	-32.3974	4.42163
run_0095.root	62796	-54.9518	5.36615
run_0095.root	63088	-21.1713	25.3315
run_0095.root	63234	-40.3383	4.97289
run_0095.root	63807	-21.1995	634.03
run_0095.root	63957	-25.9917	45.2352
run_0095.root	63994	-48.7842	3.00398
run_0095.root	63996	-57.1238	8.7399
run_0095.root	64044	-36.7072	3.89226
run_0095.root	64236	-27.5876	3.23138
run_0095.root	64455	-39.9837	19.9224
run_0095.root	64788	-35.3578	1.25537
run_0095.root	64976	-37.5861	2891.16
run_0095.root	65020	-52.5292	2.38211
run_0095.root	65460	-55.5828	4.11894
run_0095.root	66025	-30.7404	2.83169
run_0095.root	66105	-30.7966	2.95489
run_0095.root	66216	-26.5015	62.7849
run_0095.root	66541	-49.0805	2.56893
run_0095.root	67195	-28.7189	0.51474
run_0095.root	67328	-67.0561	11.2867
run_0095.root	67746	-27.892	1.8774
run_0095.root	67957	-20.8121	16.2777
run_0095.root	68184	-23.7249	0.599455
run_0095.root	69087	-30.4735	1.36712
run_0095.root	69256	-42.9116	4.27746
run_0095.root	69268	-29.7433	2.25128
run_0095.root	69484	-45.3483	5.6371
run_0095.root	69485	-45.3483	5.6371
run_0095.root	69496	-62.179	3.67924
run_0095.root	69614	-69.3039	6.80345
run_0095.root	69637	-30.3508	14.2727
run_0095.root	70029	-34.1656	5.95752
run_0095.root	70191	-23.4727	1.62164
run_0095.root	70205	-47.8817	2.94648
run_0095.root	70218	-39.6872	2.146
run_0095.root	70389	-31.3312	0.41222
run_0095.root	70651	-48.0033	4.12366
run_0095.root	71146	-31.7678	1.98432
run_0095.root	71364	-52.2004	4.26263
run_0095.root	71410	-35.8865	1.24058
run_0096.root	106	-27.1687	2.48303
run_0096.root	118	-26.5923	2.1325
run_0096.root	267	-46.4803	6.82112
run_0096.root	324	-45.9173	4.52411
run_0096.root	349	-27.6336	5.16303
run_0096.root	391	-26.29	1.09254
run_0096.root	554	-36.7582	1.4082
run_0096.root	880	-29.1085	2.12448
run_0096.root	897	-48.3361	5.84972
run_0096.root	1022	-36.7163	2.15465
run_0096.root	1433	-26.6419	4.17361
run_0096.root	1581	-25.8667	2.53371
run_0096.root	1583	-67.4586	3.06081
run_0096.root	2007	-28.1115	1.3386
run_0096.root	2322	-21.6361	1.76654
run_0096.root	2887	-66.2003	10.4318
run_0096.root	2896	-32.7987	214.765
run_0096.root	2923	-30.3959	1.16949
run_0096.root	3054	-24.3307	0.338207
run_0096.root	3687	-40.7608	2.7084
run_0096.root	3955	-42.5744	2.55148
run_0096.root	4131	-30.3983	3.55036
run_0096.root	4323	-54.8975	5.78819
run_0096.root	4391	-40.9248	8.0533
run_0096.root	4692	-25.5257	0.815953
run_0096.root	5002	-22.2585	0.187249
run_0096.root	5021	-33.3445	2.89784
run_0096.root	5080	-21.4544	1.71165
run_0096.root	5197	-46.5034	14.6297
run_0096.root	5246	-27.447	337.287
run_0096.root	5740	-27.4036	0.449051
run_0096.root	5744	-28.7593	1.58563
run_0096.root	5817	-42.6202	25.3568
run_0096.root	5979	-40.1656	15.9179
run_0096.root	6060	-28.5958	69.2127
run_0096.root	6444	-32.2866	1.48714
run_0096.root	6711	-59.6741	7.70194
run_0096.root	6807	-30.4716	4.77899
run_0096.root	6957	-28.706	1.16895
run_0096.root	7019	-25.1032	0.789759
run_0096.root	7275	-25.838	27.2758
run_0096.root	7438	-20.4498	2.5029
run_0096.root	7757	-20.3144	1.31152
run_0096.root	8258	-20.9435	0.463431
run_0096.root	8416	-38.2459	3.67638
run_0096.root	8433	-40.0757	1.49044
run_0096.root	8811	-33.2204	1.68894
run_0096.root	8828	-23.3364	0.12244
run_0096.root	9085	-54.7135	2.73896
run_0096.root	9091	-43.4089	5.67022
run_0096.root	9386	-41.1805	10.6163
run_0096.root	9499	-47.244	6.95333
run_0096.root	9506	-26.5556	4.45092
run_0096.root	9738	-35.5282	1.66832
run_0096.root	9740	-42.0996	2.68159
run_0096.root	10171	-30.7301	2.53953
run_0096.root	10263	-29.5834	6.06297
run_0096.root	10651	-26.5088	1.38023
run_0096.root	10933	-46.7661	1.78339
run_0096.root	10983	-44.3969	9.07706
run_0096.root	11088	-31.4606	2.29943
run_0096.root	11210	-44.6537	5.24285
run_0096.root	11229	-31.9017	71.5404
run_0096.root	11315	-39.1856	4.32584
run_0096.root	11389	-30.7067	7.12007
run_0096.root	11491	-35.9923	5.22793
run_0096.root	11632	-22.2285	13.5404
run_0096.root	11767	-39.0088	2.418
run_0096.root	12245	-49.9746	3.32408
run_0096.root	12642	-24.5658	0.83737
run_0096.root	12812	-21.4946	1.96134
run_0096.root	13056	-22.3947	2.55309
run_0096.root	13125	-23.8557	1.72553
run_0096.root	13770	-27.6329	2.54926
run_0096.root	13933	-42.8613	6.56215
run_0096.root	14052	-26.4469	10.9724
run_0096.root	14053	-26.4469	10.9724
run_0096.root	14601	-47.4567	11.8623
run_0096.root	14722	-28.0517	0.669492
run_0096.root	14725	-20.5075	6.92812
run_0096.root	14748	-34.5435	1.61024
run_0096.root	14761	-30.641	10.3009
run_0096.root	15210	-24.8647	1.69716
run_0096.root	15460	-44.9323	2.1894
run_0096.root	15472	-51.2972	7.30321
run_0096.root	15575	-34.5307	2.05325
run_0096.root	15719	-36.3186	2.20714
run_0096.root	16489	-46.9089	6.40098
run_0096.root	16642	-22.4298	4.26476
run_0096.root	16806	-24.0125	0.704176
run_0096.root	17151	-21.4281	16.9013
run_0096.root	17182	-38.7806	2.55243
run_0096.root	17347	-28.4017	1.38941
run_0096.root	17612	-43.4912	7.29853
run_0096.root	17895	-21.8009	0.889041
run_0096.root	18040	-57.2901	6.93675
run_0096.root	18189	-30.0348	6.14671
run_0096.root	18727	-44.7691	1.77377
run_0096.root	18957	-21.7858	4.47167
run_0096.root	19059	-36.3739	1.1647
run_0096.root	19464	-46.9361	4.33344
run_0096.root	19465	-46.9361	4.33344
run_0096.root	19746	-43.7702	4.14646
run_0096.root	19866	-34.8526	3.91391
run_0096.root	19975	-27.9978	3.08099
run_0096.root	20365	-21.8306	0.277743
run_0096.root	20420	-25.6797	7.14221
run_0096.root	20501	-48.1749	2.34028
run_0096.root	20560	-50.8262	6.87721
run_0096.root	20563	-20.1388	0.402457
run_0096.root	20915	-46.9228	5.18063
run_0096.root	21323	-44.6071	5.49188
run_0096.root	21507	-31.8604	4.21857
run_0096.root	21630	-41.0302	2.08669
run_0096.root	21698	-31.9924	1.21615
run_0096.root	21752	-43.4745	6.22705
run_0096.root	22327	-20.9447	5.23092
run_0096.root	22456	-46.6559	3.27012
run_0096.root	22608	-35.5122	7.64921
run_0096.root	23051	-28.4809	11.4968
run_0096.root	23109	-28.2248	3.72006
run_0096.root	23183	-62.1196	3.67481
run_0096.root	23261	-56.1936	4.63211
run_0096.root	23276	-33.7993	8.51129
run_0096.root	23380	-26.5786	52.5199
run_0096.root	23564	-37.793	4.54044
run_0096.root	24119	-26.2164	4.46862
run_0096.root	24120	-26.2164	4.46862
run_0096.root	24173	-32.1113	3.26386
run_0096.root	24436	-40.1765	3.04314
run_0096.root	24510	-56.0837	5.11272
run_0096.root	24511	-56.0837	5.11272
run_0096.root	24555	-21.5081	10.5497
run_0096.root	25034	-33.4634	1.793
run_0096.root	25928	-20.4503	0.461012
run_0096.root	25981	-23.7318	14.5831
run_0096.root	25984	-38.8139	2.20872
run_0096.root	26157	-20.25	0.707376
run_0096.root	26202	-40.1146	7.22756
run_0096.root	26848	-20.7281	0.902581
run_0096.root	26958	-58.7175	5.30388
run_0096.root	27691	-41.5953	2.87988
run_0096.root	27932	-61.9728	6.78457
run_0096.root	28243	-49.0452	8.2208
run_0096.root	28555	-33.4809	18.8822
run_0096.root	28850	-23.902	25584.7
run_0096.root	29119	-47.1475	1.50816
run_0096.root	29134	-25.0384	22.1162
run_0096.root	29507	-46.4625	9.17088
run_0096.root	29604	-40.5387	6.82408
run_0096.root	30965	-59.2906	6.997
run_0096.root	31011	-35.5007	1.05928
run_0096.root	31091	-48.2417	15.2832
run_0096.root	31638	-29.8169	3.79209
run_0096.root	31684	-44.9193	7.0361
run_0096.root	31846	-24.2549	0.750121
run_0096.root	32244	-24.1145	0.837485
run_0096.root	32271	-20.1943	0.523338
run_0096.root	32317	-23.0903	2.88661
run_0096.root	32445	-25.2627	11.4599
run_0096.root	32449	-44.3661	5.99414
run_0096.root	32552	-25.9945	210.497
run_0096.root	32794	-38.6624	24.988
run_0096.root	33483	-42.1645	8.64675
run_0096.root	33571	-33.8427	2.89513
run_0096.root	33582	-28.8528	1.61567
run_0096.root	33647	-23.4278	0.261709
run_0096.root	33659	-67.2001	4.75378
run_0096.root	33680	-59.7561	3.1532
run_0096.root	33898	-43.7665	4.96129
run_0096.root	34278	-21.0658	1.28504
run_0096.root	34281	-20.0546	1.07914
run_0096.root	34642	-21.6962	1.1214
run_0096.root	34797	-26.4468	4.82817
run_0096.root	35103	-32.3466	15.4136
run_0096.root	35121	-35.8842	3.24932
run_0096.root	35220	-36.2987	4.86945
run_0096.root	35337	-52.8	17.2969
run_0096.root	35343	-29.155	4.2928
run_0096.root	35408	-55.2099	7.27634
run_0096.root	35623	-50.2478	4.86226
run_0096.root	36107	-26.6696	0.753544
run_0096.root	36163	-48.9762	3.17407
run_0096.root	36372	-56.53	5.54021
run_0096.root	36706	-24.165	13.4562
run_0096.root	36887	-37.3481	634.025
run_0096.root	36901	-23.5396	1.12797
run_0096.root	37050	-27.9611	0.134822
run_0096.root	37051	-27.9611	0.134822
run_0096.root	37193	-40.732	7.53862
run_0096.root	37205	-23.0794	4.62437
run_0096.root	37532	-29.9107	1.44441
run_0096.root	37639	-53.195	3.8217
run_0096.root	38206	-34.7005	13.1261
run_0096.root	38492	-33.7724	1.31333
run_0096.root	38976	-43.352	3.64513
run_0096.root	39180	-33.238	1.29055
run_0096.root	39384	-22.6874	5.79443
run_0096.root	39477	-48.4111	5.64684
run_0096.root	39663	-22.0617	168.663
run_0096.root	39720	-24.2706	79.3377
run_0096.root	39802	-40.8695	12.1898
run_0096.root	39875	-35.2856	4.31124
run_0096.root	40062	-34.31	5.27882
run_0096.root	40249	-42.9911	2.29555
run_0096.root	40986	-54.4982	6.84488
run_0096.root	41397	-29.0236	2.32038
run_0096.root	41445	-24.5102	3.43261
run_0096.root	41446	-24.5102	3.43261
run_0096.root	41466	-34.8718	3.5731
run_0096.root	41473	-23.5402	236.202
run_0096.root	41791	-32.8192	1.63831
run_0096.root	42099	-29.8593	1.13535
run_0096.root	42211	-41.9228	6.93842
run_0096.root	42430	-27.7197	1.32448
run_0096.root	42431	-27.7197	1.32448
run_0096.root	42667	-61.089	7.68855
run_0096.root	42691	-50.321	3.32293
run_0096.root	42840	-21.9634	0.712378
run_0096.root	42964	-34.5938	4.05837
run_0096.root	42974	-32.4875	2.74464
run_0096.root	43341	-62.0256	9.27827
run_0096.root	43578	-39.7379	3.16596
run_0096.root	43957	-50.7825	12.5051
run_0096.root	44639	-43.8041	3.14048
run_0096.root	44860	-47.5516	2.31805
run_0096.root	44896	-24.2624	0.749208
run_0096.root	44899	-40.0701	3.62287
run_0096.root	44942	-23.6288	5.8663
run_0096.root	45292	-63.2369	3.69482
run_0096.root	45359	-37.0485	14.0834
run_0096.root	45461	-44.4244	5.55973
run_0096.root	45818	-21.2132	0.73896
run_0096.root	46165	-68.609	7.08202
run_0096.root	46199	-34.3985	4.23757
run_0096.root	46262	-32.0361	1.05776
run_0096.root	46379	-43.1429	4.83573
run_0096.root	46402	-32.6246	1.11474
run_0096.root	46449	-20.8565	0.928706
run_0096.root	46462	-44.8978	8.56203
run_0096.root	46796	-49.2791	1.39798
run_0096.root	47369	-31.2996	5.09363
run_0096.root	47401	-41.3983	2.46087
run_0096.root	47521	-32.2036	4.18959
run_0096.root	47634	-56.3007	2.84729
run_0096.root	47653	-25.7082	5.27449
run_0096.root	47670	-23.0439	4.33733
run_0096.root	48602	-31.8361	12.7296
run_0096.root	48949	-25.2732	3.10674
run_0096.root	49215	-23.2154	26253.8
run_0096.root	49277	-21.9412	0.997794
run_0096.root	49385	-31.8985	3.82253
run_0096.root	49751	-48.5321	7.40503
run_0096.root	49816	-36.4833	1.91206
run_0096.root	49995	-57.6237	8.9203
run_0096.root	49997	-37.0652	7.76169
run_0096.root	50221	-29.9016	26.7528
run_0096.root	50235	-49.1579	6.51556
run_0096.root	50379	-54.8802	4.2283
run_0096.root	50383	-22.1001	11.3113
run_0096.root	50743	-28.33	4.25015
run_0096.root	50929	-21.6396	70.7991
run_0096.root	51275	-39.5012	1.88657
run_0096.root	51411	-44.3918	8.67154
run_0096.root	51882	-35.487	5.68825
run_0096.root	52421	-21.2581	18777.3
run_0096.root	52837	-32.0743	2.45811
run_0096.root	52998	-25.6672	2.34251
run_0096.root	53359	-31.9021	1.40431
run_0096.root	53778	-26.467	24.3935
run_0096.root	54024	-43.5812	1.86556
run_0096.root	54148	-24.0629	8.04488
run_0096.root	54287	-40.4915	2.22419
run_0096.root	54407	-23.3856	1.31085
run_0096.root	54421	-22.4078	9.84098
run_0096.root	54569	-28.3304	1.37051
run_0096.root	54623	-22.9621	1.36585
run_0096.root	54773	-46.3964	5.35735
run_0096.root	54796	-39.2222	1.77814
run_0096.root	55022	-20.6574	0.803254
run_0096.root	55099	-25.1393	0.254411
run_0096.root	55634	-54.3238	13.52
run_0096.root	55708	-33.0526	1.46815
run_0096.root	55842	-21.9372	4.18561
run_0096.root	55884	-29.6861	9.96453
run_0096.root	56859	-48.9592	7.33846
run_0096.root	57007	-48.9905	1.74621
run_0096.root	57057	-23.0222	1.3546
run_0096.root	57459	-27.3275	1.49443
run_0096.root	57514	-26.2618	0.877942
run_0096.root	57728	-24.0664	0.728534
run_0096.root	57958	-24.0701	15.2742
run_0096.root	58018	-30.5391	2.09374
run_0096.root	58040	-30.1748	0.898564
run_0096.root	58056	-38.8566	2.32745
run_0096.root	58188	-20.1918	1.65455
run_0096.root	58203	-20.799	3.05614
run_0096.root	58300	-27.7756	3.20652
run_0096.root	58328	-22.9752	0.84535
run_0096.root	59236	-46.4646	2.82412
run_0096.root	59458	-32.2988	3.13835
run_0096.root	60104	-24.0214	17.4694
run_0096.root	60211	-36.0862	0.919912
run_0096.root	60797	-24.8718	10.7462
run_0096.root	60833	-49.2179	6.30044
run_0096.root	61643	-27.8704	20.8117
run_0096.root	61769	-42.3725	2.75293
run_0096.root	62159	-20.2569	31.1968
run_0096.root	62214	-23.352	2.29062
run_0096.root	62351	-29.3947	1.17233
run_0096.root	62372	-46.1238	3.12398
run_0096.root	62432	-28.9713	5.74862
run_0096.root	62606	-20.4818	1.13069
run_0096.root	62835	-31.8918	3.56171
run_0096.root	62875	-27.2141	3.12441
run_0096.root	63202	-33.7627	0.878879
run_0096.root	63350	-28.3804	8.26937
run_0096.root	63829	-34.2276	4.51136
run_0096.root	63989	-22.4132	4.0174
run_0096.root	64037	-23.3806	10.6754
run_0096.root	64069	-69.3209	9.36012
run_0096.root	64112	-67.8429	7.58147
run_0096.root	64161	-22.3488	177.276
run_0096.root	64494	-52.9963	3.44285
run_0096.root	65117	-38.1383	3.88326
run_0096.root	65317	-23.1081	1.52442
run_0096.root	65445	-26.831	39.4295
run_0096.root	66025	-20.4149	3.06393
run_0096.root	66055	-50.8044	7.109
run_0096.root	66303	-42.8801	3.26816
run_0096.root	66494	-21.2821	2.92276
run_0096.root	66563	-29.3959	39.7561
run_0096.root	66672	-30.8366	9.89334
run_0096.root	66677	-40.4028	7.83509
run_0096.root	66704	-26.1665	0.952811
run_0096.root	66768	-30.1918	2.2002
run_0096.root	66932	-59.8026	5.2285
run_0096.root	66940	-25.9208	5.58354
run_0096.root	67000	-20.8759	3.0179
run_0096.root	67593	-40.0076	3.2042
run_0096.root	67603	-23.7888	1.32743
run_0096.root	67656	-20.0877	1.36927
run_0096.root	67760	-30.6717	3.28803
run_0096.root	67937	-28.218	0.532027
run_0096.root	67979	-50.8844	3.56268
run_0096.root	68060	-37.9865	3.47096
run_0096.root	68161	-26.7737	0.616799
run_0096.root	68347	-32.0311	1.36411
run_0096.root	68625	-25.8965	0.53207
run_0096.root	68948	-60.5078	8.51235
run_0096.root	69035	-31.5847	2.13632
run_0096.root	69369	-26.2904	4.89743
run_0096.root	69380	-39.9309	5.58441
run_0096.root	69598	-31.9682	60.3913
run_0096.root	69847	-43.4851	3.34514
run_0096.root	69927	-29.767	5.14832
run_0096.root	69997	-43.5881	8.06948
run_0096.root	71020	-29.947	0.0643011
run_0096.root	71347	-22.1903	3.69415
run_0096.root	71635	-21.6536	3.398
run_0096.root	71704	-39.2025	2.06412
run_0097.root	41	-30.7147	2.97692
run_0097.root	178	-20.7277	1.74283
run_0097.root	709	-20.1819	0.44115
run_0097.root	887	-45.5097	3.72656
run_0097.root	1072	-21.2494	3.94133
run_0097.root	1182	-30.2664	2.35802
run_0097.root	1221	-25.2026	0.933979
run_0097.root	1259	-20.2119	0.533427
run_0097.root	1621	-23.4097	0.202662
run_0097.root	1855	-29.438	5.48465
run_0097.root	2038	-40.7873	13.6881
run_0097.root	2101	-55.661	7.29704
run_0097.root	2180	-45.2226	3.80073
run_0097.root	2475	-28.2578	20.2537
run_0097.root	2609	-39.579	5.46079
run_0097.root	2671	-26.4127	2.86182
run_0097.root	3148	-31.3425	0.894013
run_0097.root	3264	-30.8927	0.584595
run_0097.root	3709	-40.4358	3.65272
run_0097.root	3784	-31.9315	3.05582
run_0097.root	3842	-48.7907	7.17889
run_0097.root	4095	-22.2791	2.45059
run_0097.root	4656	-29.9194	1.36476
run_0097.root	4669	-26.9553	3.48326
run_0097.root	4720	-28.0675	44.5975
run_0097.root	4812	-30.8003	35.4284
run_0097.root	4877	-47.2718	25.7465
run_0097.root	4980	-28.4579	3246.23
run_0097.root	5327	-39.4731	5.74052
run_0097.root	5349	-46.4887	4.69117
run_0097.root	5378	-48.512	6.8012
run_0097.root	5413	-27.9213	103.333
run_0097.root	5513	-28.218	103.906
run_0097.root	5741	-42.2217	5.07311
run_0097.root	5785	-27.2768	3.29717
run_0097.root	6033	-35.4086	8.01683
run_0097.root	6141	-20.4779	0.256771
run_0097.root	6798	-58.3437	7.47972
run_0097.root	7021	-60.1474	3.41261
run_0097.root	7118	-44.0778	3.42493
run_0097.root	7184	-21.3344	5.53561
run_0097.root	7237	-35.4061	13.116
run_0097.root	7492	-60.7331	16.3241
run_0097.root	8401	-21.6389	1.23582
run_0097.root	9249	-32.9511	5.05793
run_0097.root	9733	-21.423	4.34112
run_0097.root	9875	-27.9168	0.795821
run_0097.root	9876	-27.9168	0.795821
run_0097.root	10146	-22.751	0.712183
run_0097.root	10385	-39.5037	6.53157
run_0097.root	10625	-40.6798	4.51989
run_0097.root	10777	-39.9073	5.36992
run_0097.root	11061	-24.4093	0.509081
run_0097.root	11088	-40.4292	32.0339
run_0097.root	11715	-42.6044	1.99742
run_0097.root	12111	-22.4501	3.23629
run_0097.root	12129	-57.8881	8.67581
run_0097.root	12305	-23.3812	1.8514
run_0097.root	12373	-44.4772	11.0453
run_0097.root	12424	-34.4765	1.17142
run_0097.root	12707	-21.4328	1.49462
run_0097.root	12892	-31.033	4.12094
run_0097.root	12942	-47.9077	5.29344
run_0097.root	12961	-50.8856	6.89639
run_0097.root	12971	-20.8572	1.05838
run_0097.root	13156	-75.0875	18.5109
run_0097.root	13295	-43.5375	1.51742
run_0097.root	13299	-23.1312	7.18116
run_0097.root	13319	-43.2654	7.71294
run_0097.root	13607	-40.3009	4.99074
run_0097.root	14637	-34.2856	1.91974
run_0097.root	14710	-21.6673	0.176405
run_0097.root	14733	-23.0482	2.50987
run_0097.root	14738	-20.3107	4.62912
run_0097.root	15153	-22.8524	0.362741
run_0097.root	15190	-22.4862	0.382887
run_0097.root	15544	-63.7605	5.55654
run_0097.root	15603	-47.7965	8.45189
run_0097.root	16081	-51.1869	4.62786
run_0097.root	16243	-63.4093	9.71685
run_0097.root	16270	-21.4699	21.0101
run_0097.root	16288	-34.6936	15.5767
run_0097.root	16376	-27.3717	1.25167
run_0097.root	16399	-22.7936	0.926113
run_0097.root	16479	-21.5315	4.94383
run_0097.root	16553	-51.6377	2.05596
run_0097.root	16743	-23.0656	0.800812
run_0097.root	16794	-22.3429	1.45393
run_0097.root	16946	-21.676	0.320919
run_0097.root	17197	-22.6252	3.59444
run_0097.root	17322	-45.3336	3.82858
run_0097.root	17410	-26.0797	0.808911
run_0097.root	17414	-27.5498	14.8408
run_0097.root	17492	-20.7802	217.92
run_0097.root	17569	-26.3816	36.9288
run_0097.root	17818	-31.5901	2.06443
run_0097.root	18090	-27.2189	3.07584
run_0097.root	18134	-125.452	2.97818
run_0097.root	18160	-22.4431	0.739445
run_0097.root	18163	-46.6529	2.67187
run_0097.root	18236	-43.258	2.38237
run_0097.root	18710	-31.0983	8.06212
run_0097.root	18726	-39.1371	4.25335
run_0097.root	18808	-25.8271	0.85319
run_0097.root	19069	-21.6493	21.1006
run_0097.root	19312	-43.3956	3.4849
run_0097.root	19448	-23.3526	3.01983
run_0097.root	19516	-52.6828	5.26399
run_0097.root	19554	-54.791	5.21095
run_0097.root	19641	-26.5802	1.65893
run_0097.root	19701	-35.1984	1.49873
run_0097.root	19717	-38.2839	8.42817
run_0097.root	19919	-28.5442	2.11804
run_0097.root	21153	-67.3416	6.66234
run_0097.root	21188	-21.0374	1.49341
run_0097.root	21574	-26.9343	0.575878
run_0097.root	21575	-36.9301	2.94824
run_0097.root	21646	-21.3417	0.110374
run_0097.root	22011	-20.6167	1.3982
run_0097.root	22441	-20.8818	18.0664
run_0097.root	22443	-22.1327	2.81569
run_0097.root	22763	-33.2288	2.4527
run_0097.root	22765	-20.5116	0.783027
run_0097.root	22800	-39.0423	10.252
run_0097.root	23082	-27.0479	1.12183
run_0097.root	23467	-34.1785	1.50753
run_0097.root	23585	-29.9599	9.87865
run_0097.root	23787	-47.884	4.13431
run_0097.root	23947	-85.407	5.733
run_0097.root	24116	-23.2819	1.26979
run_0097.root	24126	-39.5847	3.47337
run_0097.root	24127	-39.5847	3.47337
run_0097.root	24129	-22.3919	0.840204
run_0097.root	24276	-42.4541	20.4005
run_0097.root	24364	-21.8239	1.16962
run_0097.root	24394	-32.2931	3.40668
run_0097.root	24496	-36.904	4.74169
run_0097.root	24623	-28.3301	8.84829
run_0097.root	24640	-25.2446	6.49547
run_0097.root	24664	-55.2305	7.76246
run_0097.root	24680	-59.7694	6.57758
run_0097.root	24681	-59.7694	6.57758
run_0097.root	24721	-46.2297	8.96787
run_0097.root	24754	-71.4061	176.056
run_0097.root	25080	-26.6052	0.979197
run_0097.root	25137	-25.2761	1.78859
run_0097.root	25178	-28.321	5.82551
run_0097.root	25232	-38.8473	9.99665
run_0097.root	25263	-52.346	7.0726
run_0097.root	25270	-38.816	5.12013
run_0097.root	25288	-20.4064	1.67061
run_0097.root	25322	-26.135	13.7704
run_0097.root	25368	-28.1368	12768.2
run_0097.root	25841	-62.3917	12.3304
run_0097.root	25942	-47.6524	6.94481
run_0097.root	26162	-20.5203	0.365994
run_0097.root	26409	-41.1556	6.81927
run_0097.root	26524	-22.3165	2.21353
run_0097.root	26627	-28.5339	3.35457
run_0097.root	26988	-40.4622	6.01717
run_0097.root	27149	-45.9891	7.5274
run_0097.root	27402	-47.2966	1.17375
run_0097.root	27595	-49.5856	3.00902
run_0097.root	27655	-46.8587	4.08454
run_0097.root	27692	-51.2672	2.73983
run_0097.root	27796	-33.4663	0.48346
run_0097.root	28032	-65.9036	8.0518
run_0097.root	28432	-26.2275	58.2568
run_0097.root	28550	-32.6605	2.5814
run_0097.root	28606	-37.4487	1.40095
run_0097.root	29358	-57.954	7.47393
run_0097.root	29396	-20.2891	461.261
run_0097.root	30568	-21.1911	1.23605
run_0097.root	31335	-33.4963	0.141783
run_0097.root	31466	-24.2249	14.2292
run_0097.root	31617	-39.2444	2.5856
run_0097.root	31710	-23.3714	5.06569
run_0097.root	32039	-23.2595	4.94773
run_0097.root	32051	-32.8842	1.44164
run_0097.root	32129	-63.0647	14.3657
run_0097.root	32131	-20.1417	1.48298
run_0097.root	32188	-42.8582	4.34055
run_0097.root	32192	-62.7359	7.21014
run_0097.root	32277	-36.562	1.14934
run_0097.root	32619	-27.5641	2.6333
run_0097.root	32650	-22.7358	1.08391
run_0097.root	32657	-39.3299	1.70595
run_0097.root	32745	-23.0142	0.663938
run_0097.root	32912	-22.7559	1.03123
run_0097.root	33589	-23.9696	2.48403
run_0097.root	33815	-49.8335	4.98818
run_0097.root	34256	-49.1418	3.76644
run_0097.root	34259	-26.484	1.3399
run_0097.root	34526	-21.8294	2.33118
run_0097.root	34557	-21.9822	9.68594
run_0097.root	34656	-34.1676	4.08825
run_0097.root	34692	-30.458	361.517
run_0097.root	34707	-27.6632	1.36912
run_0097.root	34859	-40.0958	2.49901
run_0097.root	35269	-43.1202	2.78731
run_0097.root	35270	-43.1202	2.78731
run_0097.root	35395	-61.0945	9.49154
run_0097.root	36081	-74.3564	5.27079
run_0097.root	36166	-43.8758	4.22857
run_0097.root	36542	-39.088	3.72631
run_0097.root	36667	-57.7695	5.27652
run_0097.root	37148	-54.0777	4.95268
run_0097.root	37303	-21.2316	2.17285
run_0097.root	37347	-31.8254	59.4711
run_0097.root	37358	-63.7512	8.13197
run_0097.root	37473	-31.3297	5.96009
run_0097.root	37868	-30.3753	88.7705
run_0097.root	37941	-30.154	0.876059
run_0097.root	38371	-26.546	0.942646
run_0097.root	38630	-22.9253	5.25526
run_0097.root	38818	-31.6314	2.7244
run_0097.root	38861	-21.8066	0.606828
run_0097.root	39265	-27.4093	1.34334
run_0097.root	39588	-27.0717	1.54436
run_0097.root	39728	-26.9425	3.02793
run_0097.root	40087	-20.181	12.1911
run_0097.root	40143	-60.4491	6.16726
run_0097.root	40231	-33.4862	5.9225
run_0097.root	40593	-34.9643	3.39779
run_0097.root	40842	-42.882	2.86882
run_0097.root	40918	-30.2856	0.955822
run_0097.root	41623	-40.1153	5.12436
run_0097.root	41736	-41.0111	6.80024
run_0097.root	42102	-38.1845	4.34679
run_0097.root	42429	-31.7737	5.61135
run_0097.root	42616	-48.7686	7.01075
run_0097.root	42696	-45.4064	2.28136
run_0097.root	43068	-24.1813	1.19082
run_0097.root	43113	-54.0681	26.2281
run_0097.root	43161	-20.7931	6.20354
run_0097.root	43213	-36.8057	3.18557
run_0097.root	43310	-31.3947	3.06895
run_0097.root	43391	-27.6003	421.562
run_0097.root	43514	-24.1704	3.89914
run_0097.root	43561	-30.4074	4.33148
run_0097.root	43772	-46.8054	3.75387
run_0097.root	44355	-40.8196	6.89438
run_0097.root	44593	-27.6517	1.47044
run_0097.root	44673	-32.944	1.93151
run_0097.root	44975	-20.3339	0.466266
run_0097.root	45341	-60.1119	7.45577
run_0097.root	45410	-61.8531	8.54723
run_0097.root	45668	-27.0211	3.15618
run_0097.root	45955	-33.9126	6.39014
run_0097.root	45982	-43.1228	32.9104
run_0097.root	46052	-56.2149	4.16674
run_0097.root	46136	-24.3765	5.12301
run_0097.root	46193	-22.1613	402.962
run_0097.root	46208	-24.1718	6.00958
run_0097.root	46419	-33.8327	1.09797
run_0097.root	47032	-55.0449	7.98124
run_0097.root	47180	-23.4087	2.89696
run_0097.root	47212	-26.5255	2.86272
run_0097.root	47354	-45.8379	4.16754
run_0097.root	47530	-27.0559	9.71465
run_0097.root	48259	-42.1359	2.64347
run_0097.root	48522	-25.0538	13.8562
run_0097.root	49106	-66.6428	7.0714
run_0097.root	49137	-53.1104	6.07585
run_0097.root	49171	-32.3908	1.95723
run_0097.root	49196	-54.1638	10.7558
run_0097.root	49269	-25.5665	0.106102
run_0097.root	49319	-41.5928	9.73333
run_0097.root	49354	-66.6964	8.89836
run_0097.root	49561	-57.7451	7.6783
run_0097.root	50006	-43.7991	2.57589
run_0097.root	50154	-21.3409	2.89095
run_0097.root	50233	-58.6015	5.04971
run_0097.root	50575	-29.1234	16.5507
run_0097.root	51795	-33.3812	3007.35
run_0097.root	52240	-89.9695	6.04911
run_0097.root	52241	-89.9695	6.04911
run_0097.root	52679	-38.5723	1.52579
run_0097.root	52964	-33.5006	0.987036
run_0097.root	53402	-34.2856	7.28953
run_0097.root	53461	-51.7946	6.09772
run_0097.root	53755	-21.6782	151.093
run_0097.root	53857	-23.6302	2.75863
run_0097.root	54025	-33.1511	1.25898
run_0097.root	54059	-38.1279	2.46312
run_0097.root	54315	-21.91	3.19247
run_0097.root	54402	-32.7288	1.25529
run_0097.root	54518	-26.3989	14.7517
run_0097.root	54524	-23.7564	10.2395
run_0097.root	54552	-56.4827	6.72882
run_0097.root	54786	-40.1949	4.07275
run_0097.root	54812	-20.0158	0.446775
run_0097.root	55040	-30.3244	0.988104
run_0097.root	55116	-22.2915	2.52258
run_0097.root	55258	-26.0957	15.4758
run_0097.root	56042	-24.842	4.78022
run_0097.root	56551	-39.8821	1.13166
run_0097.root	56763	-27.5627	0.656021
run_0097.root	56775	-27.9496	2.94421
run_0097.root	57188	-40.5394	3.37578
run_0097.root	57315	-20.4741	0.896707
run_0097.root	57575	-28.58	2068.86
run_0097.root	57657	-37.7644	6.2669
run_0097.root	57718	-29.3262	1.24821
run_0097.root	57801	-41.6678	3.64686
run_0097.root	57895	-63.5455	7.43854
run_0097.root	58607	-57.3869	4.61683
run_0097.root	58689	-36.5202	1.71291
run_0097.root	58891	-26.3269	1.04987
run_0097.root	58952	-21.6731	1.66708
run_0097.root	59293	-34.5817	2.73596
run_0097.root	59294	-23.5038	0.64431
run_0097.root	59543	-27.7639	1.56
run_0097.root	59556	-32.5694	2.24133
run_0097.root	59679	-36.6597	1.98692
run_0097.root	59750	-119.355	27.3875
run_0097.root	59779	-25.4976	2.26099
run_0097.root	59834	-52.1496	8.45662
run_0097.root	60255	-54.0061	6.27821
run_0097.root	60282	-42.5203	7.95681
run_0097.root	60484	-56.2811	7.28559
run_0097.root	61056	-56.7141	6.11858
run_0097.root	61322	-22.0652	0.894478
run_0097.root	61346	-33.3242	1.22158
run_0097.root	61363	-37.1573	2.6628
run_0097.root	61430	-41.2769	2.7173
run_0097.root	61602	-25.5308	2.94108
run_0097.root	61631	-47.5182	2.8966
run_0097.root	61763	-60.3488	6.33039
run_0097.root	61902	-22.5913	0.901188
run_0097.root	62066	-25.7535	45.01
run_0097.root	62251	-79.8197	16.6134
run_0097.root	62369	-21.6232	1.93275
run_0097.root	62836	-20.0142	1.40948
run_0097.root	62854	-61.533	8.05515
run_0097.root	63500	-46.1281	117.578
run_0097.root	64522	-20.1766	4.50434
run_0097.root	64729	-45.0063	3.92271
run_0097.root	64810	-38.1739	5.81521
run_0097.root	65554	-51.2544	4.37493
run_0097.root	65669	-34.235	1.59889
run_0097.root	65804	-21.7181	5.06144
run_0097.root	65809	-28.916	1.6191
run_0097.root	65814	-45.9958	3.31927
run_0097.root	65951	-51.6373	11.9055
run_0097.root	65958	-20.1187	2.00232
run_0097.root	65988	-25.3191	2.94092
run_0097.root	66005	-39.4105	4.7872
run_0097.root	66265	-21.765	1.14932
run_0097.root	66425	-46.6354	15.0356
run_0097.root	66615	-25.2876	4.27419
run_0097.root	66641	-46.703	2.82546
run_0097.root	66800	-31.6185	0.666056
run_0097.root	67270	-28.5373	2.61401
run_0097.root	67485	-40.0718	3.20795
run_0097.root	67811	-21.2576	0.603238
run_0097.root	67868	-44.0494	1.57606
run_0097.root	68101	-26.8105	1.12247
run_0097.root	69623	-43.8638	1.56392
run_0097.root	69707	-20.0807	2.12616
run_0097.root	69752	-20.4341	1.89516
run_0097.root	69919	-44.2841	8.45244
run_0097.root	70292	-38.4507	8.48669
run_0097.root	71605	-40.8241	2.56823
run_0097.root	71668	-84.5342	7.9259
run_0097.root	71674	-22.8778	1.97663
run_0097.root	72104	-48.7645	3.31974
run_0097.root	72232	-42.4706	1.80915
run_0097.root	72609	-77.5191	11.5736
run_0097.root	72710	-25.8775	2.5255
run_0097.root	72852	-39.5765	3.39656
run_0097.root	72895	-33.1987	3.10378
run_0097.root	72964	-43.2589	3667.84
run_0097.root	72985	-39.6509	7.12612
run_0097.root	73265	-20.3184	1.56074
run_0097.root	73448	-28.4516	2.66628
run_0097.root	73846	-28.0258	5.05086
run_0097.root	73914	-48.792	15.3708
run_0097.root	74166	-46.9114	6.96472
run_0097.root	74237	-21.2318	1.12088
run_0097.root	74306	-29.0243	2.37005
run_0097.root	74368	-24.0148	2.31423
run_0097.root	74405	-22.7712	230.079
run_0097.root	74773	-32.0132	4.3455
run_0097.root	75006	-22.6299	0.914925
run_0097.root	75105	-41.9924	4.1835
run_0097.root	75261	-39.5887	4.32492
run_0097.root	75526	-55.9722	6.26018
run_0097.root	75587	-26.2505	1.04325
run_0097.root	75736	-34.0726	2.02422
run_0097.root	75989	-54.8548	6.80245
run_0097.root	76020	-20.6581	351.142
run_0098.root	262	-22.2386	2.003
run_0098.root	392	-35.7446	7.50441
run_0098.root	684	-26.8541	1.26646
run_0098.root	690	-45.8485	3.09638
run_0098.root	751	-24.3498	5.7281
run_0098.root	984	-38.0342	2.51476
run_0098.root	1262	-26.1396	99.1864
run_0098.root	1453	-41.1338	4.4303
run_0098.root	1871	-58.483	5.79323
run_0098.root	1987	-24.6622	1.13087
run_0098.root	1992	-24.4719	1.87629
run_0098.root	2355	-33.8288	3.93306
run_0098.root	2738	-38.2549	2.99831
run_0098.root	2878	-32.4296	2.49779
run_0098.root	3129	-27.1078	30.4199
run_0098.root	3130	-27.1078	30.4199
run_0098.root	3217	-47.0194	8.24226
run_0098.root	3449	-32.3152	5.89986
run_0098.root	3587	-23.3509	0.553708
run_0098.root	3656	-21.7463	101.032
run_0098.root	3892	-25.2859	1597.65
run_0098.root	3933	-36.3793	2.88895
run_0098.root	4269	-22.6103	1.03044
run_0098.root	4325	-61.1714	7.70202
run_0098.root	4334	-21.3517	0.994973
run_0098.root	4453	-33.8193	2.61763
run_0098.root	4603	-24.2904	6.784
run_0098.root	4673	-21.5595	2.96855
run_0098.root	4771	-42.3742	1.99075
run_0098.root	5029	-50.8239	11.0385
run_0098.root	5310	-40.1276	2.29852
run_0098.root	5810	-27.9272	14.26
run_0098.root	5817	-32.4652	2.50449
run_0098.root	6082	-35.367	6.12255
run_0098.root	6255	-20.0193	0.535674
run_0098.root	6392	-25.4071	1.56118
run_0098.root	6497	-39.6165	2.5314
run_0098.root	6737	-21.2491	0.838821
run_0098.root	6835	-20.7803	0.956508
run_0098.root	6960	-20.3651	1.30464
run_0098.root	7259	-25.2008	0.182165
run_0098.root	7589	-63.0191	19.0565
run_0098.root	7669	-28.8251	14.2782
run_0098.root	7722	-21.1263	0.508209
run_0098.root	8015	-47.5082	5.02814
run_0098.root	8348	-28.3156	9.04019
run_0098.root	8518	-43.0833	2.31074
run_0098.root	8587	-21.304	1.35483
run_0098.root	8639	-35.3807	4.48902
run_0098.root	8736	-47.1834	1.74533
run_0098.root	9017	-41.7077	5.76507
run_0098.root	9204	-21.4386	1.30976
run_0098.root	9849	-28.2093	3.10157
run_0098.root	9917	-21.5055	1.29917
run_0098.root	10135	-32.1618	2.56883
run_0098.root	10249	-24.5366	1.25148
run_0098.root	10584	-27.1249	0.511053
run_0098.root	10585	-27.1249	0.511053
run_0098.root	10586	-27.1249	0.511053
run_0098.root	10587	-27.1249	0.511053
run_0098.root	10588	-27.1249	0.511053
run_0098.root	10609	-32.6436	30.4021
run_0098.root	10703	-28.9462	3.91299
run_0098.root	10862	-20.1279	1.84931
run_0098.root	10971	-29.2335	4.32876
run_0098.root	10972	-29.2335	4.32876
run_0098.root	11786	-65.104	18.748
run_0098.root	11818	-26.9072	1.1574
run_0098.root	11887	-42.007	74.6849
run_0098.root	12815	-52.9919	29.1935
run_0098.root	13628	-22.972	0.789111
run_0098.root	13809	-48.9371	2.66603
run_0098.root	13811	-27.0899	1.79347
run_0098.root	14113	-26.6933	9.33374
run_0098.root	14815	-46.7734	6.96132
run_0098.root	14919	-43.3906	2.94003
run_0098.root	14923	-33.4712	0.972835
run_0098.root	15944	-42.8935	6.9626
run_0098.root	15949	-24.8033	50.8543
run_0098.root	16129	-65.7337	4.60714
run_0098.root	16645	-36.2701	6.06634
run_0098.root	16661	-22.2353	5.4823
run_0098.root	16914	-27.7665	5.91597
run_0098.root	16915	-27.7665	5.91597
run_0098.root	16916	-27.7665	5.91597
run_0098.root	17165	-63.3488	4.34693
run_0098.root	17175	-21.4824	1.54831
run_0098.root	17500	-53.6143	1.49088
run_0098.root	17628	-48.7895	2.52916
run_0098.root	17629	-48.7895	2.52916
run_0098.root	17856	-20.7062	3.26147
run_0098.root	18139	-22.3479	233.438
run_0098.root	18346	-24.9369	2.20983
run_0098.root	18590	-22.872	55.4667
run_0098.root	18591	-22.872	55.4667
run_0098.root	18685	-31.0512	1.30153
run_0098.root	19565	-25.6008	116.38
run_0098.root	20237	-38.8942	7.42177
run_0098.root	20238	-38.8942	7.42177
run_0098.root	20239	-38.8942	7.42177
run_0098.root	20240	-38.8942	7.42177
run_0098.root	20241	-38.8942	7.42177
run_0098.root	20242	-38.8942	7.42177
run_0098.root	20243	-38.8942	7.42177
run_0098.root	20385	-25.5433	1.37054
run_0098.root	20412	-31.7468	2.35803
run_0098.root	20891	-24.4879	0.55288
run_0098.root	21274	-48.5772	3.91831
run_0098.root	21275	-48.5772	3.91831
run_0098.root	21276	-48.5772	3.91831
run_0098.root	21552	-40.1382	4.73445
run_0098.root	21553	-40.1382	4.73445
run_0098.root	21554	-40.1382	4.73445
run_0098.root	21555	-40.1382	4.73445
run_0098.root	21556	-40.1382	4.73445
run_0098.root	22205	-38.3767	2.32534
run_0098.root	22339	-28.3538	1.98863
run_0098.root	22668	-26.2131	2.7226
run_0098.root	22700	-60.0478	4.59076
run_0098.root	22758	-23.2863	1.87677
run_0098.root	22759	-23.2863	1.87677
run_0098.root	22858	-33.7832	2.3136
run_0098.root	22935	-56.3902	6.39361
run_0098.root	22936	-56.3902	6.39361
run_0098.root	22937	-56.3902	6.39361
run_0098.root	22938	-56.3902	6.39361
run_0098.root	22939	-56.3902	6.39361
run_0098.root	22940	-56.3902	6.39361
run_0098.root	22941	-56.3902	6.39361
run_0098.root	22942	-56.3902	6.39361
run_0098.root	22943	-56.3902	6.39361
run_0098.root	22944	-56.3902	6.39361
run_0098.root	22945	-56.3902	6.39361
run_0098.root	23320	-26.9887	1.33039
run_0098.root	23610	-24.5529	15.669
run_0098.root	23952	-20.7114	0.787526
run_0098.root	24150	-27.6499	5.18474
run_0098.root	24559	-46.3543	6.38877
run_0098.root	24560	-46.3543	6.38877
run_0098.root	24561	-46.3543	6.38877
run_0098.root	24562	-46.3543	6.38877
run_0098.root	24563	-46.3543	6.38877
run_0098.root	24916	-21.5932	3.12611
run_0098.root	25779	-41.5452	5.8643
run_0098.root	25856	-35.7966	3.53076
run_0098.root	26493	-47.6388	3.49872
run_0098.root	28535	-28.5941	5.99381
run_0098.root	28887	-21.1818	3.71094
run_0098.root	28962	-22.6053	1.42048
run_0098.root	29264	-48.5227	6.24657
run_0098.root	29510	-36.9821	4.72687
run_0098.root	29700	-63.1728	7.22536
run_0098.root	30315	-62.7955	27.4903
run_0098.root	30375	-52.8448	6.20765
run_0098.root	30433	-26.5332	1.08928
run_0098.root	30564	-37.6548	7.66523
run_0098.root	30722	-42.9152	15.4399
run_0098.root	31385	-23.8756	153.076
run_0098.root	32035	-48.4169	5.33503
run_0098.root	32137	-37.6594	3.93808
run_0098.root	32644	-52.6079	7.88636
run_0098.root	32677	-27.7536	3.02728
run_0098.root	32685	-26.0397	1.6129
run_0098.root	32686	-26.0397	1.6129
run_0098.root	32858	-23.5201	57.1832
run_0098.root	33835	-29.1009	1.75181
run_0098.root	33899	-57.8387	5.88887
run_0098.root	34040	-29.0555	1.82627
run_0098.root	34522	-20.6034	9.04934
run_0098.root	34600	-49.5174	0.982198
run_0098.root	34769	-20.4055	1.10746
run_0098.root	35218	-25.4054	1.16305
run_0098.root	35227	-26.8159	1.41674
run_0098.root	35918	-30.6429	0.434932
run_0098.root	35990	-47.6873	1.81519
run_0098.root	36014	-46.5732	2.73385
run_0098.root	36049	-26.6002	0.890719
run_0098.root	36331	-39.742	1.34666
run_0098.root	36425	-36.2525	7.70816
run_0098.root	36667	-20.3533	6.16161
run_0098.root	37047	-34.9939	2.12686
run_0098.root	37667	-36.013	7.80804
run_0098.root	37795	-57.884	7.0864
run_0098.root	37796	-57.884	7.0864
run_0098.root	38100	-54.6608	6.28825
run_0098.root	38214	-38.2444	6.14871
run_0098.root	38291	-48.5303	2.57627
run_0098.root	38519	-20.38	7.62231
run_0098.root	38522	-29.6279	2.49981
run_0098.root	38799	-30.3773	2.88646
run_0098.root	39012	-34.7301	1.49008
run_0098.root	39335	-38.7125	3.79236
run_0098.root	39355	-52.3738	6.24018
run_0098.root	39946	-21.7951	1.09386
run_0098.root	39995	-52.6532	6.20865
run_0098.root	40426	-33.4886	1.23995
run_0098.root	40499	-41.248	3.03813
run_0098.root	40646	-69.6553	9.88725
run_0098.root	40699	-42.5636	6.57928
run_0098.root	40827	-55.8905	8.37023
run_0098.root	40920	-36.9383	1.67756
run_0098.root	41120	-40.1469	5.52113
run_0098.root	41522	-51.5031	2.58063
run_0098.root	41591	-24.9363	2.15202
run_0098.root	41720	-23.756	1.12235
run_0098.root	42010	-63.9206	9.72936
run_0098.root	42059	-38.0141	59.4069
run_0098.root	42164	-41.0198	4.85492
run_0098.root	42173	-20.8368	1.83438
run_0098.root	42458	-27.9416	2.51734
run_0098.root	42782	-37.6702	3.18771
run_0098.root	43012	-62.1245	11.2934
run_0098.root	43020	-43.4527	5.45504
run_0098.root	43190	-34.0496	3.61542
run_0098.root	43397	-42.7288	0.151167
run_0098.root	43398	-20.2574	5.39605
run_0098.root	43399	-20.2574	5.39605
run_0098.root	43400	-20.2574	5.39605
run_0098.root	43459	-22.6869	2.05681
run_0098.root	43460	-22.6869	2.05681
run_0098.root	43461	-22.6869	2.05681
run_0098.root	43681	-22.0605	24.4939
run_0098.root	43930	-50.1579	10.3795
run_0098.root	43931	-50.1579	10.3795
run_0098.root	43959	-46.9076	6.06005
run_0098.root	44189	-30.7978	2.85332
run_0098.root	44314	-27.5101	8.07116
run_0098.root	44383	-30.1998	3.50219
run_0098.root	44518	-24.9553	1.63062
run_0098.root	44519	-24.9553	1.63062
run_0098.root	44850	-24.5697	5.93445
run_0098.root	44851	-24.5697	5.93445
run_0098.root	44876	-42.9247	2.25402
run_0098.root	45162	-23.9037	5.91362
run_0098.root	45842	-24.6048	0.820161
run_0098.root	45924	-54.2954	5.36002
run_0098.root	46548	-38.1706	2.16426
run_0098.root	46631	-27.6987	1.22803
run_0098.root	46737	-30.6791	3.33461
run_0098.root	46747	-31.6799	14.1207
run_0098.root	47441	-24.6702	2.05364
run_0098.root	47833	-26.325	3.11099
run_0098.root	47890	-48.4198	3.85986
run_0098.root	47927	-25.4637	1.31042
run_0098.root	48205	-45.4678	4.39532
run_0098.root	48433	-20.3028	0.828734
run_0098.root	48821	-21.7059	0.898966
run_0098.root	49007	-55.4002	7.44727
run_0098.root	49400	-23.0432	4.15765
run_0098.root	49401	-23.0432	4.15765
run_0098.root	49551	-63.6782	6.69014
run_0098.root	49631	-86.9558	6.5079
run_0098.root	49669	-32.976	1.86389
run_0098.root	50760	-24.2702	2.9381
run_0098.root	50936	-32.559	4.47706
run_0098.root	50999	-22.4835	1.3203
run_0098.root	51074	-46.7411	3.6501
run_0098.root	51292	-22.1121	1.23444
run_0098.root	51551	-47.0969	6.68814
run_0098.root	51757	-64.8009	2.59387
run_0098.root	52527	-22.0828	0.710258
run_0098.root	52747	-21.1769	4.97265
run_0098.root	52967	-67.0662	7.81973
run_0098.root	53076	-27.8243	3.33023
run_0098.root	53108	-59.1878	9.7522
run_0098.root	53159	-28.0638	2.10847
run_0098.root	53352	-28.3059	1.33862
run_0098.root	53377	-55.3643	11.6306
run_0098.root	53386	-33.3309	1.29953
run_0098.root	53590	-26.3832	0.606226
run_0098.root	53738	-44.6438	39.605
run_0098.root	54132	-54.7479	8.51801
run_0098.root	54133	-54.7479	8.51801
run_0098.root	54158	-31.4523	13.3538
run_0098.root	54163	-35.187	4.38899
run_0098.root	54203	-52.9571	1.58015
run_0098.root	54222	-29.8325	1.56388
run_0098.root	54473	-50.4157	6.88958
run_0098.root	54529	-28.3714	6.9615
run_0098.root	54575	-27.5418	2.67793
run_0098.root	55037	-24.9436	1.85526
run_0098.root	55070	-31.6494	2.93844
run_0098.root	55210	-20.13	1.03343
run_0098.root	55365	-21.5155	0.671692
run_0098.root	55403	-23.4605	0.88259
run_0098.root	55868	-50.4363	1.62844
run_0098.root	56191	-38.525	47.0549
run_0098.root	56235	-27.3423	1.09162
run_0098.root	56283	-33.774	2.10905
run_0098.root	56300	-31.3382	7.55672
run_0098.root	56325	-33.0825	1.78644
run_0098.root	56388	-43.1993	2.37668
run_0098.root	56523	-28.803	4.17791
run_0098.root	56999	-39.9667	0.529639
run_0098.root	57049	-45.1252	3.31338
run_0098.root	57116	-21.1785	13.9166
run_0098.root	57208	-43.7235	3.62814
run_0098.root	57692	-30.4511	2.38003
run_0098.root	57947	-22.7754	1.79212
run_0098.root	57954	-62.1437	7.13083
run_0098.root	58175	-20.1665	2.95085
run_0098.root	58703	-33.5465	1.67673
run_0098.root	58804	-46.0944	6.17728
run_0098.root	58805	-46.0944	6.17728
run_0098.root	58806	-46.0944	6.17728
run_0098.root	59200	-24.0664	6.29837
run_0098.root	59721	-35.8992	5.87109
run_0098.root	59900	-21.2746	1.66699
run_0098.root	59995	-44.0023	9.20359
run_0098.root	60046	-129.257	33.9658
run_0098.root	60621	-22.2805	241.557
run_0098.root	60781	-25.9634	1.29031
run_0098.root	60891	-28.005	2.13741
run_0098.root	61174	-27.5927	1.51333
run_0098.root	61255	-36.5187	3.45429
run_0098.root	61256	-36.5187	3.45429
run_0098.root	61293	-39.815	2.78214
run_0098.root	61379	-28.8187	0.862712
run_0098.root	61523	-53.8828	3.90803
run_0098.root	62040	-41.2897	2.96049
run_0098.root	62244	-32.562	4.52828
run_0098.root	62542	-34.7101	7.43574
run_0098.root	62719	-31.8704	94.4506
run_0098.root	62747	-26.614	9.48111
run_0098.root	62900	-35.2793	2.50543
run_0098.root	62965	-67.5964	12.2788
run_0098.root	63244	-56.582	6.99205
run_0098.root	63986	-45.8189	9.39225
run_0098.root	64010	-34.2835	3.76227
run_0098.root	64012	-29.0762	1.04993
run_0098.root	64372	-49.1708	3.44191
run_0098.root	64835	-28.2644	1.37165
run_0098.root	65269	-23.9486	0.764544
run_0098.root	65302	-32.891	2.0133
run_0098.root	65647	-59.5946	8.27259
run_0098.root	65864	-44.2709	5.62315
run_0098.root	65908	-30.4462	3.03567
run_0098.root	65915	-22.1049	0.876528
run_0098.root	66106	-38.3006	18.0565
run_0098.root	66300	-35.1266	5.45056
run_0098.root	66304	-34.54	4.18127
run_0098.root	66400	-25.9744	1.77978
run_0098.root	66409	-29.689	0.8207
run_0098.root	66410	-38.1915	2.01758
run_0098.root	66580	-39.3145	8.70359
run_0098.root	66870	-27.3051	29.9749
run_0098.root	67510	-30.8919	1.18441
run_0098.root	67751	-20.9527	5.93509
run_0098.root	68059	-23.4141	1.14336
run_0098.root	68182	-26.0765	1.30289
run_0098.root	68626	-38.6656	3.04156
run_0098.root	69269	-39.5389	2.07102
run_0098.root	69277	-24.7906	20.4066
run_0098.root	69482	-55.4608	5.62309
run_0098.root	69483	-42.3322	174.591
run_0098.root	69841	-57.8846	5.89591
run_0098.root	70609	-27.8261	1.44537
run_0098.root	70842	-20.9379	1.02285
run_0098.root	70940	-38.9943	30.0202
run_0098.root	71297	-23.0372	2.81833
run_0098.root	71940	-62.1846	5.07106
run_0098.root	72053	-32.921	1.40211
run_0098.root	72713	-22.1847	0.85093
run_0098.root	72808	-33.4098	2.24769
run_0098.root	72812	-31.1118	1.68218
run_0098.root	72850	-33.0372	1.56312
run_0098.root	72926	-24.2232	16.5974
run_0098.root	73222	-40.2969	5.33239
run_0098.root	73648	-30.8955	3.22694
run_0098.root	73678	-32.0979	3.71503
run_0098.root	73779	-35.3167	1.23361
run_0098.root	73945	-23.5491	53.3725
run_0098.root	74009	-25.0525	1.68243
run_0098.root	74085	-24.1083	2.46572
run_0098.root	74429	-37.1505	1.66492
run_0098.root	74469	-30.1372	43.9635
run_0099.root	228	-32.2493	1.78891
run_0099.root	922	-58.716	6.68135
run_0099.root	1089	-23.102	2.83506
run_0099.root	1284	-20.6204	2.81555
run_0099.root	1302	-27.4797	1.29332
run_0099.root	1442	-27.7111	4.70719
run_0099.root	1599	-22.3875	10.9341
run_0099.root	1918	-21.206	2.01275
run_0099.root	2155	-32.9068	1.51994
run_0099.root	2156	-32.9068	1.51994
run_0099.root	2291	-44.4858	4.71304
run_0099.root	2303	-40.8974	4.41591
run_0099.root	2640	-22.1959	0.548779
run_0099.root	2904	-28.0926	20.5564
run_0099.root	2992	-31.6423	1.06187
run_0099.root	3243	-20.2606	18.991
run_0099.root	3275	-21.2655	0.398254
run_0099.root	3356	-26.0504	0.220664
run_0099.root	4413	-29.2786	1.1508
run_0099.root	4900	-20.9108	0.703707
run_0099.root	5209	-21.5227	0.594401
run_0099.root	5270	-21.6029	6.41488
run_0099.root	5368	-33.326	3.67665
run_0099.root	5385	-26.6735	9.50591
run_0099.root	5617	-50.9052	13.6914
run_0099.root	5814	-23.556	9.63339
run_0099.root	6057	-38.4739	7.99783
run_0099.root	6806	-47.0334	5.44567
run_0099.root	7223	-56.0701	0.334953
run_0099.root	7954	-24.3603	1.54149
run_0099.root	8359	-30.1658	7.11851
run_0099.root	8360	-33.7025	81.6817
run_0099.root	9867	-53.4309	3.95643
run_0099.root	10054	-65.992	7.17288
run_0099.root	10245	-30.299	2.24064
run_0099.root	10445	-34.1163	13.8306
run_0099.root	10502	-26.2054	1.1107
run_0099.root	10603	-22.5025	0.799419
run_0099.root	10711	-28.7742	0.982615
run_0099.root	10740	-58.3143	10.7815
run_0099.root	11096	-33.1423	4.28549
run_0099.root	11216	-62.3626	10.6344
run_0099.root	11262	-24.3063	5.00693
run_0099.root	11346	-34.6952	6.35773
run_0099.root	11493	-43.8811	3.16679
run_0099.root	11523	-46.0396	5.77173
run_0099.root	11731	-45.5409	7.31096
run_0099.root	11823	-34.1372	5.25845
run_0099.root	11891	-24.9099	1.44185
run_0099.root	11998	-64.5405	3.05845
run_0099.root	12324	-62.9126	1.95169
run_0099.root	12540	-35.3307	2.1434
run_0099.root	12744	-25.5206	0.578784
run_0099.root	12809	-34.6615	15.8791
run_0099.root	12923	-32.2982	2.8313
run_0099.root	13299	-27.8684	1.46467
run_0099.root	13473	-51.1686	6.11018
run_0099.root	15127	-20.1864	7.44317
run_0099.root	15158	-23.1137	0.415237
run_0099.root	15270	-55.1188	2.92236
run_0099.root	15384	-48.6082	4.67455
run_0099.root	15486	-40.9723	5.96441
run_0099.root	15489	-30.9363	7.77229
run_0099.root	15577	-35.3715	4.89913
run_0099.root	15600	-33.6603	1.71496
run_0099.root	15923	-36.3643	6.92411
run_0099.root	16500	-32.6407	15.7139
run_0099.root	16527	-53.116	5.20678
run_0099.root	16672	-51.0978	4.0196
run_0099.root	16688	-20.1697	2.83684
run_0099.root	16715	-27.419	1.52866
run_0099.root	16820	-27.792	52.303
run_0099.root	17460	-29.2991	10.9397
run_0099.root	17476	-36.3133	5.45403
run_0099.root	17562	-29.8185	2.52924
run_0099.root	17847	-32.3375	4.96534
run_0099.root	18300	-39.1528	3.90408
run_0099.root	18746	-22.2534	0.983839
run_0099.root	18962	-25.3357	1.46537
run_0099.root	19391	-25.7949	2.78639
run_0099.root	19465	-29.6074	2.39598
run_0099.root	19698	-64.7302	15.5476
run_0099.root	19699	-64.7302	15.5476
run_0099.root	19700	-64.7302	15.5476
run_0099.root	20229	-21.5143	7.25404
run_0099.root	20285	-37.1628	2.78465
run_0099.root	20295	-52.4778	4.78966
run_0099.root	20333	-46.1478	8.00817
run_0099.root	20558	-69.4515	94.2686
run_0099.root	20586	-20.395	3.6029
run_0099.root	20650	-41.0873	3.71912
run_0099.root	20740	-33.0485	38.3178
run_0099.root	20905	-67.0743	5.25869
run_0099.root	21246	-65.6171	17.2929
run_0099.root	21478	-36.1475	1.91403
run_0099.root	22731	-25.5941	347.056
run_0099.root	22732	-25.5941	347.056
run_0099.root	23806	-45.1584	4.22088
run_0099.root	23850	-40.1995	7.24197
run_0099.root	24402	-62.71	10.9515
run_0099.root	24916	-35.3903	6.00766
run_0099.root	25878	-28.5467	2.66869
run_0099.root	25879	-28.5467	2.66869
run_0099.root	25880	-28.5467	2.66869
run_0099.root	25904	-94.1782	17.1366
run_0099.root	25905	-94.1782	17.1366
run_0099.root	26582	-58.0284	5.34152
run_0099.root	26583	-58.0284	5.34152
run_0099.root	26584	-58.0284	5.34152
run_0099.root	26644	-26.6963	1.76631
run_0099.root	27332	-22.6792	1.17126
run_0099.root	27509	-30.9363	2.87915
run_0099.root	27510	-30.9363	2.87915
run_0099.root	27703	-34.4787	4.96276
run_0099.root	27704	-34.4787	4.96276
run_0099.root	27705	-34.4787	4.96276
run_0099.root	27706	-34.4787	4.96276
run_0099.root	27807	-29.5825	15.9582
run_0099.root	27846	-28.1521	2.20221
run_0099.root	27852	-28.6093	4.41604
run_0099.root	27984	-39.8234	1.11454
run_0099.root	27985	-39.8234	1.11454
run_0099.root	28181	-22.7883	0.533501
run_0099.root	28238	-35.1578	1.85488
run_0099.root	28445	-49.5902	5.86702
run_0099.root	28804	-63.5623	5.14034
run_0099.root	29112	-56.7219	4.91766
run_0099.root	29391	-23.528	1.95462
run_0099.root	30186	-63.9316	9.06269
run_0099.root	30187	-63.9316	9.06269
run_0099.root	30188	-63.9316	9.06269
run_0099.root	30819	-41.1359	1.67167
run_0099.root	31060	-33.3048	1.04381
run_0099.root	32673	-34.9788	3.22155
run_0099.root	32674	-34.9788	3.22155
run_0099.root	32694	-48.5766	5.15948
run_0099.root	32724	-39.4163	1.52298
run_0099.root	33190	-34.0479	12.9743
run_0099.root	33274	-24.142	155.015
run_0099.root	33451	-33.7973	2.82474
run_0099.root	33682	-33.1085	0.873143
run_0099.root	33683	-33.1085	0.873143
run_0099.root	33873	-22.7636	0.457493
run_0099.root	34048	-60.64	6.04183
run_0099.root	34049	-60.64	6.04183
run_0099.root	34136	-22.5343	2.5156
run_0099.root	34137	-22.5343	2.5156
run_0099.root	34671	-24.7785	3.76599
run_0099.root	34917	-21.7211	1.52954
run_0099.root	34981	-32.1723	12.9947
run_0099.root	35239	-53.6064	4.89923
run_0099.root	35240	-53.6064	4.89923
run_0099.root	35304	-22.8273	1.67751
run_0099.root	35560	-25.0984	1.13229
run_0099.root	35772	-23.4168	0.445676
run_0099.root	35775	-30.5318	22.1417
run_0099.root	35776	-30.5318	22.1417
run_0099.root	35777	-30.5318	22.1417
run_0099.root	36810	-46.3343	7.85431
run_0099.root	36811	-46.3343	7.85431
run_0099.root	37070	-31.1831	5.97582
run_0099.root	37105	-34.8621	2.32072
run_0099.root	37111	-30.2554	1.04703
run_0099.root	37166	-44.2168	3.49012
run_0099.root	37274	-32.4833	2.18391
run_0099.root	37974	-34.7573	1.67016
run_0099.root	38134	-31.7409	248.313
run_0099.root	38850	-48.1755	6.79567
run_0099.root	38865	-33.4278	389.838
run_0099.root	39008	-34.8675	2.47734
run_0099.root	40748	-62.2003	4.19416
run_0099.root	40749	-62.2003	4.19416
run_0099.root	40750	-62.2003	4.19416
run_0099.root	40853	-23.2826	88.3507
run_0099.root	40854	-23.2826	88.3507
run_0099.root	41300	-38.4699	22.5993
run_0099.root	41905	-28.803	4.78799
run_0099.root	41906	-28.803	4.78799
run_0099.root	42067	-36.3333	2.45451
run_0099.root	42068	-36.3333	2.45451
run_0099.root	42423	-22.6192	64.1242
run_0099.root	42463	-39.0282	4.05758
run_0099.root	42464	-39.0282	4.05758
run_0099.root	42465	-39.0282	4.05758
run_0099.root	42919	-35.1497	2.82068
run_0099.root	42920	-35.1497	2.82068
run_0099.root	42921	-35.1497	2.82068
run_0099.root	42922	-35.1497	2.82068
run_0099.root	42923	-35.1497	2.82068
run_0099.root	43038	-72.3219	8.0547
run_0099.root	43039	-72.3219	8.0547
run_0099.root	43040	-72.3219	8.0547
run_0099.root	43041	-72.3219	8.0547
run_0099.root	44783	-31.1767	1.51176
run_0099.root	44784	-31.1767	1.51176
run_0099.root	45639	-50.0178	7.1603
run_0099.root	45640	-50.0178	7.1603
run_0099.root	45641	-50.0178	7.1603
run_0099.root	45642	-50.0178	7.1603
run_0099.root	45643	-50.0178	7.1603
run_0099.root	45644	-50.0178	7.1603
run_0099.root	45645	-50.0178	7.1603
run_0099.root	46092	-28.6078	1.30452
run_0099.root	46228	-48.1864	3.44767
run_0099.root	46291	-24.8199	0.580181
run_0099.root	46553	-36.8039	6.43714
run_0099.root	47648	-59.4251	8.17403
run_0099.root	48391	-21.5001	1.16156
run_0099.root	48549	-23.8003	63.1496
run_0099.root	49273	-31.9898	2.42981
run_0099.root	49274	-31.9898	2.42981
run_0099.root	49275	-31.9898	2.42981
run_0099.root	49683	-36.6581	2.37265
run_0099.root	50420	-28.7478	0.919605
run_0099.root	50675	-35.333	8.72514
run_0099.root	50676	-35.333	8.72514
run_0099.root	50677	-35.333	8.72514
run_0099.root	50678	-35.333	8.72514
run_0099.root	50679	-35.333	8.72514
run_0099.root	52278	-51.7921	5.02653
run_0099.root	52279	-51.7921	5.02653
run_0099.root	53007	-42.5742	4.44751
run_0099.root	53008	-42.5742	4.44751
run_0099.root	53518	-50.0309	572.247
run_0099.root	54419	-23.8466	6.47698
run_0099.root	54420	-23.8466	6.47698
run_0099.root	54421	-23.8466	6.47698
run_0099.root	54422	-23.8466	6.47698
run_0099.root	55276	-39.9372	8.8356
run_0099.root	55277	-39.9372	8.8356
run_0099.root	55901	-21.5807	3.02521
run_0099.root	56189	-47.559	7.6852
run_0099.root	56190	-47.559	7.6852
run_0099.root	56191	-47.559	7.6852
run_0099.root	56348	-29.2173	1.91502
run_0099.root	56526	-41.9607	8.94347
run_0099.root	56624	-63.4046	6.0908
run_0099.root	57165	-23.7482	0.0748596
run_0099.root	57343	-29.6121	369.724
run_0099.root	57344	-29.6121	369.724
run_0099.root	57511	-24.998	1.70123
run_0099.root	57512	-24.998	1.70123
run_0099.root	57513	-24.998	1.70123
run_0099.root	58848	-42.5116	6.42134
run_0099.root	58955	-145.145	3.99476
run_0099.root	58966	-38.9232	4.24043
run_0099.root	58979	-58.8142	10.4437
run_0099.root	59172	-25.9436	2.7571
run_0099.root	59173	-25.9436	2.7571
run_0099.root	60566	-33.504	7.30373
run_0099.root	60670	-37.8036	2.37035
run_0099.root	60734	-44.217	4.55552
run_0099.root	60916	-37.0263	1.56053
run_0099.root	61260	-20.5583	0.724469
run_0099.root	61261	-20.5583	0.724469
run_0099.root	61779	-67.9484	11.0984
run_0099.root	62070	-37.1214	1.8712
run_0099.root	62985	-26.9861	1.4215
run_0099.root	62986	-26.9861	1.4215
run_0099.root	62987	-26.9861	1.4215
run_0099.root	63201	-25.5948	1.20423
run_0099.root	63421	-34.8691	1.38668
run_0099.root	63754	-31.2806	2.27582
run_0099.root	63884	-38.1183	147.795
run_0099.root	63885	-38.1183	147.795
run_0099.root	64034	-20.1009	5.03101
run_0099.root	64722	-34.4848	1.64872
run_0099.root	66085	-24.4535	1.82211
run_0099.root	66086	-24.4535	1.82211
run_0099.root	66115	-26.9483	2.07372
run_0099.root	66234	-22.0294	2.18588
run_0099.root	66324	-61.7246	11.7921
run_0099.root	66380	-20.6598	0.527058
run_0099.root	66381	-20.6598	0.527058
run_0099.root	66725	-48.2159	11.1118
run_0099.root	66875	-33.2659	20.0403
run_0099.root	66962	-20.7201	2.92134
run_0099.root	67187	-45.3546	6.33433
run_0099.root	67816	-30.4301	1.96224
run_0099.root	67933	-56.9893	6.76267
run_0099.root	68587	-30.7139	3.05316
run_0099.root	68588	-30.7139	3.05316
run_0099.root	68904	-21.9057	1.3098
run_0099.root	68980	-78.4813	13.2915
run_0099.root	69017	-38.9392	2.88939
run_0099.root	69169	-28.6808	22.7544
run_0099.root	69357	-72.6532	2.33038
run_0099.root	69425	-30.3258	4.83559
run_0099.root	69426	-30.3258	4.83559
run_0099.root	69718	-22.7885	1.15121
run_0099.root	69931	-34.1786	4.88563
run_0099.root	70215	-46.4886	3.71776
run_0099.root	70216	-46.4886	3.71776
run_0099.root	70434	-37.3468	21.3872
run_0099.root	70641	-50.0635	6.34646
run_0099.root	70785	-60.474	8.92067
run_0099.root	71642	-58.2737	5.69914
run_0099.root	71731	-59.6871	8.92793
run_0099.root	71897	-48.0834	6.85582
run_0099.root	71916	-31.5593	2.89691
run_0099.root	72073	-21.6135	0.923331
run_0099.root	72891	-48.9941	6.5805
run_0099.root	72940	-26.014	2.40663
run_0099.root	73133	-45.7438	4.52308
run_0099.root	73134	-45.7438	4.52308
run_0099.root	73223	-20.263	0.781678
run_0099.root	73299	-25.8561	0.844517
run_0099.root	73393	-51.1973	7.29636
run_0099.root	73475	-58.4497	2.99358
run_0099.root	73515	-38.2863	10.9664
run_0099.root	73633	-22.7232	105.195
run_0099.root	73817	-42.7493	3.2258
run_0099.root	74121	-27.0094	1.53114
run_0099.root	74122	-27.0094	1.53114
run_0099.root	74123	-27.0094	1.53114
run_0099.root	74139	-21.6688	10.0852
run_0099.root	74485	-31.2409	1.54543
run_0099.root	74573	-42.7909	4.75487
run_0099.root	74574	-42.7909	4.75487
run_0099.root	75111	-22.7507	34.2744
run_0099.root	75278	-20.0371	1.53508
run_0099.root	75833	-36.8873	0.110993
run_0099.root	75834	-36.8873	0.110993
run_0099.root	75868	-23.6658	6.09392
run_0099.root	75869	-23.6658	6.09392
run_0099.root	75870	-23.6658	6.09392
run_0099.root	75871	-23.6658	6.09392
run_0099.root	75872	-23.6658	6.09392
run_0099.root	75896	-23.7159	0.484179
run_0099.root	76195	-32.0157	1.87949
run_0099.root	76245	-47.2003	1.1879
run_0099.root	76386	-51.0089	3.50274
run_0099.root	76903	-38.9183	2.81852
run_0099.root	77106	-28.1651	1.70207
run_0099.root	77323	-27.7935	6.53907
run_0099.root	77407	-20.9161	0.479273
run_0099.root	77490	-31.0944	1.62785
run_0099.root	77584	-22.1236	0.786694
run_0099.root	77705	-31.8343	1.3669
run_0099.root	77877	-22.09	4.347
run_0099.root	77897	-22.6848	42.2613
run_0099.root	78007	-22.9539	22.9131
run_0099.root	78394	-52.5921	2.09428
run_0099.root	79044	-27.7588	4.98519
run_0099.root	79133	-35.941	1.74598
run_0099.root	79203	-77.6581	6.93611
run_0099.root	79868	-28.7425	76.3137
run_0099.root	79869	-28.7425	76.3137
run_0099.root	80930	-36.7377	5.35681
run_0099.root	80937	-31.5694	4.50809
run_0099.root	81113	-30.5051	4.21746
run_0099.root	81114	-30.5051	4.21746
run_0099.root	81469	-22.779	11.6657
run_0099.root	81470	-22.779	11.6657
run_0099.root	81564	-22.3303	55.0565
run_0099.root	81777	-21.5491	0.60461
run_0099.root	82382	-21.2702	5.27765
run_0099.root	82420	-50.558	28.3828
run_0099.root	82738	-42.2532	2.38495
run_0099.root	82914	-33.1074	3.11025
run_0099.root	83251	-30.955	1.88518
run_0099.root	83340	-36.3471	1.70173
run_0099.root	83350	-24.5769	1.33678
run_0099.root	83494	-47.8211	3.86531
run_0099.root	83517	-22.2479	811.186
run_0099.root	83542	-57.7516	5.42227
run_0099.root	83767	-49.3907	3.8495
run_0099.root	84627	-61.7526	8.02668
run_0099.root	85138	-29.017	13.3015
run_0099.root	85139	-29.017	13.3015
run_0099.root	85399	-30.7426	0.645015
run_0099.root	85400	-30.7426	0.645015
run_0099.root	85511	-23.9601	0.634592
run_0099.root	85852	-34.0956	3.21576
run_0099.root	85938	-30.1995	3.40932
run_0099.root	85951	-21.7336	1.45431
run_0099.root	86086	-29.1069	0.907879
run_0099.root	86141	-50.2457	4.42888
run_0099.root	86628	-28.9886	5.86897
run_0099.root	86685	-29.5179	0.915034
run_0099.root	86897	-23.3952	37.5167
run_0099.root	87642	-24.3501	0.46609
run_0099.root	87978	-32.3629	5.70732
run_0099.root	88196	-34.3822	2.04307
run_0099.root	88222	-33.0319	1.60586
run_0099.root	88296	-24.7649	8.26694
run_0100.root	531	-21.4159	0.376813
run_0100.root	545	-49.8261	6.09897
run_0100.root	570	-42.7681	59.5032
run_0100.root	609	-31.1846	25.9848
run_0100.root	834	-20.2983	1.67324
run_0100.root	1002	-20.2097	0.670281
run_0100.root	1292	-21.3821	3.23397
run_0100.root	1501	-23.6136	1.06637
run_0100.root	1669	-21.404	8.67685
run_0100.root	2030	-29.3284	1.53592
run_0100.root	2101	-43.505	2.56364
run_0100.root	2127	-20.6541	1.53174
run_0100.root	2390	-37.872	11.7872
run_0100.root	2443	-64.4133	7.33747
run_0100.root	2619	-27.2291	0.617561
run_0100.root	2788	-35.6269	4.76726
run_0100.root	2795	-21.6968	0.54199
run_0100.root	2945	-22.2296	0.464282
run_0100.root	3045	-35.8657	1.70685
run_0100.root	3714	-27.3935	6.28367
run_0100.root	3825	-32.6213	4.26112
run_0100.root	3840	-57.5757	7.24887
run_0100.root	3918	-36.3764	10.4874
run_0100.root	4224	-43.6463	4.10621
run_0100.root	4413	-43.8714	1.89603
run_0100.root	4414	-43.8714	1.89603
run_0100.root	4651	-50.2887	3.70352
run_0100.root	4869	-35.0695	6.69047
run_0100.root	4870	-35.0695	6.69047
run_0100.root	4871	-35.0695	6.69047
run_0100.root	5272	-27.7312	1.17154
run_0100.root	5416	-59.2161	9.71842
run_0100.root	5804	-38.5368	1.22363
run_0100.root	5856	-31.1313	822.224
run_0100.root	6009	-22.8373	4.81577
run_0100.root	6056	-40.1756	2.26465
run_0100.root	6057	-40.1756	2.26465
run_0100.root	6076	-30.8758	1.22797
run_0100.root	6125	-21.3298	3.60199
run_0100.root	6197	-24.4066	1.52916
run_0100.root	6198	-24.4066	1.52916
run_0100.root	6506	-24.9332	1.43103
run_0100.root	7964	-29.7599	1.80325
run_0100.root	8587	-26.5356	0.787645
run_0100.root	8730	-22.572	8.24004
run_0100.root	8862	-30.3292	20.2542
run_0100.root	9490	-37.1356	2.45908
run_0100.root	9612	-37.8627	2.09639
run_0100.root	9613	-37.8627	2.09639
run_0100.root	9948	-43.4649	4.41166
run_0100.root	10197	-28.5054	3562.25
run_0100.root	10831	-21.6685	7.97519
run_0100.root	10832	-21.6685	7.97519
run_0100.root	10833	-21.6685	7.97519
run_0100.root	11092	-24.744	2.27094
run_0100.root	11093	-24.744	2.27094
run_0100.root	11094	-24.744	2.27094
run_0100.root	11460	-24.8183	3.1676
run_0100.root	11505	-54.4352	22.2876
run_0100.root	11562	-20.5605	6.8926
run_0100.root	11563	-20.5605	6.8926
run_0100.root	12432	-35.0483	3.02071
run_0100.root	12562	-55.3809	4.45871
run_0100.root	12639	-32.5101	0.547004
run_0100.root	13362	-20.815	0.319079
run_0100.root	13454	-21.9931	1.30708
run_0100.root	13527	-24.0031	3.4068
run_0100.root	13724	-47.0034	2.55815
run_0100.root	13740	-25.5936	1.58676
run_0100.root	13741	-25.5936	1.58676
run_0100.root	13742	-25.5936	1.58676
run_0100.root	13743	-25.5936	1.58676
run_0100.root	13744	-25.5936	1.58676
run_0100.root	13888	-76.857	20.7251
run_0100.root	13889	-76.857	20.7251
run_0100.root	13890	-76.857	20.7251
run_0100.root	14319	-20.6629	6.80676
run_0100.root	14320	-20.6629	6.80676
run_0100.root	14955	-20.3962	3.09196
run_0100.root	15443	-91.2638	12.8135
run_0100.root	15444	-91.2638	12.8135
run_0100.root	15561	-27.5108	1.78974
run_0100.root	15562	-27.5108	1.78974
run_0100.root	16307	-21.1495	0.560951
run_0100.root	16308	-21.1495	0.560951
run_0100.root	16309	-21.1495	0.560951
run_0100.root	16310	-21.1495	0.560951
run_0100.root	16365	-47.1214	1.96724
run_0100.root	16366	-47.1214	1.96724
run_0100.root	16367	-47.1214	1.96724
run_0100.root	18214	-24.3611	238.848
run_0100.root	19401	-31.4629	3.25635
run_0100.root	19402	-31.4629	3.25635
run_0100.root	19664	-44.9462	4.31094
run_0100.root	20382	-33.3707	2.78391
run_0100.root	20831	-31.0121	0.934095
run_0100.root	21136	-28.6166	2.17662
run_0100.root	21440	-26.4986	0.591695
run_0100.root	21480	-30.1539	1.03895
run_0100.root	21853	-33.9719	1.53142
run_0100.root	21982	-40.9486	7.03056
run_0100.root	21983	-40.9486	7.03056
run_0100.root	22005	-65.4298	13.5615
run_0100.root	22006	-65.4298	13.5615
run_0100.root	22348	-22.6759	1.02488
run_0100.root	22349	-22.6759	1.02488
run_0100.root	22434	-41.4992	5.28628
run_0100.root	22435	-41.4992	5.28628
run_0100.root	22639	-49.6299	2.78797
run_0100.root	22640	-49.6299	2.78797
run_0100.root	23239	-32.9729	2.5308
run_0100.root	23241	-27.3652	0.937276
run_0100.root	23260	-37.2376	5.26412
run_0100.root	23334	-52.6036	5.65215
run_0100.root	23335	-52.6036	5.65215
run_0100.root	23336	-52.6036	5.65215
run_0100.root	23573	-24.3856	15.9069
run_0100.root	23574	-24.3856	15.9069
run_0100.root	23575	-24.3856	15.9069
run_0100.root	23628	-20.0954	0.20633
run_0100.root	24040	-52.7849	6.13836
run_0100.root	24218	-22.8273	1.37983
run_0100.root	24682	-50.3212	41.0742
run_0100.root	26870	-47.4881	5.47663
run_0100.root	27540	-35.5644	2.72438
run_0100.root	27599	-28.5591	3.93575
run_0100.root	27906	-61.3999	8.65264
run_0100.root	27972	-42.1922	4.95019
run_0100.root	28263	-30.173	1.76061
run_0100.root	28264	-30.173	1.76061
run_0100.root	28466	-38.8915	2.51671
run_0100.root	28955	-36.5586	0.809699
run_0100.root	28962	-55.3852	7.35323
run_0100.root	29182	-26.0351	10.9817
run_0100.root	29267	-37.4799	0.498604
run_0100.root	29268	-37.4799	0.498604
run_0100.root	29288	-21.9345	3.87164
run_0100.root	29509	-48.1576	3.57716
run_0100.root	29717	-31.779	43.5062
run_0100.root	30095	-65.3145	10.3514
run_0100.root	30239	-53.3153	7.12101
run_0100.root	30460	-22.4905	0.137327
run_0100.root	30461	-22.4905	0.137327
run_0100.root	30462	-22.4905	0.137327
run_0100.root	30463	-22.4905	0.137327
run_0100.root	31047	-46.6339	2.08661
run_0100.root	31048	-46.6339	2.08661
run_0100.root	31049	-46.6339	2.08661
run_0100.root	32334	-41.3358	7.27555
run_0100.root	32723	-36.7158	2.98784
run_0100.root	33213	-124.593	3.25572
run_0100.root	33214	-124.593	3.25572
run_0100.root	33543	-30.8556	5.9042
run_0100.root	33911	-45.5141	6.79517
run_0100.root	34373	-30.8912	12.5417
run_0100.root	34374	-30.8912	12.5417
run_0100.root	34522	-43.8884	2.37813
run_0100.root	34929	-43.6865	9.96867
run_0100.root	35130	-55.3251	10.871
run_0100.root	35733	-34.9394	3.98985
run_0100.root	36211	-21.7194	1.11205
run_0100.root	36212	-21.7194	1.11205
run_0100.root	36880	-20.5577	3.09374
run_0100.root	36885	-31.4796	3.53044
run_0100.root	37172	-48.16	3.2008
run_0100.root	37191	-21.4726	37.719
run_0100.root	37192	-21.4726	37.719
run_0100.root	37542	-48.3745	4.70219
run_0100.root	37573	-31.1318	1749.75
run_0100.root	37574	-31.1318	1749.75
run_0100.root	37654	-31.4654	12.5946
run_0100.root	37655	-31.4654	12.5946
run_0100.root	38038	-38.9404	2.97631
run_0100.root	38089	-37.6394	1.59716
run_0100.root	38472	-68.8204	7.08258
run_0100.root	38760	-34.2359	1.29651
run_0100.root	39652	-45.8693	2.58924
run_0100.root	39653	-45.8693	2.58924
run_0100.root	39654	-45.8693	2.58924
run_0100.root	40165	-27.9017	3.85238
run_0100.root	40979	-61.4135	5.82241
run_0100.root	41052	-35.8327	3.11766
run_0100.root	41053	-35.8327	3.11766
run_0100.root	41054	-35.8327	3.11766
run_0100.root	41055	-35.8327	3.11766
run_0100.root	41056	-35.8327	3.11766
run_0100.root	41255	-38.4815	5.77348
run_0100.root	41503	-68.4385	10.4253
run_0100.root	42523	-28.8051	1166.9
run_0100.root	42599	-42.2234	6.06959
run_0100.root	42873	-45.9052	10.873
run_0100.root	42915	-45.4603	4.18918
run_0100.root	42916	-45.4603	4.18918
run_0100.root	42917	-45.4603	4.18918
run_0100.root	42958	-20.7855	0.658522
run_0100.root	43085	-25.0673	2.32201
run_0100.root	43090	-23.6538	0.141818
run_0100.root	43151	-25.8844	7.50547
run_0100.root	43301	-41.8487	7.60956
run_0100.root	43302	-41.8487	7.60956
run_0100.root	44475	-34.8037	151761
run_0100.root	44823	-37.229	2.61687
run_0100.root	44901	-91.6648	37.5657
run_0100.root	45232	-47.2565	4.21426
run_0100.root	45297	-21.2731	11.8267
run_0100.root	45651	-28.1092	4.84602
run_0100.root	46449	-24.7422	1.6074
run_0100.root	46450	-24.7422	1.6074
run_0100.root	46591	-20.3742	5141.32
run_0100.root	46616	-38.1477	5.11291
run_0100.root	46923	-37.5291	4.95908
run_0100.root	47050	-27.6047	6.9982
run_0100.root	47436	-26.1995	2.50368
run_0100.root	47437	-26.1995	2.50368
run_0100.root	48048	-22.9546	23.5767
run_0100.root	48068	-51.4961	8.05142
run_0100.root	48723	-25.3059	2.17373
run_0100.root	48734	-39.9925	2.49071
run_0100.root	48806	-28.2241	55.1131
run_0100.root	49124	-29.0141	1.81602
run_0100.root	49142	-33.1847	2.84931
run_0100.root	49434	-45.2129	1.93104
run_0100.root	49435	-45.2129	1.93104
run_0100.root	49653	-21.4511	2815.98
run_0100.root	49829	-25.4231	6.55992
run_0100.root	50361	-25.3244	2.25914
run_0100.root	50432	-38.8682	5.50518
run_0100.root	50514	-33.733	2.36401
run_0100.root	50515	-33.733	2.36401
run_0100.root	50565	-57.7915	7.31378
run_0100.root	50566	-57.7915	7.31378
run_0100.root	50567	-57.7915	7.31378
run_0100.root	51472	-26.821	789.984
run_0100.root	51536	-33.0148	11.268
run_0100.root	51537	-33.0148	11.268
run_0100.root	51611	-54.592	4.89619
run_0100.root	51936	-82.9431	9.26642
run_0100.root	52039	-20.6266	3.31671
run_0100.root	52729	-27.3201	0.641677
run_0100.root	52867	-36.5596	5.3219
run_0100.root	52868	-36.5596	5.3219
run_0100.root	52869	-36.5596	5.3219
run_0100.root	52873	-34.2982	8.41528
run_0100.root	53203	-37.6158	2.78178
run_0100.root	53204	-37.6158	2.78178
run_0100.root	53205	-37.6158	2.78178
run_0100.root	53206	-37.6158	2.78178
run_0100.root	53207	-37.6158	2.78178
run_0100.root	53591	-31.9372	3.70451
run_0100.root	53675	-22.8874	2.8322
run_0100.root	53717	-35.6703	4.82192
run_0100.root	54246	-25.8335	22.7477
run_0100.root	54251	-65.6335	6.87615
run_0100.root	54724	-27.7395	3.67721
run_0100.root	54791	-49.1656	27.9674
run_0100.root	55567	-32.3678	1.66461
run_0100.root	55654	-20.8533	1.83255
run_0100.root	55655	-20.8533	1.83255
run_0100.root	55728	-31.3434	5.30683
run_0100.root	56070	-20.8114	0.6333
run_0100.root	56129	-27.4832	1.85659
run_0100.root	56321	-46.5836	5.60734
run_0100.root	56325	-22.8024	2.60871
run_0100.root	56422	-29.2078	1.13748
run_0100.root	56840	-22.9903	0.907105
run_0100.root	57080	-34.5319	2.65724
run_0100.root	57102	-35.5931	3.71131
run_0100.root	57253	-39.211	13.3546
run_0100.root	57290	-37.5946	3.46367
run_0100.root	57355	-22.6719	2714.72
run_0100.root	57378	-91.0268	0.221461
run_0100.root	57724	-38.7673	4.01792
run_0100.root	57815	-31.1573	0.969945
run_0100.root	57945	-29.9115	0.47224
run_0100.root	58278	-39.1148	1.41735
run_0100.root	58554	-50.0155	3.64294
run_0100.root	58720	-24.6835	6.1636
run_0100.root	59442	-37.3137	6.86054
run_0100.root	59601	-40.6128	2.8342
run_0100.root	59665	-23.8557	2.55614
run_0100.root	60033	-23.103	0.79028
run_0100.root	60211	-27.7198	2.49806
run_0100.root	60252	-46.6705	3.18827
run_0100.root	60253	-46.6705	3.18827
run_0100.root	60466	-46.0529	2.10576
run_0100.root	60510	-44.9816	5.13364
run_0100.root	60538	-26.6917	0.570105
run_0100.root	60613	-32.3277	6.79645
run_0100.root	60767	-48.4572	4.23887
run_0100.root	61639	-31.679	2.09865
run_0100.root	61640	-31.679	2.09865
run_0100.root	61926	-62.2179	6.05502
run_0100.root	62463	-37.8858	2.58165
run_0100.root	62786	-30.1329	3.05372
run_0100.root	62972	-29.0158	3.23838
run_0100.root	63101	-42.3122	5.99152
run_0100.root	63151	-22.5365	2.48631
run_0100.root	63215	-42.4878	1.37775
run_0100.root	63732	-24.6413	2.18532
run_0100.root	64096	-29.6198	6.59262
run_0100.root	64186	-42.7805	1.66242
run_0100.root	64834	-25.5432	3.59186
run_0100.root	65001	-44.763	3.22576
run_0100.root	65188	-32.9279	1.32099
run_0100.root	65573	-21.557	9.37614
run_0100.root	65574	-21.557	9.37614
run_0100.root	65575	-21.557	9.37614
run_0100.root	66044	-42.1724	10.3373
run_0100.root	66071	-32.0303	1.01279
run_0100.root	66116	-26.9795	1.23237
run_0100.root	66555	-28.5969	1.23316
run_0100.root	67439	-28.6949	0.459752
run_0100.root	67440	-28.6949	0.459752
run_0100.root	67441	-28.6949	0.459752
run_0100.root	67442	-28.6949	0.459752
run_0100.root	67534	-25.8872	1.37083
run_0100.root	67535	-25.8872	1.37083
run_0100.root	67752	-23.7516	34.8624
run_0100.root	67753	-23.7516	34.8624
run_0100.root	67754	-23.7516	34.8624
run_0100.root	68633	-31.4391	4.49795
run_0100.root	68634	-31.4391	4.49795
run_0100.root	68978	-37.6631	8.46472
run_0100.root	68980	-39.1251	3.6044
run_0100.root	69930	-32.902	11.6474
run_0100.root	69983	-67.032	6.8125
run_0100.root	70169	-24.6745	4.96796
run_0100.root	70229	-57.2968	3.48379
run_0100.root	70706	-22.2937	7.63222
run_0100.root	70707	-22.2937	7.63222
run_0100.root	70708	-22.2937	7.63222
run_0100.root	70902	-22.7591	3.98574
run_0100.root	71494	-40.5608	3.14454
run_0100.root	72884	-32.3418	2.42927
run_0100.root	73201	-34.3993	3.98415
run_0100.root	73926	-25.2005	50.7681
run_0100.root	74639	-31.7062	2.79917
run_0100.root	75007	-43.917	7.19222
run_0100.root	75112	-31.2761	1.24496
run_0100.root	75341	-42.6263	5.19158
run_0100.root	75342	-42.6263	5.19158
run_0100.root	75696	-20.8478	11.4827
run_0100.root	76085	-43.597	3.8623
run_0100.root	76416	-47.8689	2.9123
run_0100.root	76417	-47.8689	2.9123
run_0100.root	76597	-21.0588	107.759
run_0100.root	76820	-26.4288	1.44228
run_0100.root	77036	-34.4552	2.87079
run_0100.root	78459	-22.5665	197.564
run_0100.root	79058	-33.331	4.34411
run_0100.root	79505	-23.1052	25.2982
run_0100.root	79542	-38.1981	2.80167
run_0100.root	81306	-20.3624	0.290936
run_0100.root	81763	-33.7892	5.01009
run_0100.root	81791	-24.9115	3.3499
run_0100.root	81798	-24.8174	7.25751
run_0100.root	81925	-20.6685	7.78006
run_0100.root	82095	-55.1826	3.86583
run_0100.root	82372	-25.1447	0.977468
run_0100.root	82450	-33.0627	6.96586
run_0100.root	82859	-37.3509	3.32891
run_0100.root	82905	-32.0468	4.52987
run_0100.root	82906	-32.0468	4.52987
run_0100.root	83027	-25.638	7.90878
run_0100.root	83158	-53.073	8.70833
run_0100.root	83209	-64.9253	7.86185
run_0100.root	83652	-25.5399	6.46754
run_0100.root	83659	-24.5341	1.60382
run_0100.root	83857	-33.3486	2.87189
run_0100.root	84083	-32.9868	1.41193
run_0100.root	84143	-50.6981	11.1658
run_0100.root	84192	-45.1031	6.31119
run_0100.root	84323	-28.5056	0.718095
run_0100.root	84346	-32.8835	2.12989
run_0100.root	84347	-32.8835	2.12989
run_0100.root	84357	-22.8973	328.326
run_0100.root	84469	-42.8931	1.82012
run_0100.root	84518	-37.225	1.57365
run_0100.root	84649	-20.2936	23.4929
run_0100.root	84650	-20.2936	23.4929
run_0100.root	84823	-60.8993	7.55067
run_0100.root	84886	-63.763	9.18535
run_0100.root	85295	-37.0684	1.31608
run_0100.root	85380	-48.1695	5.6881
run_0100.root	85498	-36.2779	1.34381
run_0100.root	85529	-24.1058	1.68235
run_0100.root	85530	-24.1058	1.68235
run_0100.root	85531	-24.1058	1.68235
run_0100.root	86304	-57.6875	6.8433
run_0100.root	86360	-44.0355	5.283
run_0100.root	86546	-43.0797	1.7424
run_0101.root	175	-68.905	6.92939
run_0101.root	471	-48.1159	9.99322
run_0101.root	533	-33.0543	2.574
run_0101.root	577	-25.979	3.4671
run_0101.root	689	-28.1093	8.19728
run_0101.root	1000	-24.3741	2.98835
run_0101.root	1056	-39.6049	7.09146
run_0101.root	1119	-39.0522	8.71144
run_0101.root	1323	-21.5767	1.72275
run_0101.root	2943	-41.6484	5.19322
run_0101.root	2956	-41.1369	7.69517
run_0101.root	3257	-28.3039	0.920688
run_0101.root	3596	-55.9668	4.55595
run_0101.root	3597	-55.9668	4.55595
run_0101.root	4327	-36.8902	1.7208
run_0101.root	4533	-24.5874	8.00746
run_0101.root	4988	-31.7999	6.99504
run_0101.root	5098	-36.6859	5.54809
run_0101.root	5381	-53.716	4.0682
run_0101.root	5668	-43.1095	5.21122
run_0101.root	5771	-85.625	7.50757
run_0101.root	5826	-27.203	6.65627
run_0101.root	6053	-24.5773	5.37728
run_0101.root	6099	-23.364	0.694848
run_0101.root	6797	-21.3101	4.51318
run_0101.root	6987	-35.9917	2.36243
run_0101.root	7090	-34.2308	8.54655
run_0101.root	7255	-25.073	2.14417
run_0101.root	7258	-35.684	1.83557
run_0101.root	7443	-43.0534	2.48605
run_0101.root	7446	-32.483	3.7793
run_0101.root	8094	-35.819	6.12152
run_0101.root	8134	-54.2913	10.2432
run_0101.root	8387	-44.6214	24.7642
run_0101.root	8854	-51.418	15.3279
run_0101.root	8955	-23.5378	0.644679
run_0101.root	9538	-32.3319	7.24463
run_0101.root	10048	-60.1863	10.7879
run_0101.root	10463	-52.3141	5.58107
run_0101.root	10637	-23.0238	6.66349
run_0101.root	10745	-27.4378	0.788616
run_0101.root	11042	-42.7515	1.3951
run_0101.root	11491	-45.692	3.59506
run_0101.root	11555	-56.7318	6.15057
run_0101.root	11779	-31.5898	1.60053
run_0101.root	12036	-45.9979	5.76665
run_0101.root	12101	-37.1366	49.5964
run_0101.root	12193	-30.5004	3.27246
run_0101.root	12362	-35.5423	20.9126
run_0101.root	12452	-36.786	1.40658
run_0101.root	12793	-21.7918	1.30186
run_0101.root	13229	-20.0956	0.136872
run_0101.root	13979	-47.6691	3.8187
run_0101.root	13985	-27.0275	1.9736
run_0101.root	14076	-21.9589	2.18373
run_0101.root	14215	-28.0204	1.88309
run_0101.root	14293	-45.8573	3.38871
run_0101.root	14375	-33.5785	2.65225
run_0101.root	14419	-49.4199	7.6775
run_0101.root	14533	-20.585	2.11019
run_0101.root	14763	-20.7718	0.857218
run_0101.root	14770	-23.5721	32.4709
run_0101.root	14888	-24.5778	0.397567
run_0101.root	14905	-27.6834	1.74052
run_0101.root	15174	-26.9568	4.13772
run_0101.root	15317	-61.2453	5.61896
run_0101.root	15332	-21.4029	5.73363
run_0101.root	15511	-24.7945	0.684768
run_0101.root	15683	-27.909	0.395005
run_0101.root	15708	-23.2191	1.44842
run_0101.root	15818	-47.6502	4.29151
run_0101.root	15899	-91.3859	13.6589
run_0101.root	16232	-24.4184	1.70382
run_0101.root	16357	-29.5695	2.01518
run_0101.root	16654	-33.2463	37.7697
run_0101.root	16832	-21.5551	0.669698
run_0101.root	16872	-29.2402	4.37899
run_0101.root	16945	-23.7647	0.482767
run_0101.root	17027	-44.2029	2.61832
run_0101.root	17135	-64.7335	8.59186
run_0101.root	17304	-59.7215	7.75906
run_0101.root	17495	-22.4274	22.4076
run_0101.root	17636	-28.7657	1.20357
run_0101.root	17991	-37.4231	5.554
run_0101.root	18371	-26.6376	1.02255
run_0101.root	18469	-41.4598	2.90345
run_0101.root	18757	-43.3303	3.95888
run_0101.root	19408	-64.5813	4.19383
run_0101.root	19528	-23.0564	1.11546
run_0101.root	19725	-20.1265	1.56191
run_0101.root	20111	-31.7626	8.1289
run_0101.root	20139	-33.6429	56.6775
run_0101.root	20455	-40.7935	3.574
run_0101.root	20456	-40.7935	3.574
run_0101.root	20777	-24.6411	0.947476
run_0101.root	20916	-21.1629	1.1283
run_0101.root	21175	-48.3204	9.81594
run_0101.root	21176	-48.3204	9.81594
run_0101.root	21358	-32.2034	8.79127
run_0101.root	21444	-43.297	6.40231
run_0101.root	21788	-23.5312	1.19914
run_0101.root	21890	-31.6318	2.537
run_0101.root	22219	-35.8507	1.54829
run_0101.root	22220	-35.8507	1.54829
run_0101.root	22243	-20.8729	3.12236
run_0101.root	22316	-24.9301	2.61581
run_0101.root	22339	-21.3448	2.7758
run_0101.root	22476	-44.0022	10.0028
run_0101.root	22866	-27.4318	4.091
run_0101.root	23962	-38.9521	3.42351
run_0101.root	23963	-38.9521	3.42351
run_0101.root	23964	-38.9521	3.42351
run_0101.root	23965	-38.9521	3.42351
run_0101.root	23966	-38.9521	3.42351
run_0101.root	23967	-38.9521	3.42351
run_0101.root	23968	-38.9521	3.42351
run_0101.root	23969	-38.9521	3.42351
run_0101.root	23970	-38.9521	3.42351
run_0101.root	23971	-38.9521	3.42351
run_0101.root	23972	-38.9521	3.42351
run_0101.root	23973	-38.9521	3.42351
run_0101.root	24309	-31.4087	3.80327
run_0101.root	24310	-31.4087	3.80327
run_0101.root	24431	-20.1393	15.7599
run_0101.root	24736	-26.0614	43.0309
run_0101.root	24737	-26.0614	43.0309
run_0101.root	24873	-21.0476	2.21254
run_0101.root	24889	-22.9363	0.722045
run_0101.root	24918	-44.5383	15.2012
run_0101.root	24966	-24.8773	14.5104
run_0101.root	25083	-20.531	1.24918
run_0101.root	26377	-43.2251	5.82196
run_0101.root	26611	-24.0271	10.2263
run_0101.root	26813	-20.2276	13.2283
run_0101.root	26908	-41.0148	1.97839
run_0101.root	27336	-39.9897	5.21828
run_0101.root	27459	-50.372	6.10366
run_0101.root	27475	-39.4959	3.3773
run_0101.root	27509	-68.8906	11.9546
run_0101.root	27771	-21.9083	1.05758
run_0101.root	27839	-26.6462	1.94157
run_0101.root	27846	-33.3364	1.72592
run_0101.root	27847	-33.3364	1.72592
run_0101.root	28101	-51.7886	8.95936
run_0101.root	28252	-36.4283	1.86764
run_0101.root	28299	-25.1645	2.56164
run_0101.root	28321	-67.4226	4.29771
run_0101.root	28430	-31.8186	5.93514
run_0101.root	28502	-27.6697	5.86727
run_0101.root	28520	-36.9794	1.61899
run_0101.root	28536	-26.7375	1.16316
run_0101.root	28744	-36.9281	2.57533
run_0101.root	28746	-40.003	9.79865
run_0101.root	28910	-37.3387	2.99027
run_0101.root	28981	-42.0639	2.33988
run_0101.root	29269	-38.4855	1.47464
run_0101.root	29337	-33.7527	2.06536
run_0101.root	29338	-31.0521	1.84812
run_0101.root	29579	-51.688	10.0454
run_0101.root	29666	-21.2994	0.351803
run_0101.root	30045	-20.54	4.55578
run_0101.root	30161	-20.4186	21.2031
run_0101.root	30327	-32.9883	3.33304
run_0101.root	30328	-32.9883	3.33304
run_0101.root	30604	-22.9388	1.7599
run_0101.root	31377	-24.7762	5664.06
run_0101.root	31651	-34.1138	3.1928
run_0101.root	31697	-88.2173	31.0071
run_0101.root	32513	-20.7758	4.48448
run_0101.root	32673	-25.2774	3.53654
run_0101.root	32870	-48.8348	9.2974
run_0101.root	32887	-41.9038	7.17774
run_0101.root	32929	-42.288	5.21753
run_0101.root	33011	-24.8022	2.55789
run_0101.root	33384	-42.0455	6.80616
run_0101.root	33406	-31.859	7.97811
run_0101.root	33855	-31.4575	2.38432
run_0101.root	33946	-50.0023	4.57168
run_0101.root	34010	-37.5592	5.10979
run_0101.root	34349	-23.9035	2.96245
run_0101.root	34850	-51.7513	13.5608
run_0101.root	35110	-40.3976	6.70054
run_0101.root	35330	-41.1233	3.05341
run_0101.root	35913	-46.9122	5.37479
run_0101.root	35914	-46.9122	5.37479
run_0101.root	36016	-42.2233	5.87301
run_0101.root	36527	-27.6936	13.1321
run_0101.root	36757	-30.2942	47.7049
run_0101.root	37117	-27.2989	7.78308
run_0101.root	37132	-27.936	1.34404
run_0101.root	37149	-27.1102	4.88272
run_0101.root	37355	-27.8698	7.83857
run_0101.root	37530	-20.4801	0.660795
run_0101.root	37891	-44.4853	3.5438
run_0101.root	37960	-22.7373	7.48933
run_0101.root	38305	-21.9622	0.992793
run_0101.root	38609	-25.8003	15.1473
run_0101.root	38614	-56.3404	11.061
run_0101.root	38987	-20.5876	1.02314
run_0101.root	39340	-26.0787	1.46767
run_0101.root	39482	-21.294	2.01347
run_0101.root	39771	-39.0678	3.3173
run_0101.root	39813	-39.0571	1.82946
run_0101.root	39816	-24.4975	8.88987
run_0101.root	39817	-24.4975	8.88987
run_0101.root	40136	-86.2315	11.4418
run_0101.root	40145	-25.9174	2.13845
run_0101.root	40501	-20.2786	60.5577
run_0101.root	41308	-25.3794	3.1209
run_0101.root	41735	-34.6109	3.24135
run_0101.root	41736	-34.6109	3.24135
run_0101.root	42170	-25.2594	2.24545
run_0101.root	42263	-27.5243	1.86528
run_0101.root	43200	-54.4018	7.71041
run_0101.root	43339	-21.171	53.6838
run_0101.root	43512	-33.675	5.09229
run_0101.root	44288	-44.1628	2.52785
run_0101.root	44513	-31.2982	4.7894
run_0101.root	44756	-79.0601	3.5653
run_0101.root	44847	-24.7943	1.02881
run_0101.root	44938	-20.5078	463.232
run_0101.root	45011	-20.8283	0.610762
run_0101.root	45016	-38.1931	6.34181
run_0101.root	45490	-24.1476	53.726
run_0101.root	45687	-35.9625	2.18564
run_0101.root	45697	-22.8293	1.52539
run_0101.root	45984	-49.6745	6.81481
run_0101.root	45993	-61.3191	5.55692
run_0101.root	46029	-39.9276	3.45313
run_0101.root	46391	-24.5258	3.57711
run_0101.root	46571	-34.4561	4.59169
run_0101.root	47015	-70.1408	9.69667
run_0101.root	47157	-30.2191	5.98815
run_0101.root	47190	-40.33	8.69535
run_0101.root	47292	-36.4528	3.55339
run_0101.root	47439	-23.9526	9.8863
run_0101.root	47459	-48.8701	3.94471
run_0101.root	47476	-31.2222	2.24141
run_0101.root	47756	-23.1561	152.44
run_0101.root	47775	-44.8208	5.29108
run_0101.root	47912	-21.0934	1.3547
run_0101.root	48025	-28.7416	35.8654
run_0101.root	48476	-44.0148	3.69194
run_0101.root	48493	-28.8568	3.5864
run_0101.root	48494	-28.4843	2.5218
run_0101.root	48947	-21.3394	0.489812
run_0101.root	49129	-30.3227	1.98403
run_0101.root	49567	-57.9487	7.32025
run_0101.root	49604	-20.7537	41.8625
run_0101.root	49606	-53.3772	7.66883
run_0101.root	49658	-26.0732	0.782052
run_0101.root	49695	-54.3212	5.87143
run_0101.root	49951	-24.0392	1.33982
run_0101.root	49968	-25.6064	0.974251
run_0101.root	50067	-45.5897	6.19392
run_0101.root	50146	-20.431	0.308742
run_0101.root	50200	-37.6526	8.09188
run_0101.root	50423	-23.6377	13.5594
run_0101.root	50600	-25.3651	78.7039
run_0101.root	50756	-28.176	2.19708
run_0101.root	51103	-34.0953	1.07242
run_0101.root	51167	-24.7352	193.689
run_0101.root	51214	-27.6403	0.986611
run_0101.root	51321	-36.0024	1.51567
run_0101.root	51451	-20.3093	0.535453
run_0101.root	51980	-20.6706	0.880068
run_0101.root	52307	-48.1238	6.4306
run_0101.root	52333	-24.0904	1.58753
run_0101.root	52377	-22.4655	2.38143
run_0101.root	52610	-34.9242	12.8672
run_0101.root	52725	-52.7826	14.4887
run_0101.root	52816	-20.3048	0.997369
run_0101.root	53250	-20.3438	238.452
run_0101.root	53330	-23.7923	0.760455
run_0101.root	53431	-63.15	9.07942
run_0101.root	53673	-36.4907	5.27457
run_0101.root	53853	-30.3243	1.82481
run_0101.root	53898	-28.2801	0.822443
run_0101.root	54381	-36.4249	8.86835
run_0101.root	54427	-44.5641	2.10048
run_0101.root	54589	-36.9004	22.908
run_0101.root	54706	-26.1458	19.8743
run_0101.root	54974	-47.6041	10.1431
run_0101.root	55039	-49.3692	18.9464
run_0101.root	55214	-31.316	0.893155
run_0101.root	56569	-36.329	3.46311
run_0101.root	56570	-32.4831	1.17978
run_0101.root	56584	-31.6086	1.62636
run_0101.root	56598	-55.2353	5.40234
run_0101.root	56607	-39.7309	1.96748
run_0101.root	56672	-49.7081	7.05213
run_0101.root	57438	-54.8853	7.78976
run_0101.root	57691	-30.2338	0.912982
run_0101.root	57930	-68.4976	9.8068
run_0101.root	58095	-28.1098	1.3216
run_0101.root	58212	-25.1023	0.672868
run_0101.root	59054	-22.4967	2.84514
run_0101.root	59142	-26.7759	1.18835
run_0101.root	59433	-21.9638	1.13229
run_0101.root	59458	-38.6273	14.7834
run_0101.root	59462	-26.8678	0.835428
run_0101.root	59524	-27.3656	1.42807
run_0101.root	59556	-35.82	2.84958
run_0101.root	59616	-92.7904	0.717751
run_0101.root	59701	-24.8067	1.49538
run_0101.root	59795	-33.1716	4.94921
run_0101.root	59922	-23.9664	1.79711
run_0101.root	59933	-37.7017	1.98376
run_0101.root	60280	-35.8202	7.19638
run_0101.root	60351	-31.9824	2.10046
run_0101.root	60376	-24.1071	0.625616
run_0101.root	60593	-20.8937	309.071
run_0101.root	60770	-21.9195	6.14707
run_0101.root	60771	-25.4239	1.38718
run_0101.root	61091	-38.6482	2.52305
run_0101.root	61258	-80.1922	2.62701
run_0101.root	61386	-50.8479	8.11426
run_0101.root	61600	-50.3958	5.81065
run_0101.root	61759	-21.0121	0.993907
run_0101.root	61814	-50.3689	6.69742
run_0101.root	61823	-49.0919	7.23705
run_0101.root	61938	-23.9376	2.03004
run_0101.root	61941	-36.4239	1.36268
run_0102.root	996	-32.7573	0.546703
run_0102.root	1013	-24.7449	0.558093
run_0102.root	1201	-22.9849	1.43162
run_0102.root	1376	-21.4833	3.15734
run_0102.root	1784	-46.4644	2.41727
run_0102.root	1814	-43.2241	8.51663
run_0102.root	2153	-23.7551	1.68186
run_0102.root	2284	-26.6407	23.8811
run_0102.root	2307	-35.0979	2.96869
run_0102.root	2550	-49.1274	6.27986
run_0102.root	3131	-22.0103	1.11233
run_0102.root	3226	-26.1886	5.39746
run_0102.root	3274	-33.7179	1.69836
run_0102.root	3457	-31.0047	11.8563
run_0102.root	3518	-34.4755	1.61748
run_0102.root	3834	-25.7693	1.19171
run_0102.root	3882	-58.0121	3.71116
run_0102.root	4152	-31.3333	11.71
run_0102.root	4154	-31.1426	1.08441
run_0102.root	4288	-54.3499	5.70651
run_0102.root	4368	-39.2987	2.21641
run_0102.root	4601	-24.648	6.44691
run_0102.root	4753	-23.6409	2.25909
run_0102.root	4964	-53.8354	5.56815
run_0102.root	5016	-31.3461	5.37929
run_0102.root	5438	-24.8243	31.1651
run_0102.root	6225	-29.3716	3.96504
run_0102.root	6323	-52.0072	19.2106
run_0102.root	6410	-49.6915	6.94425
run_0102.root	6962	-39.9613	4.45854
run_0102.root	7094	-31.7459	0.480765
run_0102.root	7442	-41.2814	8.4266
run_0102.root	7583	-35.2213	1.40795
run_0102.root	7700	-37.653	28.9419
run_0102.root	7735	-36.3482	18.6955
run_0102.root	7896	-25.9868	5.4264
run_0102.root	7934	-21.5111	0.36191
run_0102.root	8084	-24.1603	0.604791
run_0102.root	8262	-26.6356	95.4321
run_0102.root	8414	-52.4705	27.6034
run_0102.root	8468	-41.5533	4.57465
run_0102.root	8539	-48.0096	4.64941
run_0102.root	8599	-41.2843	4.04847
run_0102.root	8631	-25.9613	1.4413
run_0102.root	8645	-44.0579	6.17154
run_0102.root	8687	-40.6858	5.15865
run_0102.root	9145	-45.6424	3.15389
run_0102.root	9538	-24.4589	0.44316
run_0102.root	10065	-48.1592	20.4454
run_0102.root	10152	-20.4371	1.1279
run_0102.root	10273	-57.363	4.88658
run_0102.root	10607	-31.0562	3.49057
run_0102.root	10662	-40.5562	52.1732
run_0102.root	11253	-24.3095	8.5354
run_0102.root	11458	-23.413	0.906046
run_0102.root	11725	-51.3732	4.86887
run_0102.root	11775	-35.4651	117.254
run_0102.root	12062	-38.2902	1.40906
run_0102.root	12782	-50.2604	8.42646
run_0102.root	12855	-22.9295	4.2252
run_0102.root	12880	-20.279	0.449346
run_0102.root	12910	-31.3226	1.24164
run_0102.root	12949	-20.3488	0.967503
run_0102.root	13055	-33.1538	1.45305
run_0102.root	13071	-53.6558	6.15133
run_0102.root	13219	-30.5416	50.8879
run_0102.root	13252	-47.3144	2.32985
run_0102.root	13286	-29.2376	2.94587
run_0102.root	13354	-52.6176	6.89488
run_0102.root	13520	-20.2749	1.69446
run_0102.root	13725	-29.7521	1.96543
run_0102.root	13803	-22.1005	0.211239
run_0102.root	14887	-33.9142	2.01606
run_0102.root	14940	-39.9057	10.5843
run_0102.root	15046	-63.4894	6.71069
run_0102.root	15388	-26.5702	6.13803
run_0102.root	15390	-34.1211	1.45496
run_0102.root	15432	-33.1578	2.32371
run_0102.root	15662	-51.5347	3.21905
run_0102.root	15663	-51.5347	3.21905
run_0102.root	15724	-37.7789	1.50847
run_0102.root	16221	-55.9557	9.24242
run_0102.root	16277	-26.7134	33.5891
run_0102.root	16306	-32.0284	17.4263
run_0102.root	16333	-29.7097	2.18295
run_0102.root	17220	-40.4935	3.34928
run_0102.root	17313	-20.8459	4.01574
run_0102.root	17327	-24.1965	2.37312
run_0102.root	17554	-20.1379	17.3806
run_0102.root	17628	-20.6407	1.19318
run_0102.root	17691	-40.1063	4.09356
run_0102.root	17776	-37.5565	1.48807
run_0102.root	17979	-26.7878	5.10434
run_0102.root	18083	-26.9907	3.36495
run_0102.root	18383	-42.9958	17.5695
run_0102.root	18460	-22.5736	1.38167
run_0102.root	18642	-26.4893	1.13715
run_0102.root	18766	-35.4544	8.94353
run_0102.root	18944	-57.3665	5.77611
run_0102.root	19870	-25.3701	412.508
run_0102.root	20081	-23.9166	1.80612
run_0102.root	20137	-43.3958	5.30931
run_0102.root	20633	-24.3922	8.79288
run_0102.root	20654	-33.4961	3.7715
run_0102.root	21331	-47.9974	3.43027
run_0102.root	21654	-44.3258	6.38078
run_0102.root	21751	-42.1506	3.64357
run_0102.root	22170	-28.9938	40.4195
run_0102.root	22666	-47.2347	23.9502
run_0102.root	23569	-22.1194	1.93661
run_0102.root	23615	-79.1018	13.2838
run_0102.root	24311	-54.7723	5.41733
run_0102.root	24347	-41.6549	3.72167
run_0102.root	24671	-20.3049	1.07235
run_0102.root	24675	-24.6593	4.04542
run_0102.root	25107	-30.3298	3.20282
run_0102.root	25459	-20.0972	0.735809
run_0102.root	25628	-26.902	1.89409
run_0102.root	25698	-47.9072	7.01889
run_0102.root	26174	-81.6016	10.4908
run_0102.root	26997	-33.4801	7.36729
run_0102.root	27059	-34.1627	8.25403
run_0102.root	27125	-23.0731	2.82287
run_0102.root	27367	-21.0722	39.0511
run_0102.root	27451	-35.1651	0.854482
run_0102.root	27582	-50.5031	8.0834
run_0102.root	27673	-44.1259	2.54847
run_0102.root	27698	-40.5945	1.43091
run_0102.root	28034	-28.8702	7.54108
run_0102.root	28608	-45.4576	3.78403
run_0102.root	28699	-23.7618	1.30667
run_0102.root	29237	-25.0783	1.02252
run_0102.root	29969	-37.305	1.22783
run_0102.root	30020	-23.3472	1.0159
run_0102.root	30070	-28.1635	1.83565
run_0102.root	30571	-52.7113	7.4084
run_0102.root	30600	-31.0141	1.5809
run_0102.root	30681	-31.2447	22.3443
run_0102.root	30708	-60.8845	2.72602
run_0102.root	30874	-35.3907	1.38239
run_0102.root	30944	-24.8869	2.29687
run_0102.root	31536	-29.3937	5.84778
run_0102.root	31790	-24.5104	6.89845
run_0102.root	31930	-21.966	1.94611
run_0102.root	32049	-20.8854	120.915
run_0102.root	32061	-24.9565	4.43268
run_0102.root	32241	-57.6766	7.37717
run_0102.root	32462	-22.5832	2.77486
run_0102.root	33031	-33.2298	4.11497
run_0102.root	33174	-33.0626	11.1083
run_0102.root	33310	-21.3405	3.75968
run_0102.root	33537	-34.1987	11.578
run_0102.root	33686	-20.5571	2.70332
run_0102.root	33877	-29.8014	1.78702
run_0102.root	34091	-23.1816	16.2093
run_0102.root	34623	-28.0057	10.8203
run_0102.root	34980	-34.728	2.32706
run_0102.root	35801	-39.2091	3.99686
run_0102.root	36198	-22.8053	3.14286
run_0102.root	36205	-46.9896	10.0107
run_0102.root	36554	-34.5565	1.08322
run_0102.root	37298	-26.4708	0.104394
run_0102.root	37820	-70.6922	2.4888
run_0102.root	38035	-40.6692	3.17523
run_0102.root	38114	-29.5999	13.0702
run_0102.root	38403	-35.8852	2.39492
run_0102.root	38536	-24.2176	2.87473
run_0102.root	38672	-32.5934	2.11381
run_0102.root	38737	-52.4617	6.05568
run_0102.root	38862	-43.2068	3.39118
run_0102.root	39358	-27.3549	40.67
run_0102.root	39379	-25.9513	0.419849
run_0102.root	39406	-27.613	2.71964
run_0102.root	39636	-28.0985	1.88929
run_0102.root	39741	-53.5777	3.11384
run_0102.root	40046	-22.8407	0.425578
run_0102.root	40049	-32.4913	1.23443
run_0102.root	40050	-32.4913	1.23443
run_0102.root	40112	-52.1107	12.2839
run_0102.root	40122	-99.6792	9.06972
run_0102.root	40257	-24.5063	0.905994
run_0102.root	40280	-24.2306	3.37075
run_0102.root	40553	-21.9606	4.72635
run_0102.root	40647	-25.0794	14.2975
run_0102.root	40884	-29.863	1.20162
run_0102.root	40895	-33.0651	8.82799
run_0102.root	41164	-36.9197	5.70854
run_0102.root	41451	-20.5505	1.20582
run_0102.root	41545	-40.5175	3.79213
run_0102.root	41576	-24.2081	1.94189
run_0102.root	42464	-23.2541	0.70026
run_0102.root	42623	-20.3469	0.338466
run_0102.root	42650	-35.8693	3.78892
run_0102.root	42816	-52.0992	13.9026
run_0102.root	42846	-54.5757	8.80412
run_0102.root	42874	-33.9771	2.20186
run_0102.root	42875	-33.9771	2.20186
run_0102.root	43043	-47.2519	6.67372
run_0102.root	43200	-30.0585	1.31608
run_0102.root	43556	-33.4301	10.0443
run_0102.root	43955	-25.0151	64.9612
run_0102.root	44162	-21.637	1.83811
run_0102.root	44341	-27.781	4.67871
run_0102.root	44696	-27.17	1.6508
run_0102.root	45045	-31.458	1.49363
run_0102.root	45074	-21.886	0.903077
run_0102.root	45244	-21.2665	8.02811
run_0102.root	45461	-23.7124	1.22478
run_0102.root	45789	-32.8335	53.091
run_0102.root	45979	-63.2289	7.58345
run_0102.root	46013	-29.8781	6.60493
run_0102.root	46085	-38.9686	3.04266
run_0102.root	46193	-28.9159	0.884695
run_0102.root	46421	-27.4195	2.43168
run_0102.root	46537	-26.7405	132.326
run_0102.root	46794	-22.6818	35.1442
run_0102.root	46943	-64.9981	9.71983
run_0102.root	47015	-29.3765	386.381
run_0102.root	47325	-56.042	4.25622
run_0102.root	47448	-26.2243	16.1281
run_0102.root	47449	-26.2243	16.1281
run_0102.root	47454	-20.816	0.987846
run_0102.root	47509	-41.5699	9.05815
run_0102.root	47574	-22.6671	2.02448
run_0102.root	47615	-65.4675	8.87286
run_0102.root	47848	-49.9051	9.28776
run_0102.root	47849	-49.9051	9.28776
run_0102.root	48198	-52.9159	2.00278
run_0102.root	48453	-30.1621	1.5538
run_0102.root	48595	-26.9893	0.967555
run_0102.root	49154	-46.4503	4.90611
run_0102.root	49280	-22.789	0.976465
run_0102.root	49405	-40.3091	2.55603
run_0102.root	49946	-39.6257	41.3371
run_0102.root	50002	-24.888	2.40175
run_0102.root	50012	-39.181	11.1453
run_0102.root	50058	-59.6092	9.20339
run_0102.root	50706	-22.7843	2.04236
run_0102.root	51481	-46.1993	10.7787
run_0102.root	51533	-25.7857	4.51235
run_0102.root	51572	-37.2762	5.59395
run_0102.root	51767	-21.2663	0.424079
run_0102.root	51820	-22.2299	44.3089
run_0102.root	51962	-45.9507	4.00354
run_0102.root	52004	-55.8299	12.0259
run_0102.root	52264	-28.4115	0.99416
run_0102.root	52289	-54.0799	351.368
run_0102.root	52342	-37.4217	2.76359
run_0102.root	52880	-40.4499	3.19918
run_0102.root	53301	-26.906	2355.65
run_0102.root	53393	-38.7923	4.49989
run_0102.root	53718	-32.787	4.08809
run_0102.root	54174	-25.3015	6.05873
run_0102.root	54175	-25.3015	6.05873
run_0102.root	54735	-22.517	1.86606
run_0102.root	54942	-28.1698	2.94454
run_0102.root	55024	-35.7679	1.60168
run_0102.root	55025	-35.7679	1.60168
run_0102.root	55242	-48.268	4.46276
run_0102.root	55476	-37.8968	1.11032
run_0102.root	56389	-26.6829	2.87484
run_0102.root	56646	-21.9839	1.50356
run_0102.root	56828	-40.1501	6.3687
run_0102.root	56951	-32.2234	4.79877
run_0102.root	57141	-22.5247	4.36742
run_0102.root	57156	-22.6303	1.22644
run_0102.root	57176	-42.0111	35.7066
run_0102.root	57204	-28.8952	2.96337
run_0102.root	57467	-26.6271	3.99795
run_0102.root	57632	-35.387	5.3547
run_0102.root	57809	-22.8816	4.55895
run_0102.root	58369	-36.5802	1.72332
run_0102.root	58533	-24.4057	1.1992
run_0102.root	58613	-34.5247	45.8785
run_0102.root	58934	-55.5682	18.5945
run_0102.root	59391	-24.5487	0.257634
run_0102.root	59494	-24.6705	5.72148
run_0102.root	59626	-26.5332	2520.31
run_0102.root	60005	-41.6292	1.67517
run_0102.root	60042	-40.0281	2.88587
run_0102.root	60127	-20.8715	0.967444
run_0103.root	382	-50.9023	3.69033
run_0103.root	499	-49.6163	7.86053
run_0103.root	541	-25.1514	3.03378
run_0103.root	1035	-48.3879	20.1913
run_0103.root	1255	-29.571	1.06272
run_0103.root	1415	-33.8679	2.77822
run_0103.root	1502	-20.9515	1.41718
run_0103.root	1605	-28.9164	1.59147
run_0103.root	1812	-27.6917	0.837994
run_0103.root	2436	-25.1829	0.262129
run_0103.root	2471	-40.0457	5.31275
run_0103.root	2547	-40.8435	7.01529
run_0103.root	2664	-48.079	2.02544
run_0103.root	3005	-81.3334	3839.15
run_0103.root	3750	-29.4544	18.0931
run_0103.root	3942	-32.7315	1.58536
run_0103.root	3962	-22.0119	0.242347
run_0103.root	4027	-47.8516	6.28118
run_0103.root	4067	-24.1405	2.00955
run_0103.root	4252	-30.6058	1.15822
run_0103.root	4267	-22.5897	2.88196
run_0103.root	4357	-28.1964	1.20969
run_0103.root	5003	-22.1235	2.44926
run_0103.root	5019	-26.0322	0.714547
run_0103.root	5215	-38.6509	3.26464
run_0103.root	5228	-39.6125	3.60061
run_0103.root	5289	-21.6925	0.79834
run_0103.root	5543	-43.7893	6.78137
run_0103.root	5615	-24.5287	2.23012
run_0103.root	5828	-50.0766	3.5247
run_0103.root	6142	-34.3453	2.90825
run_0103.root	6265	-37.0775	10.9458
run_0103.root	6326	-43.294	2.78876
run_0103.root	6377	-22.8232	3.22747
run_0103.root	6511	-22.9411	0.905724
run_0103.root	6630	-60.5585	7.95239
run_0103.root	7266	-56.0256	7.14481
run_0103.root	7497	-40.4285	3.99735
run_0103.root	8070	-39.5638	17.2682
run_0103.root	8599	-35.5143	3.8147
run_0103.root	8758	-23.6335	65.4675
run_0103.root	8934	-40.0302	2.42588
run_0103.root	9154	-31.6542	2.34202
run_0103.root	9242	-22.8145	0.901402
run_0103.root	9335	-20.2631	16.9319
run_0103.root	9450	-40.309	1.87305
run_0103.root	9617	-31.9614	2.93705
run_0103.root	9953	-22.2813	2.07101
run_0103.root	10359	-20.3388	1.60019
run_0103.root	10500	-20.1523	14.1821
run_0103.root	10555	-56.4818	640.692
run_0103.root	10664	-25.1294	0.583726
run_0103.root	10672	-23.8798	2.03717
run_0103.root	10789	-39.5147	2.40609
run_0103.root	10971	-33.0317	13.5337
run_0103.root	11036	-59.0072	8.22494
run_0103.root	11104	-39.4539	3.44129
run_0103.root	11202	-25.6333	2.42129
run_0103.root	11302	-46.1466	7.46873
run_0103.root	11848	-43.6073	3.00763
run_0103.root	11933	-31.6933	10.3947
run_0103.root	12114	-29.442	3.92567
run_0103.root	12738	-20.7882	1.52664
run_0103.root	12783	-38.8389	8.57305
run_0103.root	12797	-24.202	1.66637
run_0103.root	13508	-30.7079	1.92302
run_0103.root	13634	-39.041	2.39261
run_0103.root	13749	-25.1978	1.10198
run_0103.root	13941	-28.1373	1.90296
run_0103.root	14377	-21.0537	0.691911
run_0103.root	14646	-20.8389	6.86121
run_0103.root	14715	-30.4424	3.45645
run_0103.root	14917	-26.3819	4.97686
run_0103.root	15054	-27.9246	4.47968
run_0103.root	15351	-57.7961	5.53724
run_0103.root	15454	-24.5551	1.78298
run_0103.root	15505	-22.1942	0.389276
run_0103.root	15953	-35.4207	1.27705
run_0103.root	16280	-28.0849	3.43293
run_0103.root	16779	-35.3683	3.12949
run_0103.root	17126	-31.4625	11.6107
run_0103.root	17346	-58.7311	3.85442
run_0103.root	17562	-37.513	2.5938
run_0103.root	17563	-37.513	2.5938
run_0103.root	17749	-41.9125	1.66175
run_0103.root	18053	-42.5469	4.05932
run_0103.root	18290	-26.593	473.656
run_0103.root	18420	-24.9172	3.84969
run_0103.root	18785	-24.964	5.1856
run_0103.root	19826	-40.0956	3.73916
run_0103.root	19875	-32.2744	2.51753
run_0103.root	20096	-21.8089	11.9353
run_0103.root	20602	-27.7902	7.64032
run_0103.root	20617	-29.8886	11.1485
run_0103.root	20839	-22.4024	2.61063
run_0103.root	21066	-28.3641	2.5809
run_0103.root	21227	-23.6515	1.63227
run_0103.root	21274	-47.2462	6.28306
run_0103.root	21356	-47.9495	4.84103
run_0103.root	21419	-20.4155	0.296711
run_0103.root	21530	-21.2613	0.711895
run_0103.root	21724	-21.661	0.608032
run_0103.root	21742	-27.9787	0.875583
run_0103.root	21768	-20.4667	2.89682
run_0103.root	21986	-20.0909	0.124776
run_0103.root	22811	-22.5687	3.4636
run_0103.root	22856	-28.6919	2.74
run_0103.root	22925	-42.297	18.9994
run_0103.root	22930	-21.7121	15.5
run_0103.root	22980	-21.5835	0.735393
run_0103.root	23090	-26.6424	1.81269
run_0103.root	23265	-42.9953	5.17606
run_0103.root	23322	-25.3139	0.973465
run_0103.root	23498	-22.5411	1.00882
run_0103.root	23967	-69.0548	5.74971
run_0103.root	24360	-26.1675	2.134
run_0103.root	24529	-32.6671	0.905853
run_0103.root	24848	-21.0692	0.420265
run_0103.root	25003	-22.2685	2.39015
run_0103.root	25163	-21.4593	1.23053
run_0103.root	25218	-58.065	7.09014
run_0103.root	25479	-33.8395	4.75004
run_0103.root	25629	-32.9845	3.91666
run_0103.root	25978	-24.2554	5.58348
run_0103.root	26161	-39.455	4.13076
run_0103.root	26266	-21.3408	0.717429
run_0103.root	26480	-24.7445	0.876107
run_0103.root	26615	-38.9105	5.74062
run_0103.root	26946	-59.9806	12.0729
run_0103.root	27141	-25.1202	0.254204
run_0103.root	27779	-35.0091	2.53429
run_0103.root	28798	-47.8582	5.72024
run_0103.root	28920	-44.174	4.73128
run_0103.root	28956	-33.4389	51.0868
run_0103.root	29297	-42.2184	23.6459
run_0103.root	29819	-20.0872	0.567326
run_0103.root	30004	-28.2903	3.09607
run_0103.root	30005	-28.2903	3.09607
run_0103.root	30049	-22.6732	2.07609
run_0103.root	30084	-39.0503	5.75025
run_0103.root	30507	-26.413	2.71405
run_0103.root	30522	-57.0312	9.70804
run_0103.root	30584	-29.3824	1.18287
run_0103.root	30802	-26.4266	1.59098
run_0103.root	30845	-24.1681	0.397501
run_0103.root	30883	-22.2284	1.35356
run_0103.root	30972	-35.2056	2.06085
run_0103.root	31029	-26.2544	13.1985
run_0103.root	31038	-21.4187	3.34512
run_0103.root	31132	-81.2634	49.7091
run_0103.root	31149	-50.1244	6.84844
run_0103.root	31291	-32.7885	1.98975
run_0103.root	31439	-28.0564	7.4265
run_0103.root	32338	-46.0919	14.443
run_0103.root	32749	-24.4798	0.156123
run_0103.root	32867	-20.6955	0.165434
run_0103.root	33435	-47.4629	6.20905
run_0103.root	33728	-20.9692	6.29964
run_0103.root	33744	-31.5579	2.00205
run_0103.root	33842	-37.7106	2.86735
run_0103.root	34113	-44.7569	8.26488
run_0103.root	34240	-57.1497	8.29963
run_0103.root	34262	-55.6785	6.29713
run_0103.root	34304	-36.1745	49.8005
run_0103.root	34392	-24.1581	0.777858
run_0103.root	35509	-35.1413	4.61604
run_0103.root	35578	-27.6483	2.11916
run_0103.root	35613	-48.2213	4.08489
run_0103.root	35815	-32.2836	1.17645
run_0103.root	36261	-37.8672	5.1984
run_0103.root	37108	-30.6078	3.83992
run_0103.root	37242	-34.6346	2.14398
run_0103.root	37259	-28.4743	2.29624
run_0103.root	37523	-23.0407	118.206
run_0103.root	37692	-30.6261	2.02852
run_0103.root	37851	-30.7147	0.210665
run_0103.root	37950	-20.7105	1313.89
run_0103.root	37966	-29.4909	420.511
run_0103.root	39063	-39.8748	4.3193
run_0103.root	39213	-33.6279	12.4905
run_0103.root	39388	-44.3396	4.28583
run_0103.root	39401	-34.1953	3.02283
run_0103.root	39448	-31.1014	10.068
run_0103.root	39560	-24.5232	1.10383
run_0103.root	39800	-48.7267	7.78363
run_0103.root	39943	-23.1963	136.991
run_0103.root	39983	-51.4916	5.37604
run_0103.root	40427	-44.2578	5.21014
run_0103.root	40565	-20.1589	1.57509
run_0103.root	40672	-26.4928	2.07817
run_0103.root	40816	-24.9933	2.09369
run_0103.root	41521	-21.4715	79.6844
run_0103.root	42004	-22.1249	2.96687
run_0103.root	42061	-43.4002	1.24636
run_0103.root	42267	-53.8591	9.86427
run_0103.root	42298	-31.6278	7.54701
run_0103.root	42848	-37.0849	2.00895
run_0103.root	43107	-54.1093	6.24098
run_0103.root	43428	-25.305	0.903879
run_0103.root	43933	-29.74	3.16968
run_0103.root	44227	-46.6031	4.74032
run_0103.root	44377	-30.0627	5.49026
run_0103.root	44672	-21.7544	2.95207
run_0103.root	45197	-30.0713	16.912
run_0103.root	45259	-28.7261	1.47968
run_0103.root	45538	-29.6192	12.2026
run_0103.root	45571	-20.7328	84.8858
run_0103.root	45627	-60.2302	7.26998
run_0103.root	46251	-23.8617	6.14779
run_0103.root	46269	-24.8907	1.63975
run_0103.root	46392	-44.9529	3.34951
run_0103.root	46429	-25.02	5.30653
run_0103.root	46502	-25.3685	3.19031
run_0103.root	46893	-25.6765	4.31802
run_0103.root	47020	-33.5712	6.90915
run_0103.root	47413	-23.6217	0.967878
run_0103.root	47858	-21.9709	0.40056
run_0103.root	47973	-25.0183	84.1725
run_0103.root	48088	-39.8277	4.07823
run_0103.root	48329	-41.0114	1.84376
run_0103.root	48595	-34.3225	3.48384
run_0103.root	48719	-22.8939	39.7054
run_0103.root	48720	-22.8939	39.7054
run_0103.root	48776	-37.7732	12.7954
run_0103.root	48779	-24.8208	1.33117
run_0103.root	48818	-24.3551	0.605103
run_0103.root	49301	-22.1062	200.772
run_0103.root	49318	-38.6927	1207.13
run_0103.root	49370	-34.2749	11.2633
run_0103.root	49626	-50.6134	7.21602
run_0103.root	49884	-40.3895	7.23985
run_0103.root	50010	-23.7527	0.816741
run_0103.root	50137	-26.6182	1.01521
run_0103.root	50264	-41.8043	2.74252
run_0103.root	50695	-46.2246	2.67059
run_0103.root	50738	-21.2946	3.54794
run_0103.root	51154	-37.4976	3.65868
run_0103.root	51948	-47.792	6.92519
run_0103.root	52247	-20.2597	16.2511
run_0103.root	52419	-25.8563	0.479738
run_0103.root	52546	-36.5695	2.93502
run_0103.root	52547	-36.5695	2.93502
run_0103.root	52688	-54.8741	4.00369
run_0103.root	52689	-54.8741	4.00369
run_0103.root	52706	-26.1904	0.901634
run_0103.root	52831	-40.0451	2.23618
run_0103.root	52889	-43.9036	5.63086
run_0103.root	53375	-36.7141	4.78743
run_0103.root	53665	-56.6904	5.08381
run_0103.root	54127	-20.7816	0.903957
run_0103.root	54221	-43.4769	6.6022
run_0103.root	54311	-41.1848	13.1827
run_0103.root	54327	-21.7314	1.21561
run_0103.root	54529	-49.0027	5.57042
run_0103.root	54641	-22.8572	5.34304
run_0103.root	54892	-43.7715	3.14964
run_0103.root	54966	-53.3688	2.28655
run_0103.root	55143	-32.3891	1.58056
run_0103.root	55276	-26.5141	1.71881
run_0103.root	55415	-24.4269	4.22754
run_0103.root	55480	-62.841	9.20503
run_0103.root	56028	-46.6431	7.58491
run_0103.root	56224	-44.6804	6.25527
run_0103.root	56536	-42.1682	4.03349
run_0103.root	56541	-32.013	5.85957
run_0103.root	56690	-25.8643	1.30472
run_0103.root	57257	-25.8252	2.44945
run_0103.root	57310	-40.6726	6.62622
run_0103.root	57371	-38.9855	2.89202
run_0103.root	57394	-22.1422	0.868031
run_0103.root	57517	-23.1547	0.939911
run_0103.root	57649	-37.0699	8.72492
run_0103.root	57973	-24.728	3.61371
run_0103.root	58137	-30.1828	1.50371
run_0103.root	58282	-30.1147	3.99836
run_0103.root	58525	-27.1498	43.8275
run_0103.root	58534	-28.2749	5.03534
run_0103.root	58807	-47.218	3.769
run_0103.root	58846	-21.1748	0.694361
run_0103.root	58937	-20.9997	0.832185
run_0103.root	59283	-21.9156	71.8549
run_0103.root	59491	-20.1476	0.398173
run_0103.root	60002	-20.1726	0.660278
run_0103.root	60103	-25.3242	15.4676
run_0103.root	60104	-24.5168	1.83685
run_0103.root	60411	-30.2598	4.1153
run_0103.root	60511	-57.4876	6.07984
run_0103.root	60983	-67.1919	4.37571
run_0103.root	61074	-21.9249	0.59616
run_0103.root	61299	-21.5502	5.43475
run_0103.root	61443	-50.024	6.25434
run_0103.root	61602	-20.2691	0.523953
run_0103.root	61619	-20.8143	4.48733
run_0103.root	61719	-23.8099	1.92764
run_0103.root	61821	-21.5395	63.8884
run_0103.root	61961	-21.1987	637.847
run_0103.root	61973	-20.2075	8.70185
run_0103.root	61981	-47.3401	20.2086
run_0103.root	62339	-20.3548	0.0633188
run_0104.root	111	-48.8529	6.21154
run_0104.root	469	-35.8892	5.9124
run_0104.root	549	-29.7991	0.384217
run_0104.root	973	-37.4989	4.88818
run_0104.root	1157	-25.4523	1.30307
run_0104.root	1803	-22.9066	4.708
run_0104.root	1809	-28.5398	1.39779
run_0104.root	2036	-26.9019	7.4289
run_0104.root	2148	-39.2581	1.88826
run_0104.root	2246	-46.7793	3.88267
run_0104.root	2247	-30.2318	0.795403
run_0104.root	2449	-26.4504	0.284182
run_0104.root	2489	-25.5904	27.8082
run_0104.root	2545	-34.5131	3.48385
run_0104.root	2856	-22.4875	1.0862
run_0104.root	3167	-36.2242	2.11015
run_0104.root	3250	-23.2542	0.572752
run_0104.root	3404	-26.1482	0.803418
run_0104.root	3478	-76.3336	2.401
run_0104.root	3964	-59.2274	11.0601
run_0104.root	3965	-82.7895	7.29162
run_0104.root	3976	-35.4353	2.18217
run_0104.root	4250	-42.1842	5.78642
run_0104.root	4372	-28.4294	3.71453
run_0104.root	4783	-33.4651	3.26049
run_0104.root	5275	-25.1875	3.36604
run_0104.root	5323	-41.1142	4.79652
run_0104.root	5555	-29.9845	4.89453
run_0104.root	5614	-37.3439	4.99222
run_0104.root	5786	-23.0689	3.876
run_0104.root	6382	-24.3301	0.851522
run_0104.root	7126	-27.3493	2.2518
run_0104.root	7257	-25.652	29.9716
run_0104.root	7769	-22.508	2.47669
run_0104.root	7814	-47.2045	7.57494
run_0104.root	7987	-25.0983	6.91186
run_0104.root	8054	-56.2454	7.4723
run_0104.root	8271	-37.4721	1.78682
run_0104.root	8476	-50.3669	5.09331
run_0104.root	8555	-34.8949	8.87845
run_0104.root	8638	-26.7149	5.74631
run_0104.root	8772	-27.1978	2.1974
run_0104.root	8835	-34.298	3.46261
run_0104.root	8912	-35.341	4.37243
run_0104.root	9498	-22.1439	2.28652
run_0104.root	9512	-51.033	2.11709
run_0104.root	9710	-31.9545	5.24506
run_0104.root	10359	-34.6803	1.10939
run_0104.root	10529	-49.8327	4.83014
run_0104.root	10685	-34.8756	4.68299
run_0104.root	10943	-21.3589	1.20778
run_0104.root	11045	-41.1527	2.45892
run_0104.root	11516	-33.8863	3.6191
run_0104.root	11524	-48.2101	4.98949
run_0104.root	11724	-24.4479	5.51078
run_0104.root	11803	-21.7809	34.6889
run_0104.root	11846	-32.3477	3.21255
run_0104.root	11966	-42.1112	9.57113
run_0104.root	12438	-22.4347	5.02338
run_0104.root	12579	-46.4307	4.85142
run_0104.root	12795	-31.449	3.70547
run_0104.root	13482	-22.9665	4.75125
run_0104.root	13666	-22.0477	29.2456
run_0104.root	13884	-20.6051	1.75037
run_0104.root	13951	-31.0291	0.995281
run_0104.root	14160	-42.0943	6.52588
run_0104.root	14184	-31.1494	12.4918
run_0104.root	14294	-33.1362	1.71003
run_0104.root	14645	-37.6919	4.39604
run_0104.root	14840	-38.3771	2.62164
run_0104.root	15128	-58.0673	3.42761
run_0104.root	15361	-35.4198	4.63364
run_0104.root	15831	-26.8633	1.65603
run_0104.root	16008	-24.1379	0.813108
run_0104.root	16369	-24.8158	0.168026
run_0104.root	16540	-30.2137	1.42847
run_0104.root	16726	-48.5198	5.04003
run_0104.root	16904	-42.7793	28.8978
run_0104.root	16928	-21.9043	1.8403
run_0104.root	17684	-57.2224	7.93519
run_0104.root	17718	-37.6959	4.18505
run_0104.root	17798	-34.1406	2.77528
run_0104.root	17832	-34.199	4.67159
run_0104.root	18452	-22.1402	0.357964
run_0104.root	18469	-28.0528	7.21879
run_0104.root	18643	-59.8877	4.60554
run_0104.root	19021	-42.7747	6.72093
run_0104.root	19086	-27.5838	22.8287
run_0104.root	19901	-24.4447	10.1362
run_0104.root	20219	-35.7628	5.8922
run_0104.root	20574	-28.6008	3.9222
run_0104.root	20632	-58.5699	10.2081
run_0104.root	20918	-27.8125	2.05243
run_0104.root	22326	-25.0845	0.802988
run_0104.root	22785	-67.6888	9.05139
run_0104.root	23151	-25.7486	1.58357
run_0104.root	23408	-25.1827	40.3048
run_0104.root	23932	-23.016	0.437513
run_0104.root	23954	-50.4539	4.52549
run_0104.root	24435	-26.0006	37.7396
run_0104.root	24597	-22.0398	1.44458
run_0104.root	24919	-36.3681	7.00666
run_0104.root	25269	-21.1281	2.41224
run_0104.root	25312	-33.5126	3.36144
run_0104.root	25460	-37.1823	2.73466
run_0104.root	26028	-39.8718	4.65584
run_0104.root	26414	-20.3629	0.621356
run_0104.root	27038	-48.521	56.4491
run_0104.root	27060	-26.9113	1.53924
run_0104.root	27160	-33.5964	2.56646
run_0104.root	27180	-26.363	3.71268
run_0104.root	27291	-37.6045	3.9348
run_0104.root	27422	-25.6592	3.21022
run_0104.root	27499	-35.3865	2.19835
run_0104.root	27731	-44.7528	4.20104
run_0104.root	27814	-22.1295	0.681708
run_0104.root	28139	-35.6392	7.08432
run_0104.root	28299	-32.6589	1.89446
run_0104.root	28429	-31.245	1.38141
run_0104.root	28637	-24.8516	4.81009
run_0104.root	28793	-24.0237	0.146565
run_0104.root	29647	-20.3591	2.16955
run_0104.root	30206	-42.0723	3.31224
run_0104.root	30354	-27.3196	6.40438
run_0104.root	30400	-20.3167	4893.46
run_0104.root	30772	-47.8484	2.66173
run_0104.root	31017	-23.0165	0.843004
run_0104.root	31259	-63.7615	3.81816
run_0104.root	31302	-39.2869	1.44037
run_0104.root	31511	-21.79	1.6294
run_0104.root	31705	-56.8316	105.07
run_0104.root	31783	-21.5195	4.80194
run_0104.root	31938	-35.7971	6.47506
run_0104.root	31995	-27.749	2.51737
run_0104.root	32024	-23.371	0.738229
run_0104.root	32481	-40.236	3.92482
run_0104.root	32800	-32.512	81.2428
run_0104.root	32843	-25.1153	1.07689
run_0104.root	33646	-47.4837	3.6416
run_0104.root	33844	-59.1767	15.4826
run_0104.root	34004	-25.7195	11.1306
run_0104.root	34364	-50.4749	5.00638
run_0104.root	34379	-35.9897	7.3662
run_0104.root	34455	-22.69	32.362
run_0104.root	34544	-25.7759	6.60221
run_0104.root	34875	-23.9861	0.492704
run_0104.root	35013	-21.3906	21.5353
run_0104.root	35029	-27.357	0.0869797
run_0104.root	35050	-45.071	4.77932
run_0104.root	35121	-36.5027	6.20345
run_0104.root	35660	-56.7088	4.18399
run_0104.root	35700	-39.253	1.36539
run_0104.root	35878	-38.0604	1.53542
run_0104.root	35912	-29.8544	1.88355
run_0104.root	36066	-44.9503	6.46673
run_0104.root	36135	-31.5707	18.3686
run_0104.root	36296	-22.5416	2.07145
run_0104.root	36982	-39.7672	1.74899
run_0104.root	37095	-45.5358	32.2232
run_0104.root	37097	-36.8489	5.60447
run_0104.root	37104	-22.5628	1.05325
run_0104.root	37652	-26.3074	0.668468
run_0104.root	37859	-44.9615	3.50562
run_0104.root	37860	-44.9615	3.50562
run_0104.root	38110	-25.9559	3.38855
run_0104.root	38185	-23.4349	16.759
run_0104.root	38275	-33.3829	4.06358
run_0104.root	38444	-36.3242	2.27688
run_0104.root	38518	-37.2228	1.97895
run_0104.root	38537	-68.9137	4.42047
run_0104.root	38538	-68.9137	4.42047
run_0104.root	38774	-21.4073	1.36152
run_0104.root	39023	-29.0675	33753.4
run_0104.root	39250	-23.6347	0.739402
run_0104.root	39269	-22.0749	2.89681
run_0104.root	39311	-44.9695	4.50972
run_0104.root	39553	-55.0074	8.93777
run_0104.root	39761	-34.9642	6.77799
run_0104.root	39859	-26.9866	2.79438
run_0104.root	39879	-24.7611	5.91425
run_0104.root	39925	-44.9701	5.04327
run_0104.root	39988	-128.131	2.50431
run_0104.root	40853	-28.4955	111.583
run_0104.root	41240	-43.8615	8.77081
run_0104.root	41410	-47.4613	5.43485
run_0104.root	41619	-35.3892	2.05757
run_0104.root	41676	-31.1712	1.06239
run_0104.root	41760	-31.6817	636.857
run_0104.root	41942	-21.6711	2.76485
run_0104.root	42159	-34.5193	5.52438
run_0104.root	42794	-39.413	1.96087
run_0104.root	42864	-20.1203	0.718534
run_0104.root	43637	-23.4167	358.418
run_0104.root	43933	-20.7273	4.60804
run_0104.root	43974	-32.364	11.0401
run_0104.root	44043	-39.2667	2.97118
run_0104.root	44145	-25.0251	1.81727
run_0104.root	44465	-27.7716	0.720037
run_0104.root	44825	-29.29	6.8223
run_0104.root	44884	-20.389	2.0819
run_0104.root	45130	-22.2538	3.63319
run_0104.root	46174	-33.6371	7.40958
run_0104.root	46258	-52.5075	49.0438
run_0104.root	46285	-25.5145	1.40794
run_0104.root	46747	-36.9691	2.55235
run_0104.root	47069	-21.6851	0.808543
run_0104.root	47498	-25.6331	2.19668
run_0104.root	47996	-51.0657	5.50722
run_0104.root	48007	-29.8634	0.965501
run_0104.root	48201	-29.9234	6.36945
run_0104.root	48226	-45.3279	3.55603
run_0104.root	48848	-54.1583	3.83845
run_0104.root	48861	-30.5414	0.774903
run_0104.root	48906	-51.2518	11.1365
run_0104.root	49141	-41.9499	2.02658
run_0104.root	49587	-21.4422	0.733378
run_0104.root	49826	-44.298	8.77232
run_0104.root	50369	-26.5924	0.999863
run_0104.root	50622	-49.7457	13.2271
run_0104.root	50669	-43.5973	5.16219
run_0104.root	50698	-37.4447	1.8554
run_0104.root	50756	-20.0175	0.0722306
run_0104.root	50767	-38.0778	2.52758
run_0104.root	50873	-22.3	0.0828016
run_0104.root	50944	-46.1861	5.5861
run_0104.root	51007	-41.9431	89.0457
run_0104.root	51008	-39.6643	152.554
run_0104.root	51164	-33.6436	4.32298
run_0104.root	51489	-27.7364	5.68366
run_0104.root	51518	-22.9129	1.03641
run_0104.root	51935	-40.1343	1.49563
run_0104.root	52090	-41.587	3.54259
run_0104.root	52091	-41.587	3.54259
run_0104.root	52270	-31.0994	4.67126
run_0104.root	53493	-57.4124	5.42323
run_0104.root	53558	-42.2675	3.08759
run_0104.root	53582	-38.2737	2.81929
run_0104.root	53626	-35.3969	1.11945
run_0104.root	53722	-37.074	5.45848
run_0104.root	53737	-25.4714	3.14567
run_0104.root	53928	-27.1694	5.84392
run_0104.root	54851	-42.9783	3.89791
run_0104.root	54956	-26.1465	4.07062
run_0104.root	55126	-24.116	2.42193
run_0104.root	55560	-42.1552	21.2325
run_0104.root	56029	-27.1498	4.11818
run_0104.root	56568	-52.2891	4.51104
run_0104.root	56699	-20.6224	9.72634
run_0104.root	57058	-33.6134	0.1552
run_0104.root	57079	-27.7874	3.23189
run_0105.root	43	-50.4779	23.5474
run_0105.root	371	-37.7466	1.24151
run_0105.root	1096	-23.3673	70.6986
run_0105.root	1304	-25.5761	2.88365
run_0105.root	1785	-21.776	0.86821
run_0105.root	1867	-24.603	1.76836
run_0105.root	2284	-23.3321	2.48858
run_0105.root	2360	-27.335	0.707676
run_0105.root	2395	-29.8802	31.047
run_0105.root	2519	-29.7594	1.36944
run_0105.root	2593	-38.645	1.79542
run_0105.root	2627	-30.6101	2.24846
run_0105.root	2638	-32.7126	1.10983
run_0105.root	2664	-22.7809	1.45984
run_0105.root	2686	-47.4118	4.85101
run_0105.root	2748	-37.1332	17.8057
run_0105.root	2887	-22.6759	3.00666
run_0105.root	3025	-59.8598	6.12728
run_0105.root	3244	-20.7324	156.078
run_0105.root	3465	-26.5981	9.11642
run_0105.root	3584	-20.4521	1.05136
run_0105.root	3683	-37.9693	4.591
run_0105.root	3690	-22.1844	0.668148
run_0105.root	3900	-75.7149	28.3787
run_0105.root	4119	-40.1842	5.7708
run_0105.root	4444	-27.3864	2.62232
run_0105.root	4529	-41.8079	5.18495
run_0105.root	4897	-27.1216	14.9408
run_0105.root	4913	-24.7461	3.84066
run_0105.root	4917	-37.7996	2.94719
run_0105.root	4935	-24.8901	0.380194
run_0105.root	5012	-41.669	70.1203
run_0105.root	5112	-43.2626	7.62935
run_0105.root	5197	-22.0131	1.03544
run_0105.root	5376	-58.7123	1.70741
run_0105.root	5465	-23.3589	1.80185
run_0105.root	5469	-71.1137	6.01635
run_0105.root	5641	-25.4243	0.321451
run_0105.root	6313	-67.3299	11.1534
run_0105.root	6398	-24.3051	614.113
run_0105.root	6458	-25.726	10.8974
run_0105.root	6526	-20.8399	886.483
run_0105.root	6684	-30.3456	8.49895
run_0105.root	6719	-37.5056	2.27936
run_0105.root	6720	-37.5056	2.27936
run_0105.root	6952	-29.1684	5.99862
run_0105.root	7338	-37.0566	2.15607
run_0105.root	7376	-22.9588	1.67735
run_0105.root	7689	-30.0934	0.064905
run_0105.root	7995	-29.379	69.5484
run_0105.root	8346	-69.4701	33.6772
run_0105.root	8357	-49.7877	4.07856
run_0105.root	8603	-77.7365	11.5862
run_0105.root	8999	-24.5638	6859.34
run_0105.root	9010	-39.1941	4.65313
run_0105.root	9077	-32.1768	1.50698
run_0105.root	9364	-23.576	0.0911723
run_0105.root	9603	-29.0395	1.0745
run_0105.root	9664	-43.3321	2.46478
run_0105.root	9839	-45.5761	4.20212
run_0105.root	10047	-48.0629	2.33603
run_0105.root	10139	-28.0521	0.177395
run_0105.root	10229	-21.1337	0.432046
run_0105.root	10252	-26.9933	0.473189
run_0105.root	10489	-31.7222	2.76761
run_0105.root	10913	-20.5762	1.29655
run_0105.root	10945	-73.3439	7.21956
run_0105.root	11111	-71.0794	20.4748
run_0105.root	11112	-71.0794	20.4748
run_0105.root	11324	-31.5679	21.8235
run_0105.root	11681	-25.8745	3.36418
run_0105.root	11986	-35.9105	3.05962
run_0105.root	12052	-39.3304	5.91954
run_0105.root	12085	-35.2303	2.92668
run_0105.root	12110	-32.3016	1.58499
run_0105.root	12628	-50.7938	3.66467
run_0105.root	12629	-50.7938	3.66467
run_0105.root	12869	-56.097	5.84859
run_0105.root	13009	-27.0745	5.66301
run_0105.root	13121	-45.487	4.76444
run_0105.root	13155	-20.0984	19.9195
run_0105.root	13810	-35.5595	6.0002
run_0105.root	13907	-21.2064	4.68706
run_0105.root	14072	-25.0416	7.33541
run_0105.root	14205	-21.2098	1.16254
run_0105.root	14514	-41.5738	5.2509
run_0105.root	14688	-39.8314	4.08231
run_0105.root	14855	-41.0339	2.62008
run_0105.root	15190	-43.2633	2.6699
run_0105.root	15463	-45.7559	3.23545
run_0105.root	15559	-62.7786	9.19074
run_0105.root	15618	-33.6989	2.78628
run_0105.root	15869	-28.3249	3.7713
run_0105.root	16368	-42.448	5.84276
run_0105.root	16434	-50.8378	4.04998
run_0105.root	16547	-29.6421	3.25193
run_0105.root	16600	-29.0937	5.15492
run_0105.root	17158	-25.0571	2.72512
run_0105.root	17363	-32.5754	3.28748
run_0105.root	17490	-31.4445	2.21438
run_0105.root	17632	-24.0467	6.45458
run_0105.root	18038	-42.3058	6.08287
run_0105.root	18240	-21.4471	78.089
run_0105.root	18470	-34.8359	9.25522
run_0105.root	18520	-34.8254	2.31429
run_0105.root	18583	-27.8065	4.49584
run_0105.root	18584	-27.8065	4.49584
run_0105.root	18713	-45.0285	3.38077
run_0105.root	18915	-23.9795	2.62024
run_0105.root	19482	-45.7567	9.56646
run_0105.root	19508	-35.1175	2.07742
run_0105.root	19705	-27.4448	1.69327
run_0105.root	20162	-21.6373	2.57274
run_0105.root	20205	-21.8972	12.5566
run_0105.root	20463	-22.3484	0.494418
run_0105.root	20545	-24.6902	3.82633
run_0105.root	20775	-29.6048	1.0127
run_0105.root	21003	-31.386	1.82607
run_0105.root	21050	-28.4772	3.86216
run_0105.root	21092	-20.8382	3.33503
run_0105.root	21212	-33.7994	1.59444
run_0105.root	21592	-47.6209	4.93679
run_0105.root	21727	-31.2007	2.52929
run_0105.root	22092	-21.5315	1.13635
run_0105.root	22710	-28.5416	1.57033
run_0105.root	23229	-32.7468	2.93835
run_0105.root	23239	-29.3457	1.97216
run_0105.root	23629	-21.3544	5.66889
run_0105.root	24419	-28.1182	1.96754
run_0105.root	24435	-26.979	1.86563
run_0105.root	24507	-30.0446	3.15394
run_0105.root	24629	-28.6805	1.46332
run_0105.root	24812	-51.5345	7.22631
run_0105.root	25212	-29.7593	1.44869
run_0105.root	25458	-35.5023	8.4271
run_0105.root	25520	-25.5984	1.70076
run_0105.root	25826	-40.1782	3.01079
run_0105.root	26165	-20.0887	0.559063
run_0105.root	26323	-27.2545	23.2855
run_0105.root	26504	-27.9415	3.67327
run_0105.root	26519	-36.8549	3.57423
run_0105.root	26897	-24.266	5.07969
run_0105.root	27209	-34.1675	11.0165
run_0105.root	27290	-26.3768	15.7516
run_0105.root	27567	-53.1582	5.98656
run_0105.root	28013	-25.0881	4.03467
run_0105.root	28192	-46.0165	8.4816
run_0105.root	28281	-39.2228	2.46759
run_0105.root	28426	-32.0566	4.33855
run_0105.root	28443	-47.6696	2.53542
run_0105.root	28525	-43.9433	5.52738
run_0105.root	28893	-23.3249	0.582751
run_0105.root	28961	-21.4581	27.621
run_0105.root	28992	-41.8295	1.61517
run_0105.root	29150	-22.4355	1.50629
run_0105.root	29232	-58.1335	9.7094
run_0105.root	29488	-23.456	100.977
run_0105.root	29849	-25.5629	0.926039
run_0105.root	29904	-46.7471	1.39493
run_0105.root	29997	-28.4751	0.836411
run_0105.root	30004	-27.8472	1.66413
run_0105.root	30080	-25.1958	0.706086
run_0105.root	30337	-31.9473	2.86387
run_0105.root	30393	-38.8476	3.75852
run_0105.root	30402	-20.2351	2.80111
run_0105.root	30404	-21.3603	2.99022
run_0105.root	30462	-24.2396	1.31712
run_0105.root	30715	-71.27	13.7829
run_0105.root	30716	-71.27	13.7829
run_0105.root	30900	-33.0055	2.38784
run_0105.root	31207	-44.6275	1.76921
run_0105.root	31271	-48.6048	6.60804
run_0105.root	31376	-27.6646	3.17141
run_0105.root	31751	-65.3841	11.1768
run_0105.root	32235	-56.3202	6.2702
run_0105.root	33128	-48.3136	6.21544
run_0105.root	33984	-20.2857	0.998781
