CoboID,AsadID,AgetID,ChannelID,DetKeyword,PadID
7,2,1,10,pad,9908
7,2,1,12,pad,9919
7,2,1,13,pad,9909
7,2,1,14,pad,9920
7,2,1,15,pad,9910
7,2,1,16,pad,9921
7,2,1,17,pad,9911
7,2,1,18,pad,9922
7,2,1,19,pad,9912
7,2,1,20,pad,9923
7,2,1,21,pad,9913
7,2,1,23,pad,9924
7,2,1,24,pad,9914
7,2,1,25,pad,9974
7,2,1,26,pad,9915
7,2,1,27,pad,9973
7,2,1,28,pad,9916
7,2,1,29,pad,9983
7,2,1,30,pad,9917
7,2,1,31,pad,9984
7,2,1,32,pad,9918
7,2,1,33,pad,9985
7,2,1,34,pad,9982
7,2,1,35,pad,9986
7,2,1,36,pad,9981
7,2,1,37,pad,9987
7,2,1,38,pad,9972
7,2,1,39,pad,9988
7,2,1,40,pad,9980
7,2,1,41,pad,10043
7,2,1,42,pad,9979
7,2,1,43,pad,10041
7,2,1,44,pad,9978
7,2,1,46,pad,10039
7,2,1,47,pad,9977
7,2,1,48,pad,10037
7,2,1,49,pad,9976
7,2,1,50,pad,10036
7,2,1,51,pad,9975
7,2,1,52,pad,10035
7,2,1,53,pad,10042
7,2,1,54,pad,10044
7,2,1,55,pad,10040
7,2,1,57,pad,10034
7,2,1,58,pad,10038
7,2,1,59,pad,10045
7,2,1,60,pad,10033
7,2,1,61,pad,10099
7,2,1,62,pad,10032
7,2,1,63,pad,10098
7,2,1,64,pad,10046
7,2,1,65,pad,10097
7,2,1,66,pad,10047
7,2,1,67,pad,10155
7,2,0,0,pad,10048
7,2,0,1,pad,10154
7,2,0,2,pad,10049
7,2,0,3,pad,10153
7,2,0,4,pad,10050
7,2,0,5,pad,10152
7,2,0,6,pad,10096
7,2,0,7,pad,10151
7,2,0,8,pad,10095
7,2,0,9,pad,10150
7,2,0,10,pad,10094
7,2,0,12,pad,10149
7,2,0,13,pad,10093
7,2,0,14,pad,10148
7,2,0,15,pad,10105
7,2,0,16,pad,10147
7,2,0,17,pad,10104
7,2,0,18,pad,10146
7,2,0,19,pad,10103
7,2,0,20,pad,10089
7,2,0,21,pad,10102
7,2,0,23,pad,10145
7,2,0,24,pad,10101
7,2,0,25,pad,10142
7,2,0,26,pad,10100
7,2,0,27,pad,10141
7,2,0,28,pad,10088
7,2,0,29,pad,10140
7,2,0,30,pad,10092
7,2,0,31,pad,10195
7,2,0,32,pad,10091
7,2,0,33,pad,10193
7,2,0,34,pad,10090
7,2,0,35,pad,10191
7,2,0,36,pad,10087
7,2,0,37,pad,10189
7,2,0,38,pad,10144
7,2,0,39,pad,10187
7,2,0,40,pad,10143
7,2,0,41,pad,10186
7,2,0,42,pad,10194
7,2,0,43,pad,10139
7,2,0,44,pad,10192
7,2,0,46,pad,10138
7,2,0,47,pad,10190
7,2,0,48,pad,10183
7,2,0,49,pad,10188
7,2,0,50,pad,10137
7,2,0,51,pad,10185
7,2,0,52,pad,10180
7,2,0,53,pad,10184
7,2,0,54,pad,10226
7,2,0,55,pad,10182
7,2,0,57,pad,10223
7,2,0,58,pad,10136
7,2,0,59,pad,10222
7,2,0,60,pad,10181
7,2,0,61,pad,10221
7,2,0,62,pad,10227
7,2,0,63,pad,10220
7,2,0,64,pad,10225
7,2,0,65,pad,10179
7,2,0,66,pad,10224
7,2,0,67,pad,10178
7,2,3,0,pad,9167
7,2,3,1,pad,9438
7,2,3,2,pad,9437
7,2,3,3,pad,9443
7,2,3,4,pad,9168
7,2,3,5,pad,9444
7,2,3,6,pad,9169
7,2,3,7,pad,9445
7,2,3,8,pad,9261
7,2,3,9,pad,9446
7,2,3,10,pad,9262
7,2,3,12,pad,8804
7,2,3,13,pad,9263
7,2,3,14,pad,8596
7,2,3,15,pad,9264
7,2,3,16,pad,8595
7,2,3,17,pad,9353
7,2,3,18,pad,8379
7,2,3,19,pad,9354
7,2,3,20,pad,9166
7,2,3,21,pad,9355
7,2,3,23,pad,9525
7,2,3,24,pad,9356
7,2,3,25,pad,7193
7,2,3,26,pad,8378
7,2,3,27,pad,9524
7,2,3,28,pad,8594
7,2,3,29,pad,9530
7,2,3,30,pad,8593
7,2,3,31,pad,9531
7,2,3,32,pad,8801
7,2,3,33,pad,9532
7,2,3,34,pad,9523
7,2,3,35,pad,9533
7,2,3,36,pad,8802
7,2,3,37,pad,7196
7,2,3,38,pad,8800
7,2,3,39,pad,9349
7,2,3,40,pad,8799
7,2,3,41,pad,9439
7,2,3,42,pad,8591
7,2,3,43,pad,9526
7,2,3,44,pad,8592
7,2,3,46,pad,9610
7,2,3,47,pad,8376
7,2,3,48,pad,9609
7,2,3,49,pad,8797
7,2,3,50,pad,9611
7,2,3,51,pad,8798
7,2,3,52,pad,9608
7,2,3,53,pad,8590
7,2,3,54,pad,9527
7,2,3,55,pad,8589
7,2,3,57,pad,9614
7,2,3,58,pad,8373
7,2,3,59,pad,9615
7,2,3,60,pad,9007
7,2,3,61,pad,9616
7,2,3,62,pad,9008
7,2,3,63,pad,9617
7,2,3,64,pad,9607
7,2,3,65,pad,9440
7,2,3,66,pad,9606
7,2,3,67,pad,9350
7,2,2,0,pad,9006
7,2,2,1,pad,9612
7,2,2,2,pad,9005
7,2,2,3,pad,9528
7,2,2,4,pad,9004
7,2,2,5,pad,9441
7,2,2,6,pad,9003
7,2,2,7,pad,9351
7,2,2,8,pad,7937
7,2,2,9,pad,9613
7,2,2,10,pad,7944
7,2,2,12,pad,9691
7,2,2,13,pad,7945
7,2,2,14,pad,9690
7,2,2,15,pad,7928
7,2,2,16,pad,9688
7,2,2,17,pad,7926
7,2,2,18,pad,9695
7,2,2,19,pad,7925
7,2,2,20,pad,9696
7,2,2,21,pad,7923
7,2,2,23,pad,9697
7,2,2,24,pad,9687
7,2,2,25,pad,9698
7,2,2,26,pad,7929
7,2,2,27,pad,9529
7,2,2,28,pad,7927
7,2,2,29,pad,9442
7,2,2,30,pad,7924
7,2,2,31,pad,9352
7,2,2,32,pad,7922
7,2,2,33,pad,9260
7,2,2,34,pad,9347
7,2,2,35,pad,9259
7,2,2,36,pad,9346
7,2,2,37,pad,9258
7,2,2,38,pad,9345
7,2,2,39,pad,9257
7,2,2,40,pad,9255
7,2,2,41,pad,9163
7,2,2,42,pad,9162
7,2,2,43,pad,9766
7,2,2,44,pad,9161
7,2,2,46,pad,9765
7,2,2,47,pad,9344
7,2,2,48,pad,9256
7,2,2,49,pad,9843
7,2,2,50,pad,9348
7,2,2,51,pad,9844
7,2,2,52,pad,9767
7,2,2,53,pad,9764
7,2,2,54,pad,9768
7,2,2,55,pad,9845
7,2,2,57,pad,9769
7,2,2,58,pad,9846
7,2,2,59,pad,9770
7,2,2,60,pad,9847
7,2,2,61,pad,9771
7,2,2,62,pad,9848
7,2,2,63,pad,9772
7,2,2,64,pad,9849
7,2,2,65,pad,9773
7,2,2,66,pad,9850
7,2,2,67,pad,9774
7,2,1,0,pad,9851
7,2,1,1,pad,9775
7,2,1,2,pad,9852
7,2,1,3,pad,9776
7,2,1,4,pad,9853
7,2,1,5,pad,9840
7,2,1,6,pad,9839
7,2,1,7,pad,9842
7,2,1,8,pad,9838
7,2,1,9,pad,9841
7,3,1,10,pad,9760
7,3,1,12,pad,9907
7,3,1,13,pad,9682
7,3,1,14,pad,9837
7,3,1,15,pad,9601
7,3,1,16,pad,9906
7,3,1,17,pad,7917
7,3,1,18,pad,9836
7,3,1,19,pad,9430
7,3,1,20,pad,9835
7,3,1,21,pad,9759
7,3,1,23,pad,9834
7,3,1,24,pad,9905
7,3,1,25,pad,9833
7,3,1,26,pad,9681
7,3,1,27,pad,9903
7,3,1,28,pad,9600
7,3,1,29,pad,9904
7,3,1,30,pad,9516
7,3,1,31,pad,9967
7,3,1,32,pad,9429
7,3,1,33,pad,9902
7,3,1,34,pad,9339
7,3,1,35,pad,9832
7,3,1,36,pad,9247
7,3,1,37,pad,9757
7,3,1,38,pad,9153
7,3,1,39,pad,9679
7,3,1,40,pad,9758
7,3,1,41,pad,9900
7,3,1,42,pad,9680
7,3,1,43,pad,9971
7,3,1,44,pad,9599
7,3,1,46,pad,9970
7,3,1,47,pad,9515
7,3,1,48,pad,9830
7,3,1,49,pad,9428
7,3,1,50,pad,9755
7,3,1,51,pad,9338
7,3,1,52,pad,9677
7,3,1,53,pad,9246
7,3,1,54,pad,9596
7,3,1,55,pad,9969
7,3,1,57,pad,9512
7,3,1,58,pad,9598
7,3,1,59,pad,9425
7,3,1,60,pad,9514
7,3,1,61,pad,9899
7,3,1,62,pad,9427
7,3,1,63,pad,9829
7,3,1,64,pad,9337
7,3,1,65,pad,9754
7,3,1,66,pad,9901
7,3,1,67,pad,9676
7,3,0,0,pad,9831
7,3,0,1,pad,9595
7,3,0,2,pad,9756
7,3,0,3,pad,9511
7,3,0,4,pad,9678
7,3,0,5,pad,10031
7,3,0,6,pad,9597
7,3,0,7,pad,9898
7,3,0,8,pad,9513
7,3,0,9,pad,9828
7,3,0,10,pad,9426
7,3,0,12,pad,9753
7,3,0,13,pad,10030
7,3,0,14,pad,9675
7,3,0,15,pad,9752
7,3,0,16,pad,9594
7,3,0,17,pad,9968
7,3,0,18,pad,9897
7,3,0,19,pad,9674
7,3,0,20,pad,9827
7,3,0,21,pad,9896
7,3,0,23,pad,9826
7,3,0,24,pad,9751
7,3,0,25,pad,9895
7,3,0,26,pad,9673
7,3,0,27,pad,9825
7,3,0,28,pad,9894
7,3,0,29,pad,9750
7,3,0,30,pad,9824
7,3,0,31,pad,9964
7,3,0,32,pad,9893
7,3,0,33,pad,9963
7,3,0,34,pad,7918
7,3,0,35,pad,9962
7,3,0,36,pad,9966
7,3,0,37,pad,10086
7,3,0,38,pad,9965
7,3,0,39,pad,9959
7,3,0,40,pad,9961
7,3,0,41,pad,9958
7,3,0,42,pad,9960
7,3,0,43,pad,10029
7,3,0,44,pad,10085
7,3,0,46,pad,10028
7,3,0,47,pad,10084
7,3,0,48,pad,10027
7,3,0,49,pad,10025
7,3,0,50,pad,10026
7,3,0,51,pad,10024
7,3,0,52,pad,10219
7,3,0,53,pad,10023
7,3,0,54,pad,10218
7,3,0,55,pad,10022
7,3,0,57,pad,10217
7,3,0,58,pad,10021
7,3,0,59,pad,10216
7,3,0,60,pad,10083
7,3,0,61,pad,10215
7,3,0,62,pad,10082
7,3,0,63,pad,10135
7,3,0,64,pad,10081
7,3,0,65,pad,10134
7,3,0,66,pad,10080
7,3,0,67,pad,10133
7,3,3,0,pad,8983
7,3,3,1,pad,8996
7,3,3,2,pad,8986
7,3,3,3,pad,8993
7,3,3,4,pad,8984
7,3,3,5,pad,8991
7,3,3,6,pad,8792
7,3,3,7,pad,8990
7,3,3,8,pad,8791
7,3,3,9,pad,8998
7,3,3,10,pad,8583
7,3,3,12,pad,9436
7,3,3,13,pad,8584
7,3,3,14,pad,9435
7,3,3,15,pad,8368
7,3,3,16,pad,8999
7,3,3,17,pad,8789
7,3,3,18,pad,9002
7,3,3,19,pad,9434
7,3,3,20,pad,9000
7,3,3,21,pad,8790
7,3,3,23,pad,8997
7,3,3,24,pad,8582
7,3,3,25,pad,8988
7,3,3,26,pad,8581
7,3,3,27,pad,8995
7,3,3,28,pad,8365
7,3,3,29,pad,8994
7,3,3,30,pad,8787
7,3,3,31,pad,8992
7,3,3,32,pad,8788
7,3,3,33,pad,8989
7,3,3,34,pad,8580
7,3,3,35,pad,8987
7,3,3,36,pad,8579
7,3,3,37,pad,8985
7,3,3,38,pad,8363
7,3,3,39,pad,9522
7,3,3,40,pad,8786
7,3,3,41,pad,9521
7,3,3,42,pad,8785
7,3,3,43,pad,8795
7,3,3,44,pad,8577
7,3,3,46,pad,8796
7,3,3,47,pad,8578
7,3,3,48,pad,8588
7,3,3,49,pad,8362
7,3,3,50,pad,8587
7,3,3,51,pad,9520
7,3,3,52,pad,8371
7,3,3,53,pad,8784
7,3,3,54,pad,8794
7,3,3,55,pad,8783
7,3,3,57,pad,8793
7,3,3,58,pad,8575
7,3,3,59,pad,8585
7,3,3,60,pad,8576
7,3,3,61,pad,8586
7,3,3,62,pad,8360
7,3,3,63,pad,8370
7,3,3,64,pad,8982
7,3,3,65,pad,9254
7,3,3,66,pad,8980
7,3,3,67,pad,9253
7,3,2,0,pad,8981
7,3,2,1,pad,9605
7,3,2,2,pad,8979
7,3,2,3,pad,9160
7,3,2,4,pad,8781
7,3,2,5,pad,9252
7,3,2,6,pad,8779
7,3,2,7,pad,9159
7,3,2,8,pad,9604
7,3,2,9,pad,9158
7,3,2,10,pad,8782
7,3,2,12,pad,8977
7,3,2,13,pad,9603
7,3,2,14,pad,8978
7,3,2,15,pad,8780
7,3,2,16,pad,8778
7,3,2,17,pad,8574
7,3,2,18,pad,8777
7,3,2,19,pad,8572
7,3,2,20,pad,8569
7,3,2,21,pad,8573
7,3,2,23,pad,8570
7,3,2,24,pad,8571
7,3,2,25,pad,8975
7,3,2,26,pad,8357
7,3,2,27,pad,8976
7,3,2,28,pad,9433
7,3,2,29,pad,8776
7,3,2,30,pad,9343
7,3,2,31,pad,9686
7,3,2,32,pad,9251
7,3,2,33,pad,9685
7,3,2,34,pad,9157
7,3,2,35,pad,8775
7,3,2,36,pad,7209
7,3,2,37,pad,8567
7,3,2,38,pad,9519
7,3,2,39,pad,9518
7,3,2,40,pad,9684
7,3,2,41,pad,9431
7,3,2,42,pad,9432
7,3,2,43,pad,9341
7,3,2,44,pad,9342
7,3,2,46,pad,9249
7,3,2,47,pad,9250
7,3,2,48,pad,9155
7,3,2,49,pad,9156
7,3,2,50,pad,9517
7,3,2,51,pad,9689
7,3,2,52,pad,9340
7,3,2,53,pad,8974
7,3,2,54,pad,9248
7,3,2,55,pad,8973
7,3,2,57,pad,9154
7,3,2,58,pad,8773
7,3,2,59,pad,9763
7,3,2,60,pad,8774
7,3,2,61,pad,8969
7,3,2,62,pad,8972
7,3,2,63,pad,8970
7,3,2,64,pad,8971
7,3,2,65,pad,8967
7,3,2,66,pad,8771
7,3,2,67,pad,8968
7,3,1,0,pad,8772
7,3,1,1,pad,8770
7,3,1,2,pad,9762
7,3,1,3,pad,8768
7,3,1,4,pad,9761
7,3,1,5,pad,8966
7,3,1,6,pad,9683
7,3,1,7,pad,8965
7,3,1,8,pad,9602
7,3,1,9,pad,8964
3,2,1,10,pad,9041
3,2,1,12,pad,8430
3,2,1,13,pad,7487
3,2,1,14,pad,9361
3,2,1,15,pad,9360
3,2,1,16,pad,8207
3,2,1,17,pad,7488
3,2,1,18,pad,8206
3,2,1,19,pad,7733
3,2,1,20,pad,9043
3,2,1,21,pad,7732
3,2,1,23,pad,9044
3,2,1,24,pad,7237
3,2,1,25,pad,8431
3,2,1,26,pad,7489
3,2,1,27,pad,8208
3,2,1,28,pad,7490
3,2,1,29,pad,8209
3,2,1,30,pad,7735
3,2,1,31,pad,9045
3,2,1,32,pad,7734
3,2,1,33,pad,9046
3,2,1,34,pad,7240
3,2,1,35,pad,9042
3,2,1,36,pad,7492
3,2,1,37,pad,8204
3,2,1,38,pad,7491
3,2,1,39,pad,8205
3,2,1,40,pad,9359
3,2,1,41,pad,9451
3,2,1,42,pad,9450
3,2,1,43,pad,8428
3,2,1,44,pad,7736
3,2,1,46,pad,9040
3,2,1,47,pad,7737
3,2,1,48,pad,9039
3,2,1,49,pad,8196
3,2,1,50,pad,8203
3,2,1,51,pad,7966
3,2,1,52,pad,8202
3,2,1,53,pad,7967
3,2,1,54,pad,8425
3,2,1,55,pad,8422
3,2,1,57,pad,8201
3,2,1,58,pad,8199
3,2,1,59,pad,8200
3,2,1,60,pad,8198
3,2,1,61,pad,8423
3,2,1,62,pad,7968
3,2,1,63,pad,8840
3,2,1,64,pad,7969
3,2,1,65,pad,8839
3,2,1,66,pad,7971
3,2,1,67,pad,8631
3,2,0,0,pad,7970
3,2,0,1,pad,9538
3,2,0,2,pad,9537
3,2,0,3,pad,8632
3,2,0,4,pad,8197
3,2,0,5,pad,8416
3,2,0,6,pad,8420
3,2,0,7,pad,8842
3,2,0,8,pad,9269
3,2,0,9,pad,8841
3,2,0,10,pad,7965
3,2,0,12,pad,8633
3,2,0,13,pad,8195
3,2,0,14,pad,8634
3,2,0,15,pad,8194
3,2,0,16,pad,8418
3,2,0,17,pad,8417
3,2,0,18,pad,8843
3,2,0,19,pad,7962
3,2,0,20,pad,8844
3,2,0,21,pad,7963
3,2,0,23,pad,8636
3,2,0,24,pad,8193
3,2,0,25,pad,8635
3,2,0,26,pad,8192
3,2,0,27,pad,8419
3,2,0,28,pad,9536
3,2,0,29,pad,9622
3,2,0,30,pad,9621
3,2,0,31,pad,8845
3,2,0,32,pad,8415
3,2,0,33,pad,8846
3,2,0,34,pad,7235
3,2,0,35,pad,8638
3,2,0,36,pad,7731
3,2,0,37,pad,8637
3,2,0,38,pad,7730
3,2,0,39,pad,8421
3,2,0,40,pad,7485
3,2,0,41,pad,8848
3,2,0,42,pad,7486
3,2,0,43,pad,8847
3,2,0,44,pad,7234
3,2,0,46,pad,8639
3,2,0,47,pad,7729
3,2,0,48,pad,8640
3,2,0,49,pad,7728
3,2,0,50,pad,8424
3,2,0,51,pad,7483
3,2,0,52,pad,8850
3,2,0,53,pad,7484
3,2,0,54,pad,8849
3,2,0,55,pad,7232
3,2,0,57,pad,9703
3,2,0,58,pad,9702
3,2,0,59,pad,8641
3,2,0,60,pad,7726
3,2,0,61,pad,8642
3,2,0,62,pad,7727
3,2,0,63,pad,8426
3,2,0,64,pad,9701
3,2,0,65,pad,8851
3,2,0,66,pad,9780
3,2,0,67,pad,9781
3,2,3,0,pad,8186
3,2,3,1,pad,8189
3,2,3,2,pad,8183
3,2,3,3,pad,8191
3,2,3,4,pad,8180
3,2,3,5,pad,6964
3,2,3,6,pad,8184
3,2,3,7,pad,7223
3,2,3,8,pad,6421
3,2,3,9,pad,6965
3,2,3,10,pad,6691
3,2,3,12,pad,6700
3,2,3,13,pad,6957
3,2,3,14,pad,8412
3,2,3,15,pad,8406
3,2,3,16,pad,8409
3,2,3,17,pad,8407
3,2,3,18,pad,8414
3,2,3,19,pad,7215
3,2,3,20,pad,6699
3,2,3,21,pad,7468
3,2,3,23,pad,6701
3,2,3,24,pad,7712
3,2,3,25,pad,6702
3,2,3,26,pad,6959
3,2,3,27,pad,8413
3,2,3,28,pad,8408
3,2,3,29,pad,8411
3,2,3,30,pad,8405
3,2,3,31,pad,8410
3,2,3,32,pad,8404
3,2,3,33,pad,6967
3,2,3,34,pad,6694
3,2,3,35,pad,6966
3,2,3,36,pad,6693
3,2,3,37,pad,7225
3,2,3,38,pad,6422
3,2,3,39,pad,8629
3,2,3,40,pad,6958
3,2,3,41,pad,8627
3,2,3,42,pad,8621
3,2,3,43,pad,8626
3,2,3,44,pad,8624
3,2,3,46,pad,7718
3,2,3,47,pad,7217
3,2,3,48,pad,7719
3,2,3,49,pad,7953
3,2,3,50,pad,7474
3,2,3,51,pad,7715
3,2,3,52,pad,7473
3,2,3,53,pad,7714
3,2,3,54,pad,8625
3,2,3,55,pad,8623
3,2,3,57,pad,8628
3,2,3,58,pad,8622
3,2,3,59,pad,8630
3,2,3,60,pad,8619
3,2,3,61,pad,7221
3,2,3,62,pad,7469
3,2,3,63,pad,7721
3,2,3,64,pad,7470
3,2,3,65,pad,7720
3,2,3,66,pad,7218
3,2,3,67,pad,8838
3,2,2,0,pad,6425
3,2,2,1,pad,8836
3,2,2,2,pad,8830
3,2,2,3,pad,8833
3,2,2,4,pad,8831
3,2,2,5,pad,7475
3,2,2,6,pad,6696
3,2,2,7,pad,7476
3,2,2,8,pad,6695
3,2,2,9,pad,7224
3,2,2,10,pad,6960
3,2,2,12,pad,7723
3,2,2,13,pad,6961
3,2,2,14,pad,8834
3,2,2,15,pad,8829
3,2,2,16,pad,8835
3,2,2,17,pad,8828
3,2,2,18,pad,8837
3,2,2,19,pad,8832
3,2,2,20,pad,7722
3,2,2,21,pad,7220
3,2,2,23,pad,7477
3,2,2,24,pad,9708
3,2,2,25,pad,7478
3,2,2,26,pad,9709
3,2,2,27,pad,9037
3,2,2,28,pad,9710
3,2,2,29,pad,9035
3,2,2,30,pad,9029
3,2,2,31,pad,9034
3,2,2,32,pad,9032
3,2,2,33,pad,7226
3,2,2,34,pad,6427
3,2,2,35,pad,7227
3,2,2,36,pad,6698
3,2,2,37,pad,7479
3,2,2,38,pad,6697
3,2,2,39,pad,7480
3,2,2,40,pad,6962
3,2,2,41,pad,9036
3,2,2,42,pad,9031
3,2,2,43,pad,9033
3,2,2,44,pad,9030
3,2,2,46,pad,9038
3,2,2,47,pad,9027
3,2,2,48,pad,7959
3,2,2,49,pad,6963
3,2,2,50,pad,7958
3,2,2,51,pad,7716
3,2,2,52,pad,7961
3,2,2,53,pad,7717
3,2,2,54,pad,7960
3,2,2,55,pad,7472
3,2,2,57,pad,8190
3,2,2,58,pad,7471
3,2,2,59,pad,8188
3,2,2,60,pad,7219
3,2,2,61,pad,8187
3,2,2,62,pad,8182
3,2,2,63,pad,9175
3,2,2,64,pad,9174
3,2,2,65,pad,9176
3,2,2,66,pad,7952
3,2,2,67,pad,7725
3,2,1,0,pad,7951
3,2,1,1,pad,7724
3,2,1,2,pad,8185
3,2,1,3,pad,7229
3,2,1,4,pad,7955
3,2,1,5,pad,7481
3,2,1,6,pad,7954
3,2,1,7,pad,7482
3,2,1,8,pad,9173
3,2,1,9,pad,9268
3,3,1,10,pad,9014
3,3,1,12,pad,7447
3,3,1,13,pad,8377
3,3,1,14,pad,9358
3,3,1,15,pad,9357
3,3,1,16,pad,7448
3,3,1,17,pad,8154
3,3,1,18,pad,7693
3,3,1,19,pad,8155
3,3,1,20,pad,7692
3,3,1,21,pad,9011
3,3,1,23,pad,7194
3,3,1,24,pad,9012
3,3,1,25,pad,7446
3,3,1,26,pad,8375
3,3,1,27,pad,7445
3,3,1,28,pad,8152
3,3,1,29,pad,7690
3,3,1,30,pad,8153
3,3,1,31,pad,7691
3,3,1,32,pad,9010
3,3,1,33,pad,7192
3,3,1,34,pad,9009
3,3,1,35,pad,7444
3,3,1,36,pad,9013
3,3,1,37,pad,7443
3,3,1,38,pad,8156
3,3,1,39,pad,9449
3,3,1,40,pad,8157
3,3,1,41,pad,9448
3,3,1,42,pad,9447
3,3,1,43,pad,7688
3,3,1,44,pad,8380
3,3,1,46,pad,7689
3,3,1,47,pad,9016
3,3,1,48,pad,8164
3,3,1,49,pad,9015
3,3,1,50,pad,7934
3,3,1,51,pad,8158
3,3,1,52,pad,7935
3,3,1,53,pad,8159
3,3,1,54,pad,8385
3,3,1,55,pad,8382
3,3,1,57,pad,8162
3,3,1,58,pad,8161
3,3,1,59,pad,8163
3,3,1,60,pad,8160
3,3,1,61,pad,7933
3,3,1,62,pad,8383
3,3,1,63,pad,7932
3,3,1,64,pad,8816
3,3,1,65,pad,7931
3,3,1,66,pad,8815
3,3,1,67,pad,7930
3,3,0,0,pad,8607
3,3,0,1,pad,9535
3,3,0,2,pad,9534
3,3,0,3,pad,8165
3,3,0,4,pad,8608
3,3,0,5,pad,8388
3,3,0,6,pad,8392
3,3,0,7,pad,9265
3,3,0,8,pad,8813
3,3,0,9,pad,7936
3,3,0,10,pad,8814
3,3,0,12,pad,8166
3,3,0,13,pad,8606
3,3,0,14,pad,8167
3,3,0,15,pad,8605
3,3,0,16,pad,8390
3,3,0,17,pad,8389
3,3,0,18,pad,7938
3,3,0,19,pad,8811
3,3,0,20,pad,7939
3,3,0,21,pad,8812
3,3,0,23,pad,8169
3,3,0,24,pad,8604
3,3,0,25,pad,8168
3,3,0,26,pad,8603
3,3,0,27,pad,9620
3,3,0,28,pad,8387
3,3,0,29,pad,9619
3,3,0,30,pad,9618
3,3,0,31,pad,8391
3,3,0,32,pad,8810
3,3,0,33,pad,7195
3,3,0,34,pad,8809
3,3,0,35,pad,7694
3,3,0,36,pad,8601
3,3,0,37,pad,7695
3,3,0,38,pad,8602
3,3,0,39,pad,7450
3,3,0,40,pad,8386
3,3,0,41,pad,7449
3,3,0,42,pad,8808
3,3,0,43,pad,7197
3,3,0,44,pad,8807
3,3,0,46,pad,7697
3,3,0,47,pad,8599
3,3,0,48,pad,7696
3,3,0,49,pad,8600
3,3,0,50,pad,7451
3,3,0,51,pad,8384
3,3,0,52,pad,7452
3,3,0,53,pad,8805
3,3,0,54,pad,7200
3,3,0,55,pad,8806
3,3,0,57,pad,9700
3,3,0,58,pad,9699
3,3,0,59,pad,7699
3,3,0,60,pad,8598
3,3,0,61,pad,7698
3,3,0,62,pad,8597
3,3,0,63,pad,9779
3,3,0,64,pad,8381
3,3,0,65,pad,9778
3,3,0,66,pad,8803
3,3,0,67,pad,9777
3,3,3,0,pad,8175
3,3,3,1,pad,8178
3,3,3,2,pad,8173
3,3,3,3,pad,8181
3,3,3,4,pad,8170
3,3,3,5,pad,8176
3,3,3,6,pad,6948
3,3,3,7,pad,6420
3,3,3,8,pad,7207
3,3,3,9,pad,6692
3,3,3,10,pad,6949
3,3,3,12,pad,6956
3,3,3,13,pad,6684
3,3,3,14,pad,8401
3,3,3,15,pad,8396
3,3,3,16,pad,8399
3,3,3,17,pad,8398
3,3,3,18,pad,7216
3,3,3,19,pad,8393
3,3,3,20,pad,7467
3,3,3,21,pad,6683
3,3,3,23,pad,7713
3,3,3,24,pad,6682
3,3,3,25,pad,6954
3,3,3,26,pad,6681
3,3,3,27,pad,8400
3,3,3,28,pad,8394
3,3,3,29,pad,8402
3,3,3,30,pad,8395
3,3,3,31,pad,8403
3,3,3,32,pad,8397
3,3,3,33,pad,6689
3,3,3,34,pad,6946
3,3,3,35,pad,6690
3,3,3,36,pad,6947
3,3,3,37,pad,6419
3,3,3,38,pad,7206
3,3,3,39,pad,6955
3,3,3,40,pad,8610
3,3,3,41,pad,8618
3,3,3,42,pad,8611
3,3,3,43,pad,8616
3,3,3,44,pad,8613
3,3,3,46,pad,7214
3,3,3,47,pad,7707
3,3,3,48,pad,7948
3,3,3,49,pad,7706
3,3,3,50,pad,7710
3,3,3,51,pad,7461
3,3,3,52,pad,7711
3,3,3,53,pad,7462
3,3,3,54,pad,8615
3,3,3,55,pad,8614
3,3,3,57,pad,8617
3,3,3,58,pad,8612
3,3,3,59,pad,8620
3,3,3,60,pad,8609
3,3,3,61,pad,7466
3,3,3,62,pad,7210
3,3,3,63,pad,7465
3,3,3,64,pad,7705
3,3,3,65,pad,7213
3,3,3,66,pad,7704
3,3,3,67,pad,6417
3,3,2,0,pad,8817
3,3,2,1,pad,8825
3,3,2,2,pad,8820
3,3,2,3,pad,8823
3,3,2,4,pad,8822
3,3,2,5,pad,6688
3,3,2,6,pad,7459
3,3,2,7,pad,6687
3,3,2,8,pad,7460
3,3,2,9,pad,6952
3,3,2,10,pad,7208
3,3,2,12,pad,6953
3,3,2,13,pad,7702
3,3,2,14,pad,8826
3,3,2,15,pad,8821
3,3,2,16,pad,8827
3,3,2,17,pad,8819
3,3,2,18,pad,8824
3,3,2,19,pad,8818
3,3,2,20,pad,7212
3,3,2,21,pad,7703
3,3,2,23,pad,9694
3,3,2,24,pad,7458
3,3,2,25,pad,9693
3,3,2,26,pad,7457
3,3,2,27,pad,9692
3,3,2,28,pad,9018
3,3,2,29,pad,9026
3,3,2,30,pad,9019
3,3,2,31,pad,9024
3,3,2,32,pad,9021
3,3,2,33,pad,6414
3,3,2,34,pad,7205
3,3,2,35,pad,6685
3,3,2,36,pad,7203
3,3,2,37,pad,6686
3,3,2,38,pad,7455
3,3,2,39,pad,6951
3,3,2,40,pad,7456
3,3,2,41,pad,9023
3,3,2,42,pad,9020
3,3,2,43,pad,9025
3,3,2,44,pad,9022
3,3,2,46,pad,9028
3,3,2,47,pad,9017
3,3,2,48,pad,6950
3,3,2,49,pad,7943
3,3,2,50,pad,7708
3,3,2,51,pad,7942
3,3,2,52,pad,7709
3,3,2,53,pad,7940
3,3,2,54,pad,7464
3,3,2,55,pad,7941
3,3,2,57,pad,7463
3,3,2,58,pad,8171
3,3,2,59,pad,7211
3,3,2,60,pad,8172
3,3,2,61,pad,8179
3,3,2,62,pad,8174
3,3,2,63,pad,9172
3,3,2,64,pad,9171
3,3,2,65,pad,7949
3,3,2,66,pad,9170
3,3,2,67,pad,7950
3,3,1,0,pad,7701
3,3,1,1,pad,8177
3,3,1,2,pad,7700
3,3,1,3,pad,7947
3,3,1,4,pad,7202
3,3,1,5,pad,7946
3,3,1,6,pad,7454
3,3,1,7,pad,9267
3,3,1,8,pad,7453
3,3,1,9,pad,9266
1,3,1,10,pad,7651
1,3,1,12,pad,7896
1,3,1,13,pad,7890
1,3,1,14,pad,7894
1,3,1,15,pad,7884
1,3,1,16,pad,7895
1,3,1,17,pad,7889
1,3,1,18,pad,7893
1,3,1,19,pad,7880
1,3,1,20,pad,7897
1,3,1,21,pad,7887
1,3,1,23,pad,7891
1,3,1,24,pad,7878
1,3,1,25,pad,7898
1,3,1,26,pad,7877
1,3,1,27,pad,8124
1,3,1,28,pad,7888
1,3,1,29,pad,8123
1,3,1,30,pad,7875
1,3,1,31,pad,7892
1,3,1,32,pad,7886
1,3,1,33,pad,8121
1,3,1,34,pad,7872
1,3,1,35,pad,7660
1,3,1,36,pad,7870
1,3,1,37,pad,7659
1,3,1,38,pad,7885
1,3,1,39,pad,8118
1,3,1,40,pad,7869
1,3,1,41,pad,7657
1,3,1,42,pad,7883
1,3,1,43,pad,7655
1,3,1,44,pad,7867
1,3,1,46,pad,7654
1,3,1,47,pad,8116
1,3,1,48,pad,8120
1,3,1,49,pad,8115
1,3,1,50,pad,8119
1,3,1,51,pad,8108
1,3,1,52,pad,7653
1,3,1,53,pad,8113
1,3,1,54,pad,8117
1,3,1,55,pad,8107
1,3,1,57,pad,8114
1,3,1,58,pad,8110
1,3,1,59,pad,7652
1,3,1,60,pad,8105
1,3,1,61,pad,6364
1,3,1,62,pad,8102
1,3,1,63,pad,8342
1,3,1,64,pad,8112
1,3,1,65,pad,8340
1,3,1,66,pad,8100
1,3,1,67,pad,7159
1,3,0,0,pad,8099
1,3,0,1,pad,8337
1,3,0,2,pad,8111
1,3,0,3,pad,8335
1,3,0,4,pad,8106
1,3,0,5,pad,6900
1,3,0,6,pad,8109
1,3,0,7,pad,8339
1,3,0,8,pad,8104
1,3,0,9,pad,6901
1,3,0,10,pad,8103
1,3,0,12,pad,6636
1,3,0,13,pad,8334
1,3,0,14,pad,8338
1,3,0,15,pad,8101
1,3,0,16,pad,7158
1,3,0,17,pad,8332
1,3,0,18,pad,8336
1,3,0,19,pad,6897
1,3,0,20,pad,8333
1,3,0,21,pad,8329
1,3,0,23,pad,6899
1,3,0,24,pad,8327
1,3,0,25,pad,6898
1,3,0,26,pad,8326
1,3,0,27,pad,8554
1,3,0,28,pad,8331
1,3,0,29,pad,8552
1,3,0,30,pad,6632
1,3,0,31,pad,6633
1,3,0,32,pad,6631
1,3,0,33,pad,8549
1,3,0,34,pad,8330
1,3,0,35,pad,6634
1,3,0,36,pad,6896
1,3,0,37,pad,8547
1,3,0,38,pad,8328
1,3,0,39,pad,6635
1,3,0,40,pad,7153
1,3,0,41,pad,7156
1,3,0,42,pad,6894
1,3,0,43,pad,8550
1,3,0,44,pad,6895
1,3,0,46,pad,6630
1,3,0,47,pad,8546
1,3,0,48,pad,6629
1,3,0,49,pad,6627
1,3,0,50,pad,8548
1,3,0,51,pad,7150
1,3,0,52,pad,7151
1,3,0,53,pad,6891
1,3,0,54,pad,6892
1,3,0,55,pad,8545
1,3,0,57,pad,6625
1,3,0,58,pad,6893
1,3,0,59,pad,6626
1,3,0,60,pad,6628
1,3,0,61,pad,7148
1,3,0,62,pad,8544
1,3,0,63,pad,6889
1,3,0,64,pad,6890
1,3,0,65,pad,6888
1,3,0,66,pad,6624
1,3,0,67,pad,6623
1,3,3,0,pad,6388
1,3,3,1,pad,6664
1,3,3,2,pad,6387
1,3,3,3,pad,6661
1,3,3,4,pad,6391
1,3,3,5,pad,5845
1,3,3,6,pad,6385
1,3,3,7,pad,6659
1,3,3,8,pad,6389
1,3,3,9,pad,5556
1,3,3,10,pad,6386
1,3,3,12,pad,6124
1,3,3,13,pad,6384
1,3,3,14,pad,6662
1,3,3,15,pad,6658
1,3,3,16,pad,6390
1,3,3,17,pad,6382
1,3,3,18,pad,6660
1,3,3,19,pad,6656
1,3,3,20,pad,6392
1,3,3,21,pad,6383
1,3,3,23,pad,6125
1,3,3,24,pad,6653
1,3,3,25,pad,6657
1,3,3,26,pad,6651
1,3,3,27,pad,5843
1,3,3,28,pad,6380
1,3,3,29,pad,6126
1,3,3,30,pad,6655
1,3,3,31,pad,6925
1,3,3,32,pad,6381
1,3,3,33,pad,6393
1,3,3,34,pad,6654
1,3,3,35,pad,6922
1,3,3,36,pad,6103
1,3,3,37,pad,6394
1,3,3,38,pad,6652
1,3,3,39,pad,6920
1,3,3,40,pad,6650
1,3,3,41,pad,6919
1,3,3,42,pad,6379
1,3,3,43,pad,6395
1,3,3,44,pad,6649
1,3,3,46,pad,6923
1,3,3,47,pad,6378
1,3,3,48,pad,6397
1,3,3,49,pad,6100
1,3,3,50,pad,6921
1,3,3,51,pad,6917
1,3,3,52,pad,6396
1,3,3,53,pad,6121
1,3,3,54,pad,6399
1,3,3,55,pad,6914
1,3,3,57,pad,6918
1,3,3,58,pad,6122
1,3,3,59,pad,6916
1,3,3,60,pad,6912
1,3,3,61,pad,6400
1,3,3,62,pad,5554
1,3,3,63,pad,6398
1,3,3,64,pad,5844
1,3,3,65,pad,6666
1,3,3,66,pad,6915
1,3,3,67,pad,7177
1,3,2,0,pad,5841
1,3,2,1,pad,6648
1,3,2,2,pad,6913
1,3,2,3,pad,7175
1,3,2,4,pad,6647
1,3,2,5,pad,7174
1,3,2,6,pad,6910
1,3,2,7,pad,6376
1,3,2,8,pad,6377
1,3,2,9,pad,6098
1,3,2,10,pad,6911
1,3,2,12,pad,6646
1,3,2,13,pad,6099
1,3,2,14,pad,7176
1,3,2,15,pad,7172
1,3,2,16,pad,6645
1,3,2,17,pad,7169
1,3,2,18,pad,7173
1,3,2,19,pad,6375
1,3,2,20,pad,6374
1,3,2,21,pad,6908
1,3,2,23,pad,7171
1,3,2,24,pad,7167
1,3,2,25,pad,6097
1,3,2,26,pad,6909
1,3,2,27,pad,7166
1,3,2,28,pad,6644
1,3,2,29,pad,6907
1,3,2,30,pad,7170
1,3,2,31,pad,7425
1,3,2,32,pad,6643
1,3,2,33,pad,6906
1,3,2,34,pad,7168
1,3,2,35,pad,7423
1,3,2,36,pad,6372
1,3,2,37,pad,6641
1,3,2,38,pad,7165
1,3,2,39,pad,7422
1,3,2,40,pad,7163
1,3,2,41,pad,7420
1,3,2,42,pad,5266
1,3,2,43,pad,6642
1,3,2,44,pad,5265
1,3,2,46,pad,7424
1,3,2,47,pad,5267
1,3,2,48,pad,6371
1,3,2,49,pad,7164
1,3,2,50,pad,7421
1,3,2,51,pad,7417
1,3,2,52,pad,7161
1,3,2,53,pad,6905
1,3,2,54,pad,7419
1,3,2,55,pad,7415
1,3,2,57,pad,6902
1,3,2,58,pad,7414
1,3,2,59,pad,7418
1,3,2,60,pad,6904
1,3,2,61,pad,6903
1,3,2,62,pad,6639
1,3,2,63,pad,6638
1,3,2,64,pad,6640
1,3,2,65,pad,7666
1,3,2,66,pad,7416
1,3,2,67,pad,7664
1,3,1,0,pad,6369
1,3,1,1,pad,6637
1,3,1,2,pad,7413
1,3,1,3,pad,7663
1,3,1,4,pad,7658
1,3,1,5,pad,6366
1,3,1,6,pad,7411
1,3,1,7,pad,7661
1,3,1,8,pad,7656
1,3,1,9,pad,7662
1,2,1,10,pad,7899
1,2,1,12,pad,8132
1,2,1,13,pad,7901
1,2,1,14,pad,7919
1,2,1,15,pad,8131
1,2,1,16,pad,8135
1,2,1,17,pad,8129
1,2,1,18,pad,8133
1,2,1,19,pad,7204
1,2,1,20,pad,7681
1,2,1,21,pad,8126
1,2,1,23,pad,8130
1,2,1,24,pad,6945
1,2,1,25,pad,7680
1,2,1,26,pad,6944
1,2,1,27,pad,7435
1,2,1,28,pad,6679
1,2,1,29,pad,7916
1,2,1,30,pad,7902
1,2,1,31,pad,7678
1,2,1,32,pad,8128
1,2,1,33,pad,7679
1,2,1,34,pad,8127
1,2,1,35,pad,8353
1,2,1,36,pad,8125
1,2,1,37,pad,7914
1,2,1,38,pad,8122
1,2,1,39,pad,8351
1,2,1,40,pad,7904
1,2,1,41,pad,8350
1,2,1,42,pad,7907
1,2,1,43,pad,7921
1,2,1,44,pad,7909
1,2,1,46,pad,7683
1,2,1,47,pad,7910
1,2,1,48,pad,7682
1,2,1,49,pad,8140
1,2,1,50,pad,7437
1,2,1,51,pad,8348
1,2,1,52,pad,8352
1,2,1,53,pad,8345
1,2,1,54,pad,8349
1,2,1,55,pad,8343
1,2,1,57,pad,8347
1,2,1,58,pad,8139
1,2,1,59,pad,7439
1,2,1,60,pad,8137
1,2,1,61,pad,7440
1,2,1,62,pad,8134
1,2,1,63,pad,7685
1,2,1,64,pad,8142
1,2,1,65,pad,7684
1,2,1,66,pad,8145
1,2,1,67,pad,7441
1,2,0,0,pad,8346
1,2,0,1,pad,9164
1,2,0,2,pad,8344
1,2,0,3,pad,8563
1,2,0,4,pad,8341
1,2,0,5,pad,8562
1,2,0,6,pad,7915
1,2,0,7,pad,7442
1,2,0,8,pad,7912
1,2,0,9,pad,7687
1,2,0,10,pad,8144
1,2,0,12,pad,8147
1,2,0,13,pad,8143
1,2,0,14,pad,8148
1,2,0,15,pad,8141
1,2,0,16,pad,8150
1,2,0,17,pad,8557
1,2,0,18,pad,8561
1,2,0,19,pad,8560
1,2,0,20,pad,8559
1,2,0,21,pad,8555
1,2,0,23,pad,7686
1,2,0,24,pad,8138
1,2,0,25,pad,8146
1,2,0,26,pad,8136
1,2,0,27,pad,8149
1,2,0,28,pad,8356
1,2,0,29,pad,8151
1,2,0,30,pad,8358
1,2,0,31,pad,8369
1,2,0,32,pad,8558
1,2,0,33,pad,8372
1,2,0,34,pad,8556
1,2,0,35,pad,8767
1,2,0,36,pad,8553
1,2,0,37,pad,8766
1,2,0,38,pad,8551
1,2,0,39,pad,8764
1,2,0,40,pad,8359
1,2,0,41,pad,8374
1,2,0,42,pad,8361
1,2,0,43,pad,8769
1,2,0,44,pad,8364
1,2,0,46,pad,8564
1,2,0,47,pad,8366
1,2,0,48,pad,8765
1,2,0,49,pad,8367
1,2,0,50,pad,8565
1,2,0,51,pad,8761
1,2,0,52,pad,8354
1,2,0,53,pad,8759
1,2,0,54,pad,8355
1,2,0,55,pad,8758
1,2,0,57,pad,8763
1,2,0,58,pad,8961
1,2,0,59,pad,8762
1,2,0,60,pad,8959
1,2,0,61,pad,8568
1,2,0,62,pad,8960
1,2,0,63,pad,8963
1,2,0,64,pad,8760
1,2,0,65,pad,8566
1,2,0,66,pad,8757
1,2,0,67,pad,8962
1,2,3,0,pad,5850
1,2,3,1,pad,6418
1,2,3,2,pad,5847
1,2,3,3,pad,6140
1,2,3,4,pad,5855
1,2,3,5,pad,6141
1,2,3,6,pad,6665
1,2,3,7,pad,5856
1,2,3,8,pad,6405
1,2,3,9,pad,6933
1,2,3,10,pad,6127
1,2,3,12,pad,6930
1,2,3,13,pad,5852
1,2,3,14,pad,6935
1,2,3,15,pad,5853
1,2,3,16,pad,6936
1,2,3,17,pad,5857
1,2,3,18,pad,6667
1,2,3,19,pad,5849
1,2,3,20,pad,6934
1,2,3,21,pad,6134
1,2,3,23,pad,6932
1,2,3,24,pad,6928
1,2,3,25,pad,6668
1,2,3,26,pad,6135
1,2,3,27,pad,6931
1,2,3,28,pad,6143
1,2,3,29,pad,6929
1,2,3,30,pad,6927
1,2,3,31,pad,6663
1,2,3,32,pad,6413
1,2,3,33,pad,6670
1,2,3,34,pad,6404
1,2,3,35,pad,9001
1,2,3,36,pad,6128
1,2,3,37,pad,7191
1,2,3,38,pad,6926
1,2,3,39,pad,7190
1,2,3,40,pad,6129
1,2,3,41,pad,6669
1,2,3,42,pad,6924
1,2,3,43,pad,7188
1,2,3,44,pad,6407
1,2,3,46,pad,7185
1,2,3,47,pad,5559
1,2,3,48,pad,7920
1,2,3,49,pad,5561
1,2,3,50,pad,6938
1,2,3,51,pad,5562
1,2,3,52,pad,7189
1,2,3,53,pad,7673
1,2,3,54,pad,7187
1,2,3,55,pad,5564
1,2,3,57,pad,6673
1,2,3,58,pad,7183
1,2,3,59,pad,7186
1,2,3,60,pad,7182
1,2,3,61,pad,6674
1,2,3,62,pad,5567
1,2,3,63,pad,7184
1,2,3,64,pad,7180
1,2,3,65,pad,6675
1,2,3,66,pad,5851
1,2,3,67,pad,6406
1,2,2,0,pad,6136
1,2,2,1,pad,6409
1,2,2,2,pad,7181
1,2,2,3,pad,7438
1,2,2,4,pad,7179
1,2,2,5,pad,6677
1,2,2,6,pad,6137
1,2,2,7,pad,7436
1,2,2,8,pad,6415
1,2,2,9,pad,7433
1,2,2,10,pad,6408
1,2,2,12,pad,7431
1,2,2,13,pad,7178
1,2,2,14,pad,6411
1,2,2,15,pad,6130
1,2,2,16,pad,6412
1,2,2,17,pad,6131
1,2,2,18,pad,6403
1,2,2,19,pad,5846
1,2,2,20,pad,6671
1,2,2,21,pad,7430
1,2,2,23,pad,7434
1,2,2,24,pad,5854
1,2,2,25,pad,6672
1,2,2,26,pad,6139
1,2,2,27,pad,7432
1,2,2,28,pad,5565
1,2,2,29,pad,7429
1,2,2,30,pad,7428
1,2,2,31,pad,6940
1,2,2,32,pad,5563
1,2,2,33,pad,6939
1,2,2,34,pad,5560
1,2,2,35,pad,6941
1,2,2,36,pad,6138
1,2,2,37,pad,6676
1,2,2,38,pad,7427
1,2,2,39,pad,6937
1,2,2,40,pad,6416
1,2,2,41,pad,7677
1,2,2,42,pad,7426
1,2,2,43,pad,7674
1,2,2,44,pad,6410
1,2,2,46,pad,7672
1,2,2,47,pad,6401
1,2,2,48,pad,7198
1,2,2,49,pad,6132
1,2,2,50,pad,7199
1,2,2,51,pad,6133
1,2,2,52,pad,6678
1,2,2,53,pad,7671
1,2,2,54,pad,7675
1,2,2,55,pad,6402
1,2,2,57,pad,7676
1,2,2,58,pad,7669
1,2,2,59,pad,7670
1,2,2,60,pad,5269
1,2,2,61,pad,7668
1,2,2,62,pad,5268
1,2,2,63,pad,6943
1,2,2,64,pad,5848
1,2,2,65,pad,6942
1,2,2,66,pad,7905
1,2,2,67,pad,7201
1,2,1,0,pad,7903
1,2,1,1,pad,6680
1,2,1,2,pad,7900
1,2,1,3,pad,7911
1,2,1,4,pad,7906
1,2,1,5,pad,7913
1,2,1,6,pad,7667
1,2,1,7,pad,7908
1,2,1,8,pad,7665
1,2,1,9,pad,9165
8,0,1,10,pad,9231
8,0,1,12,pad,9325
8,0,1,13,pad,9145
8,0,1,14,pad,9324
8,0,1,15,pad,9146
8,0,1,16,pad,9326
8,0,1,17,pad,9147
8,0,1,18,pad,9327
8,0,1,19,pad,9230
8,0,1,20,pad,9328
8,0,1,21,pad,9148
8,0,1,23,pad,9329
8,0,1,24,pad,9149
8,0,1,25,pad,9323
8,0,1,26,pad,9150
8,0,1,27,pad,9330
8,0,1,28,pad,9151
8,0,1,29,pad,9331
8,0,1,30,pad,9152
8,0,1,31,pad,9332
8,0,1,32,pad,9232
8,0,1,33,pad,9333
8,0,1,34,pad,9233
8,0,1,35,pad,9322
8,0,1,36,pad,9234
8,0,1,37,pad,9334
8,0,1,38,pad,9235
8,0,1,39,pad,9335
8,0,1,40,pad,9236
8,0,1,41,pad,9424
8,0,1,42,pad,9237
8,0,1,43,pad,9423
8,0,1,44,pad,9238
8,0,1,46,pad,9422
8,0,1,47,pad,9239
8,0,1,48,pad,9421
8,0,1,49,pad,9321
8,0,1,50,pad,9420
8,0,1,51,pad,9240
8,0,1,52,pad,9419
8,0,1,53,pad,9241
8,0,1,54,pad,9418
8,0,1,55,pad,9242
8,0,1,57,pad,9417
8,0,1,58,pad,9243
8,0,1,59,pad,9416
8,0,1,60,pad,9244
8,0,1,61,pad,9415
8,0,1,62,pad,9320
8,0,1,63,pad,9414
8,0,1,64,pad,9245
8,0,1,65,pad,9413
8,0,1,66,pad,9584
8,0,1,67,pad,9411
8,0,0,0,pad,9585
8,0,0,1,pad,9412
8,0,0,2,pad,9583
8,0,0,3,pad,9510
8,0,0,4,pad,9582
8,0,0,5,pad,9509
8,0,0,6,pad,9581
8,0,0,7,pad,9508
8,0,0,8,pad,9580
8,0,0,9,pad,9410
8,0,0,10,pad,9136
8,0,0,12,pad,9507
8,0,0,13,pad,9586
8,0,0,14,pad,9506
8,0,0,15,pad,9587
8,0,0,16,pad,9505
8,0,0,17,pad,9588
8,0,0,18,pad,9504
8,0,0,19,pad,9589
8,0,0,20,pad,9503
8,0,0,21,pad,9590
8,0,0,23,pad,9502
8,0,0,24,pad,9409
8,0,0,25,pad,9501
8,0,0,26,pad,9591
8,0,0,27,pad,9500
8,0,0,28,pad,9592
8,0,0,29,pad,9499
8,0,0,30,pad,9593
8,0,0,31,pad,9498
8,0,0,32,pad,9663
8,0,0,33,pad,9497
8,0,0,34,pad,9749
8,0,0,35,pad,9672
8,0,0,36,pad,9408
8,0,0,37,pad,9671
8,0,0,38,pad,9748
8,0,0,39,pad,9496
8,0,0,40,pad,9747
8,0,0,41,pad,9670
8,0,0,42,pad,9746
8,0,0,43,pad,9669
8,0,0,44,pad,9745
8,0,0,46,pad,9668
8,0,0,47,pad,9744
8,0,0,48,pad,9667
8,0,0,49,pad,9743
8,0,0,50,pad,9666
8,0,0,51,pad,9742
8,0,0,52,pad,9495
8,0,0,53,pad,9892
8,0,0,54,pad,9665
8,0,0,55,pad,9891
8,0,0,57,pad,9664
8,0,0,58,pad,9818
8,0,0,59,pad,9823
8,0,0,60,pad,9741
8,0,0,61,pad,9822
8,0,0,62,pad,9662
8,0,0,63,pad,9821
8,0,0,64,pad,9579
8,0,0,65,pad,9820
8,0,0,66,pad,9494
8,0,0,67,pad,9819
8,0,3,0,pad,8537
8,0,3,1,pad,7154
8,0,3,2,pad,7120
8,0,3,3,pad,8538
8,0,3,4,pad,7118
8,0,3,5,pad,8539
8,0,3,6,pad,7119
8,0,3,7,pad,8540
8,0,3,8,pad,7121
8,0,3,9,pad,8541
8,0,3,10,pad,7122
8,0,3,12,pad,8542
8,0,3,13,pad,8536
8,0,3,14,pad,8543
8,0,3,15,pad,7374
8,0,3,16,pad,8748
8,0,3,17,pad,7124
8,0,3,18,pad,7155
8,0,3,19,pad,7123
8,0,3,20,pad,7157
8,0,3,21,pad,7375
8,0,3,23,pad,7160
8,0,3,24,pad,7376
8,0,3,25,pad,7162
8,0,3,26,pad,7126
8,0,3,27,pad,7391
8,0,3,28,pad,7125
8,0,3,29,pad,8747
8,0,3,30,pad,7377
8,0,3,31,pad,7393
8,0,3,32,pad,7378
8,0,3,33,pad,7396
8,0,3,34,pad,7623
8,0,3,35,pad,7398
8,0,3,36,pad,7127
8,0,3,37,pad,7399
8,0,3,38,pad,7128
8,0,3,39,pad,8749
8,0,3,40,pad,7380
8,0,3,41,pad,8750
8,0,3,42,pad,8746
8,0,3,43,pad,8751
8,0,3,44,pad,7379
8,0,3,46,pad,8752
8,0,3,47,pad,7624
8,0,3,48,pad,8753
8,0,3,49,pad,7625
8,0,3,50,pad,8754
8,0,3,51,pad,7130
8,0,3,52,pad,8755
8,0,3,53,pad,7382
8,0,3,54,pad,8756
8,0,3,55,pad,8745
8,0,3,57,pad,7401
8,0,3,58,pad,7381
8,0,3,59,pad,8949
8,0,3,60,pad,7626
8,0,3,61,pad,7404
8,0,3,62,pad,7627
8,0,3,63,pad,7406
8,0,3,64,pad,7865
8,0,3,65,pad,7407
8,0,3,66,pad,7383
8,0,3,67,pad,7409
8,0,2,0,pad,8744
8,0,2,1,pad,7412
8,0,2,2,pad,7384
8,0,2,3,pad,8948
8,0,2,4,pad,7629
8,0,2,5,pad,7402
8,0,2,6,pad,7628
8,0,2,7,pad,7403
8,0,2,8,pad,7866
8,0,2,9,pad,7405
8,0,2,10,pad,7385
8,0,2,12,pad,7408
8,0,2,13,pad,7386
8,0,2,14,pad,7410
8,0,2,15,pad,7631
8,0,2,16,pad,8947
8,0,2,17,pad,7630
8,0,2,18,pad,8950
8,0,2,19,pad,7868
8,0,2,20,pad,8951
8,0,2,21,pad,7388
8,0,2,23,pad,8952
8,0,2,24,pad,7387
8,0,2,25,pad,8953
8,0,2,26,pad,7632
8,0,2,27,pad,8954
8,0,2,28,pad,7633
8,0,2,29,pad,8955
8,0,2,30,pad,8946
8,0,2,31,pad,8956
8,0,2,32,pad,7871
8,0,2,33,pad,8957
8,0,2,34,pad,7389
8,0,2,35,pad,8958
8,0,2,36,pad,7634
8,0,2,37,pad,7639
8,0,2,38,pad,7635
8,0,2,39,pad,7640
8,0,2,40,pad,8945
8,0,2,41,pad,7642
8,0,2,42,pad,7873
8,0,2,43,pad,7645
8,0,2,44,pad,7390
8,0,2,46,pad,9141
8,0,2,47,pad,7637
8,0,2,48,pad,7647
8,0,2,49,pad,7636
8,0,2,50,pad,7648
8,0,2,51,pad,7392
8,0,2,52,pad,7650
8,0,2,53,pad,7394
8,0,2,54,pad,7638
8,0,2,55,pad,7395
8,0,2,57,pad,7641
8,0,2,58,pad,7397
8,0,2,59,pad,9140
8,0,2,60,pad,7400
8,0,2,61,pad,7643
8,0,2,62,pad,7149
8,0,2,63,pad,7644
8,0,2,64,pad,7152
8,0,2,65,pad,7646
8,0,2,66,pad,9137
8,0,2,67,pad,7649
8,0,1,0,pad,9142
8,0,1,1,pad,7874
8,0,1,2,pad,9139
8,0,1,3,pad,7876
8,0,1,4,pad,9143
8,0,1,5,pad,7879
8,0,1,6,pad,9144
8,0,1,7,pad,7881
8,0,1,8,pad,9138
8,0,1,9,pad,7882
8,1,1,10,pad,8940
8,1,1,12,pad,7357
8,1,1,13,pad,8737
8,1,1,14,pad,7102
8,1,1,15,pad,9135
8,1,1,16,pad,7356
8,1,1,17,pad,8526
8,1,1,18,pad,7604
8,1,1,19,pad,8307
8,1,1,20,pad,7845
8,1,1,21,pad,8306
8,1,1,23,pad,8078
8,1,1,24,pad,8525
8,1,1,25,pad,7355
8,1,1,26,pad,8736
8,1,1,27,pad,7603
8,1,1,28,pad,9134
8,1,1,29,pad,7844
8,1,1,30,pad,8939
8,1,1,31,pad,9229
8,1,1,32,pad,8305
8,1,1,33,pad,8077
8,1,1,34,pad,8524
8,1,1,35,pad,7599
8,1,1,36,pad,8735
8,1,1,37,pad,7840
8,1,1,38,pad,8938
8,1,1,39,pad,8073
8,1,1,40,pad,9133
8,1,1,41,pad,8299
8,1,1,42,pad,8304
8,1,1,43,pad,9228
8,1,1,44,pad,8523
8,1,1,46,pad,8518
8,1,1,47,pad,8734
8,1,1,48,pad,8729
8,1,1,49,pad,8937
8,1,1,50,pad,8932
8,1,1,51,pad,9132
8,1,1,52,pad,9127
8,1,1,53,pad,8303
8,1,1,54,pad,9221
8,1,1,55,pad,8522
8,1,1,57,pad,7598
8,1,1,58,pad,8733
8,1,1,59,pad,7839
8,1,1,60,pad,8936
8,1,1,61,pad,8072
8,1,1,62,pad,9131
8,1,1,63,pad,8298
8,1,1,64,pad,7354
8,1,1,65,pad,8517
8,1,1,66,pad,7602
8,1,1,67,pad,8728
8,1,0,0,pad,9226
8,1,0,1,pad,8931
8,1,0,2,pad,7843
8,1,0,3,pad,7597
8,1,0,4,pad,8076
8,1,0,5,pad,9319
8,1,0,6,pad,8302
8,1,0,7,pad,7838
8,1,0,8,pad,8521
8,1,0,9,pad,8071
8,1,0,10,pad,8732
8,1,0,12,pad,8297
8,1,0,13,pad,9225
8,1,0,14,pad,8516
8,1,0,15,pad,8935
8,1,0,16,pad,9318
8,1,0,17,pad,9130
8,1,0,18,pad,9314
8,1,0,19,pad,7353
8,1,0,20,pad,9126
8,1,0,21,pad,7601
8,1,0,23,pad,8727
8,1,0,24,pad,9224
8,1,0,25,pad,7596
8,1,0,26,pad,7842
8,1,0,27,pad,7837
8,1,0,28,pad,8075
8,1,0,29,pad,8070
8,1,0,30,pad,8301
8,1,0,31,pad,8296
8,1,0,32,pad,8520
8,1,0,33,pad,8515
8,1,0,34,pad,8731
8,1,0,35,pad,7595
8,1,0,36,pad,8934
8,1,0,37,pad,7836
8,1,0,38,pad,9129
8,1,0,39,pad,8069
8,1,0,40,pad,9223
8,1,0,41,pad,8295
8,1,0,42,pad,9316
8,1,0,43,pad,8930
8,1,0,44,pad,7352
8,1,0,46,pad,8726
8,1,0,47,pad,7600
8,1,0,48,pad,9407
8,1,0,49,pad,7841
8,1,0,50,pad,8514
8,1,0,51,pad,8074
8,1,0,52,pad,7594
8,1,0,53,pad,8300
8,1,0,54,pad,7835
8,1,0,55,pad,9315
8,1,0,57,pad,9405
8,1,0,58,pad,8519
8,1,0,59,pad,9406
8,1,0,60,pad,8730
8,1,0,61,pad,8068
8,1,0,62,pad,8933
8,1,0,63,pad,7593
8,1,0,64,pad,9128
8,1,0,65,pad,7834
8,1,0,66,pad,9222
8,1,0,67,pad,8294
8,1,3,0,pad,8091
8,1,3,1,pad,8317
8,1,3,2,pad,8090
8,1,3,3,pad,8318
8,1,3,4,pad,8089
8,1,3,5,pad,8319
8,1,3,6,pad,8088
8,1,3,7,pad,8320
8,1,3,8,pad,8316
8,1,3,9,pad,8321
8,1,3,10,pad,8092
8,1,3,12,pad,8322
8,1,3,13,pad,8093
8,1,3,14,pad,8323
8,1,3,15,pad,8094
8,1,3,16,pad,8324
8,1,3,17,pad,8095
8,1,3,18,pad,8325
8,1,3,19,pad,8096
8,1,3,20,pad,6617
8,1,3,21,pad,8315
8,1,3,23,pad,6882
8,1,3,24,pad,8097
8,1,3,25,pad,8535
8,1,3,26,pad,8098
8,1,3,27,pad,6883
8,1,3,28,pad,7134
8,1,3,29,pad,7142
8,1,3,30,pad,6875
8,1,3,31,pad,7141
8,1,3,32,pad,8314
8,1,3,33,pad,6620
8,1,3,34,pad,6874
8,1,3,35,pad,6885
8,1,3,36,pad,6609
8,1,3,37,pad,8534
8,1,3,38,pad,7131
8,1,3,39,pad,6884
8,1,3,40,pad,7132
8,1,3,41,pad,7143
8,1,3,42,pad,6873
8,1,3,43,pad,7144
8,1,3,44,pad,6872
8,1,3,46,pad,6622
8,1,3,47,pad,6607
8,1,3,48,pad,6887
8,1,3,49,pad,7129
8,1,3,50,pad,8533
8,1,3,51,pad,6870
8,1,3,52,pad,6886
8,1,3,53,pad,6871
8,1,3,54,pad,7145
8,1,3,55,pad,6606
8,1,3,57,pad,7146
8,1,3,58,pad,6868
8,1,3,59,pad,7147
8,1,3,60,pad,6869
8,1,3,61,pad,7139
8,1,3,62,pad,6867
8,1,3,63,pad,7140
8,1,3,64,pad,8532
8,1,3,65,pad,6881
8,1,3,66,pad,6866
8,1,3,67,pad,6880
8,1,2,0,pad,6865
8,1,2,1,pad,6615
8,1,2,2,pad,6864
8,1,2,3,pad,7138
8,1,2,4,pad,6862
8,1,2,5,pad,7137
8,1,2,6,pad,8531
8,1,2,7,pad,6878
8,1,2,8,pad,6863
8,1,2,9,pad,8743
8,1,2,10,pad,6860
8,1,2,12,pad,6879
8,1,2,13,pad,6861
8,1,2,14,pad,6614
8,1,2,15,pad,6858
8,1,2,16,pad,7136
8,1,2,17,pad,6859
8,1,2,18,pad,7135
8,1,2,19,pad,6857
8,1,2,20,pad,6876
8,1,2,21,pad,7864
8,1,2,23,pad,8742
8,1,2,24,pad,7863
8,1,2,25,pad,6877
8,1,2,26,pad,7862
8,1,2,27,pad,6612
8,1,2,28,pad,7861
8,1,2,29,pad,7133
8,1,2,30,pad,7860
8,1,2,31,pad,8739
8,1,2,32,pad,7859
8,1,2,33,pad,8528
8,1,2,34,pad,7858
8,1,2,35,pad,8309
8,1,2,36,pad,8741
8,1,2,37,pad,8083
8,1,2,38,pad,7857
8,1,2,39,pad,7850
8,1,2,40,pad,7856
8,1,2,41,pad,8738
8,1,2,42,pad,7855
8,1,2,43,pad,8527
8,1,2,44,pad,8530
8,1,2,46,pad,8308
8,1,2,47,pad,8313
8,1,2,48,pad,8082
8,1,2,49,pad,8740
8,1,2,50,pad,7849
8,1,2,51,pad,8312
8,1,2,52,pad,8944
8,1,2,53,pad,8311
8,1,2,54,pad,7608
8,1,2,55,pad,8087
8,1,2,57,pad,8941
8,1,2,58,pad,8086
8,1,2,59,pad,8081
8,1,2,60,pad,8085
8,1,2,61,pad,7848
8,1,2,62,pad,7854
8,1,2,63,pad,7607
8,1,2,64,pad,7853
8,1,2,65,pad,8943
8,1,2,66,pad,7852
8,1,2,67,pad,8080
8,1,1,0,pad,8529
8,1,1,1,pad,7847
8,1,1,2,pad,8310
8,1,1,3,pad,7606
8,1,1,4,pad,8084
8,1,1,5,pad,8079
8,1,1,6,pad,7851
8,1,1,7,pad,7846
8,1,1,8,pad,8942
8,1,1,9,pad,7605
4,0,1,10,pad,5258
4,0,1,12,pad,6851
4,0,1,13,pad,5260
4,0,1,14,pad,6850
4,0,1,15,pad,5538
4,0,1,16,pad,6361
4,0,1,17,pad,5540
4,0,1,18,pad,6360
4,0,1,19,pad,5543
4,0,1,20,pad,6363
4,0,1,21,pad,5261
4,0,1,23,pad,6362
4,0,1,24,pad,5263
4,0,1,25,pad,6365
4,0,1,26,pad,6618
4,0,1,27,pad,6367
4,0,1,28,pad,6619
4,0,1,29,pad,6368
4,0,1,30,pad,6849
4,0,1,31,pad,6370
4,0,1,32,pad,6350
4,0,1,33,pad,6373
4,0,1,34,pad,6353
4,0,1,35,pad,5546
4,0,1,36,pad,6355
4,0,1,37,pad,7111
4,0,1,38,pad,6356
4,0,1,39,pad,5548
4,0,1,40,pad,6358
4,0,1,41,pad,5551
4,0,1,42,pad,6621
4,0,1,43,pad,5553
4,0,1,44,pad,6848
4,0,1,46,pad,5555
4,0,1,47,pad,5828
4,0,1,48,pad,5557
4,0,1,49,pad,5829
4,0,1,50,pad,5558
4,0,1,51,pad,5830
4,0,1,52,pad,7110
4,0,1,53,pad,5827
4,0,1,54,pad,5842
4,0,1,55,pad,5831
4,0,1,57,pad,5840
4,0,1,58,pad,5832
4,0,1,59,pad,6102
4,0,1,60,pad,6847
4,0,1,61,pad,6104
4,0,1,62,pad,5834
4,0,1,63,pad,6105
4,0,1,64,pad,5835
4,0,1,65,pad,6107
4,0,1,66,pad,5836
4,0,1,67,pad,7109
4,0,0,0,pad,5837
4,0,0,1,pad,6109
4,0,0,2,pad,5839
4,0,0,3,pad,6110
4,0,0,4,pad,5838
4,0,0,5,pad,6106
4,0,0,6,pad,6846
4,0,0,7,pad,6108
4,0,0,8,pad,5549
4,0,0,9,pad,6111
4,0,0,10,pad,5550
4,0,0,12,pad,6113
4,0,0,13,pad,5552
4,0,0,14,pad,7108
4,0,0,15,pad,7370
4,0,0,16,pad,6114
4,0,0,17,pad,7103
4,0,0,18,pad,6115
4,0,0,19,pad,7104
4,0,0,20,pad,6116
4,0,0,21,pad,6845
4,0,0,23,pad,6117
4,0,0,24,pad,7371
4,0,0,25,pad,6119
4,0,0,26,pad,7372
4,0,0,27,pad,6118
4,0,0,28,pad,7373
4,0,0,29,pad,7107
4,0,0,30,pad,7609
4,0,0,31,pad,6120
4,0,0,32,pad,7359
4,0,0,33,pad,6123
4,0,0,34,pad,7610
4,0,0,35,pad,7112
4,0,0,36,pad,7611
4,0,0,37,pad,7113
4,0,0,38,pad,7612
4,0,0,39,pad,7114
4,0,0,40,pad,7613
4,0,0,41,pad,7115
4,0,0,42,pad,7614
4,0,0,43,pad,7116
4,0,0,44,pad,7106
4,0,0,46,pad,7117
4,0,0,47,pad,7615
4,0,0,48,pad,7361
4,0,0,49,pad,7616
4,0,0,50,pad,7362
4,0,0,51,pad,7617
4,0,0,52,pad,7363
4,0,0,53,pad,7358
4,0,0,54,pad,7364
4,0,0,55,pad,7622
4,0,0,57,pad,7365
4,0,0,58,pad,7621
4,0,0,59,pad,7366
4,0,0,60,pad,7105
4,0,0,61,pad,7367
4,0,0,62,pad,7620
4,0,0,63,pad,7368
4,0,0,64,pad,7619
4,0,0,65,pad,7369
4,0,0,66,pad,7618
4,0,0,67,pad,7360
4,0,3,0,pad,6075
4,0,3,1,pad,6347
4,0,3,2,pad,6346
4,0,3,3,pad,6348
4,0,3,4,pad,6344
4,0,3,5,pad,6345
4,0,3,6,pad,6343
4,0,3,7,pad,6359
4,0,3,8,pad,6066
4,0,3,9,pad,6616
4,0,3,10,pad,6065
4,0,3,12,pad,6342
4,0,3,13,pad,6063
4,0,3,14,pad,6082
4,0,3,15,pad,6068
4,0,3,16,pad,6613
4,0,3,17,pad,6341
4,0,3,18,pad,6083
4,0,3,19,pad,6071
4,0,3,20,pad,6081
4,0,3,21,pad,6340
4,0,3,23,pad,6080
4,0,3,24,pad,6073
4,0,3,25,pad,6611
4,0,3,26,pad,6338
4,0,3,27,pad,5798
4,0,3,28,pad,6339
4,0,3,29,pad,6084
4,0,3,30,pad,6074
4,0,3,31,pad,6085
4,0,3,32,pad,6351
4,0,3,33,pad,6610
4,0,3,34,pad,6336
4,0,3,35,pad,5800
4,0,3,36,pad,6337
4,0,3,37,pad,6087
4,0,3,38,pad,6349
4,0,3,39,pad,6608
4,0,3,40,pad,6335
4,0,3,41,pad,6086
4,0,3,42,pad,6352
4,0,3,43,pad,5801
4,0,3,44,pad,6334
4,0,3,46,pad,6089
4,0,3,47,pad,6333
4,0,3,48,pad,6605
4,0,3,49,pad,6354
4,0,3,50,pad,6092
4,0,3,51,pad,6332
4,0,3,52,pad,6088
4,0,3,53,pad,6076
4,0,3,54,pad,6603
4,0,3,55,pad,6330
4,0,3,57,pad,5803
4,0,3,58,pad,6077
4,0,3,59,pad,6604
4,0,3,60,pad,6331
4,0,3,61,pad,6090
4,0,3,62,pad,6328
4,0,3,63,pad,6602
4,0,3,64,pad,6357
4,0,3,65,pad,6091
4,0,3,66,pad,6329
4,0,3,67,pad,6601
4,0,2,0,pad,6079
4,0,2,1,pad,5806
4,0,2,2,pad,6078
4,0,2,3,pad,6600
4,0,2,4,pad,6112
4,0,2,5,pad,6599
4,0,2,6,pad,6326
4,0,2,7,pad,6093
4,0,2,8,pad,5833
4,0,2,9,pad,5822
4,0,2,10,pad,6597
4,0,2,12,pad,6094
4,0,2,13,pad,6324
4,0,2,14,pad,6598
4,0,2,15,pad,6072
4,0,2,16,pad,5529
4,0,2,17,pad,9336
4,0,2,18,pad,5821
4,0,2,19,pad,6595
4,0,2,20,pad,6596
4,0,2,21,pad,6323
4,0,2,23,pad,5530
4,0,2,24,pad,9317
4,0,2,25,pad,5824
4,0,2,26,pad,6594
4,0,2,27,pad,5823
4,0,2,28,pad,6321
4,0,2,29,pad,6593
4,0,2,30,pad,9227
4,0,2,31,pad,5532
4,0,2,32,pad,6592
4,0,2,33,pad,5535
4,0,2,34,pad,5810
4,0,2,35,pad,6591
4,0,2,36,pad,6318
4,0,2,37,pad,5825
4,0,2,38,pad,5809
4,0,2,39,pad,5826
4,0,2,40,pad,6589
4,0,2,41,pad,6856
4,0,2,42,pad,5812
4,0,2,43,pad,6590
4,0,2,44,pad,5808
4,0,2,46,pad,5811
4,0,2,47,pad,5814
4,0,2,48,pad,6855
4,0,2,49,pad,6587
4,0,2,50,pad,5813
4,0,2,51,pad,5545
4,0,2,52,pad,6588
4,0,2,53,pad,5541
4,0,2,54,pad,5816
4,0,2,55,pad,6586
4,0,2,57,pad,5815
4,0,2,58,pad,5542
4,0,2,59,pad,6854
4,0,2,60,pad,5253
4,0,2,61,pad,5817
4,0,2,62,pad,5255
4,0,2,63,pad,5818
4,0,2,64,pad,5264
4,0,2,65,pad,5820
4,0,2,66,pad,6585
4,0,2,67,pad,5819
4,0,1,0,pad,5537
4,0,1,1,pad,6101
4,0,1,2,pad,5544
4,0,1,3,pad,6096
4,0,1,4,pad,5547
4,0,1,5,pad,6853
4,0,1,6,pad,6583
4,0,1,7,pad,6095
4,0,1,8,pad,6584
4,0,1,9,pad,6852
4,1,1,10,pad,6308
4,1,1,12,pad,6582
4,1,1,13,pad,6307
4,1,1,14,pad,5206
4,1,1,15,pad,72
4,1,1,16,pad,5501
4,1,1,17,pad,73
4,1,1,18,pad,5204
4,1,1,19,pad,70
4,1,1,20,pad,6581
4,1,1,21,pad,5183
4,1,1,23,pad,5502
4,1,1,24,pad,69
4,1,1,25,pad,5504
4,1,1,26,pad,5187
4,1,1,27,pad,5203
4,1,1,28,pad,6306
4,1,1,29,pad,5201
4,1,1,30,pad,5185
4,1,1,31,pad,5499
4,1,1,32,pad,5190
4,1,1,33,pad,5202
4,1,1,34,pad,67
4,1,1,35,pad,80
4,1,1,36,pad,5470
4,1,1,37,pad,6580
4,1,1,38,pad,68
4,1,1,39,pad,5498
4,1,1,40,pad,5746
4,1,1,41,pad,5200
4,1,1,42,pad,6305
4,1,1,43,pad,5199
4,1,1,44,pad,5184
4,1,1,46,pad,78
4,1,1,47,pad,5457
4,1,1,48,pad,5496
4,1,1,49,pad,65
4,1,1,50,pad,6579
4,1,1,51,pad,5192
4,1,1,52,pad,5198
4,1,1,53,pad,66
4,1,1,54,pad,5497
4,1,1,55,pad,363
4,1,1,57,pad,75
4,1,1,58,pad,6304
4,1,1,59,pad,5197
4,1,1,60,pad,5477
4,1,1,61,pad,5494
4,1,1,62,pad,5478
4,1,1,63,pad,5195
4,1,1,64,pad,5480
4,1,1,65,pad,6578
4,1,1,66,pad,5483
4,1,1,67,pad,5495
4,1,0,0,pad,5485
4,1,0,1,pad,5492
4,1,0,2,pad,5474
4,1,0,3,pad,5490
4,1,0,4,pad,5194
4,1,0,5,pad,5489
4,1,0,6,pad,5476
4,1,0,7,pad,5487
4,1,0,8,pad,5196
4,1,0,9,pad,5484
4,1,0,10,pad,5479
4,1,0,12,pad,5493
4,1,0,13,pad,6577
4,1,0,14,pad,5491
4,1,0,15,pad,5759
4,1,0,16,pad,5468
4,1,0,17,pad,6035
4,1,0,18,pad,5751
4,1,0,19,pad,5760
4,1,0,20,pad,5754
4,1,0,21,pad,5758
4,1,0,23,pad,5756
4,1,0,24,pad,5762
4,1,0,25,pad,5466
4,1,0,26,pad,6032
4,1,0,27,pad,5191
4,1,0,28,pad,6576
4,1,0,29,pad,5189
4,1,0,30,pad,5764
4,1,0,31,pad,5465
4,1,0,32,pad,5473
4,1,0,33,pad,5749
4,1,0,34,pad,5765
4,1,0,35,pad,5188
4,1,0,36,pad,6028
4,1,0,37,pad,6844
4,1,0,38,pad,5767
4,1,0,39,pad,5463
4,1,0,40,pad,5471
4,1,0,41,pad,5475
4,1,0,42,pad,6575
4,1,0,43,pad,5745
4,1,0,44,pad,5770
4,1,0,46,pad,5186
4,1,0,47,pad,6030
4,1,0,48,pad,5748
4,1,0,49,pad,5755
4,1,0,50,pad,6843
4,1,0,51,pad,6029
4,1,0,52,pad,5460
4,1,0,53,pad,5757
4,1,0,54,pad,5472
4,1,0,55,pad,5753
4,1,0,57,pad,5193
4,1,0,58,pad,6574
4,1,0,59,pad,5488
4,1,0,60,pad,5752
4,1,0,61,pad,5482
4,1,0,62,pad,5750
4,1,0,63,pad,5481
4,1,0,64,pad,5747
4,1,0,65,pad,6842
4,1,0,66,pad,6573
4,1,0,67,pad,5486
4,1,3,0,pad,5778
4,1,3,1,pad,6064
4,1,3,2,pad,5779
4,1,3,3,pad,6067
4,1,3,4,pad,5777
4,1,3,5,pad,5802
4,1,3,6,pad,5780
4,1,3,7,pad,5521
4,1,3,8,pad,5775
4,1,3,9,pad,6062
4,1,3,10,pad,5789
4,1,3,12,pad,5528
4,1,3,13,pad,5511
4,1,3,14,pad,5526
4,1,3,15,pad,5776
4,1,3,16,pad,6061
4,1,3,17,pad,5773
4,1,3,18,pad,5525
4,1,3,19,pad,5513
4,1,3,20,pad,6060
4,1,3,21,pad,5774
4,1,3,23,pad,6059
4,1,3,24,pad,5772
4,1,3,25,pad,5523
4,1,3,26,pad,5514
4,1,3,27,pad,6058
4,1,3,28,pad,5771
4,1,3,29,pad,5519
4,1,3,30,pad,5516
4,1,3,31,pad,6056
4,1,3,32,pad,5788
4,1,3,33,pad,5520
4,1,3,34,pad,5786
4,1,3,35,pad,5231
4,1,3,36,pad,5769
4,1,3,37,pad,6057
4,1,3,38,pad,5508
4,1,3,39,pad,6054
4,1,3,40,pad,5783
4,1,3,41,pad,5229
4,1,3,42,pad,5768
4,1,3,43,pad,6055
4,1,3,44,pad,5781
4,1,3,46,pad,6053
4,1,3,47,pad,5506
4,1,3,48,pad,5522
4,1,3,49,pad,5766
4,1,3,50,pad,6052
4,1,3,51,pad,5518
4,1,3,52,pad,5804
4,1,3,53,pad,6051
4,1,3,54,pad,5524
4,1,3,55,pad,5517
4,1,3,57,pad,6050
4,1,3,58,pad,5763
4,1,3,59,pad,5805
4,1,3,60,pad,5228
4,1,3,61,pad,6069
4,1,3,62,pad,6048
4,1,3,63,pad,5793
4,1,3,64,pad,5515
4,1,3,65,pad,6049
4,1,3,66,pad,5761
4,1,3,67,pad,5527
4,1,2,0,pad,5226
4,1,2,1,pad,6327
4,1,2,2,pad,6046
4,1,2,3,pad,6047
4,1,2,4,pad,5223
4,1,2,5,pad,6070
4,1,2,6,pad,5512
4,1,2,7,pad,5795
4,1,2,8,pad,5232
4,1,2,9,pad,6325
4,1,2,10,pad,6045
4,1,2,12,pad,6044
4,1,2,13,pad,5230
4,1,2,14,pad,5807
4,1,2,15,pad,6043
4,1,2,16,pad,6322
4,1,2,17,pad,5227
4,1,2,18,pad,6042
4,1,2,19,pad,5225
4,1,2,20,pad,5792
4,1,2,21,pad,5221
4,1,2,23,pad,5790
4,1,2,24,pad,6040
4,1,2,25,pad,6320
4,1,2,26,pad,5224
4,1,2,27,pad,6041
4,1,2,28,pad,5222
4,1,2,29,pad,5787
4,1,2,30,pad,5220
4,1,2,31,pad,5799
4,1,2,32,pad,6038
4,1,2,33,pad,6319
4,1,2,34,pad,5218
4,1,2,35,pad,5797
4,1,2,36,pad,6039
4,1,2,37,pad,5796
4,1,2,38,pad,6037
4,1,2,39,pad,6317
4,1,2,40,pad,5215
4,1,2,41,pad,5794
4,1,2,42,pad,6036
4,1,2,43,pad,6316
4,1,2,44,pad,5219
4,1,2,46,pad,6314
4,1,2,47,pad,5213
4,1,2,48,pad,5785
4,1,2,49,pad,5217
4,1,2,50,pad,6315
4,1,2,51,pad,6034
4,1,2,52,pad,5791
4,1,2,53,pad,5216
4,1,2,54,pad,6312
4,1,2,55,pad,5210
4,1,2,57,pad,5784
4,1,2,58,pad,6033
4,1,2,59,pad,6313
4,1,2,60,pad,5212
4,1,2,61,pad,6311
4,1,2,62,pad,5207
4,1,2,63,pad,5782
4,1,2,64,pad,5214
4,1,2,65,pad,5510
4,1,2,66,pad,6031
4,1,2,67,pad,5505
4,1,1,0,pad,5205
4,1,1,1,pad,5503
4,1,1,2,pad,5211
4,1,1,3,pad,6310
4,1,1,4,pad,5209
4,1,1,5,pad,5509
4,1,1,6,pad,5208
4,1,1,7,pad,5507
4,1,1,8,pad,6309
4,1,1,9,pad,5500
8,2,1,10,pad,5727
8,2,1,12,pad,8
8,2,1,13,pad,6016
8,2,1,14,pad,7351
8,2,1,15,pad,6298
8,2,1,16,pad,7096
8,2,1,17,pad,5431
8,2,1,18,pad,5128
8,2,1,19,pad,5726
8,2,1,20,pad,6834
8,2,1,21,pad,6015
8,2,1,23,pad,7
8,2,1,24,pad,6297
8,2,1,25,pad,6566
8,2,1,26,pad,6014
8,2,1,27,pad,6292
8,2,1,28,pad,6295
8,2,1,29,pad,6011
8,2,1,30,pad,7098
8,2,1,31,pad,7350
8,2,1,32,pad,6836
8,2,1,33,pad,7095
8,2,1,34,pad,7097
8,2,1,35,pad,5126
8,2,1,36,pad,6835
8,2,1,37,pad,6
8,2,1,38,pad,6567
8,2,1,39,pad,6564
8,2,1,40,pad,6293
8,2,1,41,pad,6290
8,2,1,42,pad,6833
8,2,1,43,pad,6009
8,2,1,44,pad,6565
8,2,1,46,pad,7348
8,2,1,47,pad,6291
8,2,1,48,pad,7093
8,2,1,49,pad,6010
8,2,1,50,pad,6831
8,2,1,51,pad,7349
8,2,1,52,pad,5125
8,2,1,53,pad,7094
8,2,1,54,pad,5
8,2,1,55,pad,305
8,2,1,57,pad,6563
8,2,1,58,pad,6832
8,2,1,59,pad,6289
8,2,1,60,pad,5127
8,2,1,61,pad,6830
8,2,1,62,pad,6008
8,2,1,63,pad,6562
8,2,1,64,pad,5720
8,2,1,65,pad,6288
8,2,1,66,pad,7347
8,2,1,67,pad,5124
8,2,0,0,pad,7092
8,2,0,1,pad,6007
8,2,0,2,pad,304
8,2,0,3,pad,4
8,2,0,4,pad,5719
8,2,0,5,pad,7091
8,2,0,6,pad,7346
8,2,0,7,pad,6829
8,2,0,8,pad,5718
8,2,0,9,pad,6561
8,2,0,10,pad,6012
8,2,0,12,pad,6287
8,2,0,13,pad,5724
8,2,0,14,pad,6006
8,2,0,15,pad,5430
8,2,0,16,pad,5123
8,2,0,17,pad,5723
8,2,0,18,pad,3
8,2,0,19,pad,303
8,2,0,20,pad,7345
8,2,0,21,pad,5429
8,2,0,23,pad,7090
8,2,0,24,pad,5722
8,2,0,25,pad,6828
8,2,0,26,pad,5428
8,2,0,27,pad,6560
8,2,0,28,pad,5721
8,2,0,29,pad,6286
8,2,0,30,pad,5427
8,2,0,31,pad,6005
8,2,0,32,pad,5426
8,2,0,33,pad,2
8,2,0,34,pad,302
8,2,0,35,pad,5717
8,2,0,36,pad,5425
8,2,0,37,pad,5423
8,2,0,38,pad,5424
8,2,0,39,pad,6559
8,2,0,40,pad,7592
8,2,0,41,pad,6285
8,2,0,42,pad,7344
8,2,0,43,pad,6004
8,2,0,44,pad,7089
8,2,0,46,pad,5716
8,2,0,47,pad,6827
8,2,0,48,pad,1
8,2,0,49,pad,7088
8,2,0,50,pad,5422
8,2,0,51,pad,301
8,2,0,52,pad,5122
8,2,0,53,pad,6826
8,2,0,54,pad,6284
8,2,0,55,pad,6558
8,2,0,57,pad,6003
8,2,0,58,pad,5715
8,2,0,59,pad,5421
8,2,0,60,pad,6002
8,2,0,61,pad,5121
8,2,0,62,pad,5420
8,2,0,63,pad,5714
8,2,0,64,pad,894
8,2,0,65,pad,0
8,2,0,66,pad,300
8,2,0,67,pad,5120
8,2,3,0,pad,20
8,2,3,1,pad,5140
8,2,3,2,pad,32
8,2,3,3,pad,5139
8,2,3,4,pad,30
8,2,3,5,pad,5157
8,2,3,6,pad,19
8,2,3,7,pad,5449
8,2,3,8,pad,5459
8,2,3,9,pad,5156
8,2,3,10,pad,27
8,2,3,12,pad,5447
8,2,3,13,pad,5456
8,2,3,14,pad,5154
8,2,3,15,pad,25
8,2,3,16,pad,5743
8,2,3,17,pad,5454
8,2,3,18,pad,5151
8,2,3,19,pad,24
8,2,3,20,pad,5741
8,2,3,21,pad,18
8,2,3,23,pad,5149
8,2,3,24,pad,5179
8,2,3,25,pad,5740
8,2,3,26,pad,5458
8,2,3,27,pad,5141
8,2,3,28,pad,5177
8,2,3,29,pad,5744
8,2,3,30,pad,895
8,2,3,31,pad,5148
8,2,3,32,pad,5176
8,2,3,33,pad,5742
8,2,3,34,pad,5455
8,2,3,35,pad,5137
8,2,3,36,pad,5153
8,2,3,37,pad,5146
8,2,3,38,pad,17
8,2,3,39,pad,5739
8,2,3,40,pad,5452
8,2,3,41,pad,5453
8,2,3,42,pad,5152
8,2,3,43,pad,5443
8,2,3,44,pad,5450
8,2,3,46,pad,5451
8,2,3,47,pad,5150
8,2,3,48,pad,5442
8,2,3,49,pad,5444
8,2,3,50,pad,5136
8,2,3,51,pad,5147
8,2,3,52,pad,5448
8,2,3,53,pad,16
8,2,3,54,pad,5138
8,2,3,55,pad,37
8,2,3,57,pad,6300
8,2,3,58,pad,5145
8,2,3,59,pad,5446
8,2,3,60,pad,908
8,2,3,61,pad,6299
8,2,3,62,pad,5144
8,2,3,63,pad,5445
8,2,3,64,pad,618
8,2,3,65,pad,6027
8,2,3,66,pad,5164
8,2,3,67,pad,5135
8,2,2,0,pad,907
8,2,2,1,pad,6026
8,2,2,2,pad,15
8,2,2,3,pad,5738
8,2,2,4,pad,5162
8,2,2,5,pad,5737
8,2,2,6,pad,617
8,2,2,7,pad,5441
8,2,2,8,pad,5159
8,2,2,9,pad,5736
8,2,2,10,pad,906
8,2,2,12,pad,5440
8,2,2,13,pad,1187
8,2,2,14,pad,5134
8,2,2,15,pad,1461
8,2,2,16,pad,6025
8,2,2,17,pad,14
8,2,2,18,pad,5735
8,2,2,19,pad,905
8,2,2,20,pad,5439
8,2,2,21,pad,1186
8,2,2,23,pad,6024
8,2,2,24,pad,1460
8,2,2,25,pad,5734
8,2,2,26,pad,904
8,2,2,27,pad,5438
8,2,2,28,pad,1185
8,2,2,29,pad,6023
8,2,2,30,pad,1459
8,2,2,31,pad,5733
8,2,2,32,pad,903
8,2,2,33,pad,5437
8,2,2,34,pad,13
8,2,2,35,pad,6022
8,2,2,36,pad,1184
8,2,2,37,pad,5732
8,2,2,38,pad,1458
8,2,2,39,pad,5436
8,2,2,40,pad,902
8,2,2,41,pad,6021
8,2,2,42,pad,1183
8,2,2,43,pad,5133
8,2,2,44,pad,1457
8,2,2,46,pad,5731
8,2,2,47,pad,901
8,2,2,48,pad,5435
8,2,2,49,pad,12
8,2,2,50,pad,5434
8,2,2,51,pad,1182
8,2,2,52,pad,6303
8,2,2,53,pad,1456
8,2,2,54,pad,6020
8,2,2,55,pad,1724
8,2,2,57,pad,5730
8,2,2,58,pad,900
8,2,2,59,pad,6302
8,2,2,60,pad,1181
8,2,2,61,pad,5132
8,2,2,62,pad,1455
8,2,2,63,pad,5131
8,2,2,64,pad,1723
8,2,2,65,pad,6019
8,2,2,66,pad,11
8,2,2,67,pad,5729
8,2,1,0,pad,899
8,2,1,1,pad,6301
8,2,1,2,pad,1180
8,2,1,3,pad,6018
8,2,1,4,pad,1454
8,2,1,5,pad,5130
8,2,1,6,pad,1722
8,2,1,7,pad,5129
8,2,1,8,pad,10
8,2,1,9,pad,9
8,3,1,10,pad,602
8,3,1,12,pad,309
8,3,1,13,pad,603
8,3,1,14,pad,308
8,3,1,15,pad,890
8,3,1,16,pad,1715
8,3,1,17,pad,1977
8,3,1,18,pad,1720
8,3,1,19,pad,1446
8,3,1,20,pad,1175
8,3,1,21,pad,1714
8,3,1,23,pad,307
8,3,1,24,pad,1976
8,3,1,25,pad,892
8,3,1,26,pad,889
8,3,1,27,pad,1451
8,3,1,28,pad,601
8,3,1,29,pad,893
8,3,1,30,pad,2231
8,3,1,31,pad,1176
8,3,1,32,pad,1171
8,3,1,33,pad,1721
8,3,1,34,pad,1445
8,3,1,35,pad,1452
8,3,1,36,pad,1713
8,3,1,37,pad,1453
8,3,1,38,pad,1975
8,3,1,39,pad,306
8,3,1,40,pad,2230
8,3,1,41,pad,1178
8,3,1,42,pad,600
8,3,1,43,pad,5433
8,3,1,44,pad,888
8,3,1,46,pad,5728
8,3,1,47,pad,1170
8,3,1,48,pad,6017
8,3,1,49,pad,1444
8,3,1,50,pad,5432
8,3,1,51,pad,1712
8,3,1,52,pad,6840
8,3,1,53,pad,1974
8,3,1,54,pad,6841
8,3,1,55,pad,2229
8,3,1,57,pad,599
8,3,1,58,pad,1169
8,3,1,59,pad,6572
8,3,1,60,pad,887
8,3,1,61,pad,7101
8,3,1,62,pad,1443
8,3,1,63,pad,6839
8,3,1,64,pad,1711
8,3,1,65,pad,6571
8,3,1,66,pad,1973
8,3,1,67,pad,7100
8,3,0,0,pad,2228
8,3,0,1,pad,6838
8,3,0,2,pad,1168
8,3,0,3,pad,598
8,3,0,4,pad,1442
8,3,0,5,pad,6570
8,3,0,6,pad,886
8,3,0,7,pad,6296
8,3,0,8,pad,1710
8,3,0,9,pad,7099
8,3,0,10,pad,1972
8,3,0,12,pad,6837
8,3,0,13,pad,2227
8,3,0,14,pad,6569
8,3,0,15,pad,1167
8,3,0,16,pad,6568
8,3,0,17,pad,1441
8,3,0,18,pad,6294
8,3,0,19,pad,1709
8,3,0,20,pad,597
8,3,0,21,pad,1971
8,3,0,23,pad,5725
8,3,0,24,pad,885
8,3,0,25,pad,6013
8,3,0,26,pad,2226
8,3,0,27,pad,1174
8,3,0,28,pad,1166
8,3,0,29,pad,1450
8,3,0,30,pad,1440
8,3,0,31,pad,1719
8,3,0,32,pad,1708
8,3,0,33,pad,1173
8,3,0,34,pad,1970
8,3,0,35,pad,596
8,3,0,36,pad,2225
8,3,0,37,pad,1449
8,3,0,38,pad,884
8,3,0,39,pad,891
8,3,0,40,pad,2473
8,3,0,41,pad,1718
8,3,0,42,pad,1165
8,3,0,43,pad,1172
8,3,0,44,pad,1439
8,3,0,46,pad,1448
8,3,0,47,pad,1707
8,3,0,48,pad,1981
8,3,0,49,pad,1969
8,3,0,50,pad,1447
8,3,0,51,pad,2224
8,3,0,52,pad,595
8,3,0,53,pad,883
8,3,0,54,pad,1717
8,3,0,55,pad,2472
8,3,0,57,pad,1980
8,3,0,58,pad,1164
8,3,0,59,pad,1979
8,3,0,60,pad,1438
8,3,0,61,pad,1716
8,3,0,62,pad,1706
8,3,0,63,pad,1978
8,3,0,64,pad,1968
8,3,0,65,pad,4772
8,3,0,66,pad,882
8,3,0,67,pad,594
8,3,3,0,pad,614
8,3,3,1,pad,320
8,3,3,2,pad,342
8,3,3,3,pad,53
8,3,3,4,pad,22
8,3,3,5,pad,319
8,3,3,6,pad,341
8,3,3,7,pad,29
8,3,3,8,pad,613
8,3,3,9,pad,36
8,3,3,10,pad,5171
8,3,3,12,pad,28
8,3,3,13,pad,339
8,3,3,14,pad,34
8,3,3,15,pad,23
8,3,3,16,pad,26
8,3,3,17,pad,336
8,3,3,18,pad,31
8,3,3,19,pad,5174
8,3,3,20,pad,64
8,3,3,21,pad,334
8,3,3,23,pad,318
8,3,3,24,pad,333
8,3,3,25,pad,62
8,3,3,26,pad,612
8,3,3,27,pad,5469
8,3,3,28,pad,51
8,3,3,29,pad,59
8,3,3,30,pad,344
8,3,3,31,pad,5142
8,3,3,32,pad,35
8,3,3,33,pad,57
8,3,3,34,pad,347
8,3,3,35,pad,5467
8,3,3,36,pad,322
8,3,3,37,pad,317
8,3,3,38,pad,349
8,3,3,39,pad,56
8,3,3,40,pad,611
8,3,3,41,pad,5464
8,3,3,42,pad,38
8,3,3,43,pad,54
8,3,3,44,pad,350
8,3,3,46,pad,5462
8,3,3,47,pad,40
8,3,3,48,pad,21
8,3,3,49,pad,329
8,3,3,50,pad,5461
8,3,3,51,pad,327
8,3,3,52,pad,33
8,3,3,53,pad,330
8,3,3,54,pad,316
8,3,3,55,pad,1179
8,3,3,57,pad,5170
8,3,3,58,pad,610
8,3,3,59,pad,5165
8,3,3,60,pad,41
8,3,3,61,pad,5143
8,3,3,62,pad,332
8,3,3,63,pad,5167
8,3,3,64,pad,43
8,3,3,65,pad,55
8,3,3,66,pad,335
8,3,3,67,pad,5172
8,3,2,0,pad,321
8,3,2,1,pad,315
8,3,2,2,pad,337
8,3,2,3,pad,58
8,3,2,4,pad,609
8,3,2,5,pad,5173
8,3,2,6,pad,46
8,3,2,7,pad,60
8,3,2,8,pad,338
8,3,2,9,pad,5175
8,3,2,10,pad,48
8,3,2,12,pad,61
8,3,2,13,pad,340
8,3,2,14,pad,5178
8,3,2,15,pad,49
8,3,2,16,pad,63
8,3,2,17,pad,620
8,3,2,18,pad,314
8,3,2,19,pad,608
8,3,2,20,pad,331
8,3,2,21,pad,1177
8,3,2,23,pad,5180
8,3,2,24,pad,621
8,3,2,25,pad,5181
8,3,2,26,pad,42
8,3,2,27,pad,5182
8,3,2,28,pad,619
8,3,2,29,pad,5155
8,3,2,30,pad,323
8,3,2,31,pad,5158
8,3,2,32,pad,623
8,3,2,33,pad,5160
8,3,2,34,pad,45
8,3,2,35,pad,313
8,3,2,36,pad,607
8,3,2,37,pad,5161
8,3,2,38,pad,626
8,3,2,39,pad,5163
8,3,2,40,pad,52
8,3,2,41,pad,5166
8,3,2,42,pad,628
8,3,2,43,pad,5168
8,3,2,44,pad,325
8,3,2,46,pad,5169
8,3,2,47,pad,629
8,3,2,48,pad,615
8,3,2,49,pad,328
8,3,2,50,pad,312
8,3,2,51,pad,606
8,3,2,52,pad,39
8,3,2,53,pad,631
8,3,2,54,pad,44
8,3,2,55,pad,622
8,3,2,57,pad,47
8,3,2,58,pad,624
8,3,2,59,pad,50
8,3,2,60,pad,625
8,3,2,61,pad,71
8,3,2,62,pad,627
8,3,2,63,pad,616
8,3,2,64,pad,630
8,3,2,65,pad,311
8,3,2,66,pad,632
8,3,2,67,pad,326
8,3,1,0,pad,605
8,3,1,1,pad,324
8,3,1,2,pad,912
8,3,1,3,pad,898
8,3,1,4,pad,910
8,3,1,5,pad,897
8,3,1,6,pad,909
8,3,1,7,pad,896
8,3,1,8,pad,604
8,3,1,9,pad,310
2,0,1,10,pad,935
2,0,1,12,pad,649
2,0,1,13,pad,937
2,0,1,14,pad,648
2,0,1,15,pad,934
2,0,1,16,pad,646
2,0,1,17,pad,932
2,0,1,18,pad,931
2,0,1,19,pad,933
2,0,1,20,pad,84
2,0,1,21,pad,92
2,0,1,23,pad,643
2,0,1,24,pad,930
2,0,1,25,pad,364
2,0,1,26,pad,381
2,0,1,27,pad,928
2,0,1,28,pad,413
2,0,1,29,pad,368
2,0,1,30,pad,929
2,0,1,31,pad,362
2,0,1,32,pad,938
2,0,1,33,pad,926
2,0,1,34,pad,1207
2,0,1,35,pad,652
2,0,1,36,pad,379
2,0,1,37,pad,640
2,0,1,38,pad,927
2,0,1,39,pad,925
2,0,1,40,pad,370
2,0,1,41,pad,366
2,0,1,42,pad,90
2,0,1,43,pad,82
2,0,1,44,pad,1205
2,0,1,46,pad,79
2,0,1,47,pad,924
2,0,1,48,pad,923
2,0,1,49,pad,376
2,0,1,50,pad,77
2,0,1,51,pad,1202
2,0,1,52,pad,641
2,0,1,53,pad,922
2,0,1,54,pad,86
2,0,1,55,pad,936
2,0,1,57,pad,920
2,0,1,58,pad,1200
2,0,1,59,pad,83
2,0,1,60,pad,87
2,0,1,61,pad,365
2,0,1,62,pad,921
2,0,1,63,pad,638
2,0,1,64,pad,1199
2,0,1,65,pad,918
2,0,1,66,pad,85
2,0,1,67,pad,635
2,0,0,0,pad,374
2,0,0,1,pad,919
2,0,0,2,pad,369
2,0,0,3,pad,917
2,0,0,4,pad,1197
2,0,0,5,pad,76
2,0,0,6,pad,94
2,0,0,7,pad,916
2,0,0,8,pad,1196
2,0,0,9,pad,645
2,0,0,10,pad,373
2,0,0,12,pad,915
2,0,0,13,pad,1194
2,0,0,14,pad,81
2,0,0,15,pad,91
2,0,0,16,pad,914
2,0,0,17,pad,1195
2,0,0,18,pad,74
2,0,0,19,pad,1192
2,0,0,20,pad,647
2,0,0,21,pad,89
2,0,0,23,pad,913
2,0,0,24,pad,651
2,0,0,25,pad,358
2,0,0,26,pad,1193
2,0,0,27,pad,356
2,0,0,28,pad,1191
2,0,0,29,pad,911
2,0,0,30,pad,367
2,0,0,31,pad,357
2,0,0,32,pad,371
2,0,0,33,pad,644
2,0,0,34,pad,88
2,0,0,35,pad,354
2,0,0,36,pad,1190
2,0,0,37,pad,355
2,0,0,38,pad,93
2,0,0,39,pad,353
2,0,0,40,pad,110
2,0,0,41,pad,642
2,0,0,42,pad,105
2,0,0,43,pad,352
2,0,0,44,pad,104
2,0,0,46,pad,351
2,0,0,47,pad,102
2,0,0,48,pad,639
2,0,0,49,pad,99
2,0,0,50,pad,348
2,0,0,51,pad,97
2,0,0,52,pad,637
2,0,0,53,pad,1189
2,0,0,54,pad,346
2,0,0,55,pad,96
2,0,0,57,pad,345
2,0,0,58,pad,650
2,0,0,59,pad,633
2,0,0,60,pad,361
2,0,0,61,pad,636
2,0,0,62,pad,360
2,0,0,63,pad,343
2,0,0,64,pad,359
2,0,0,65,pad,1188
2,0,0,66,pad,1462
2,0,0,67,pad,634
2,0,3,0,pad,405
2,0,3,1,pad,106
2,0,3,2,pad,404
2,0,3,3,pad,103
2,0,3,4,pad,402
2,0,3,5,pad,403
2,0,3,6,pad,401
2,0,3,7,pad,5250
2,0,3,8,pad,400
2,0,3,9,pad,101
2,0,3,10,pad,398
2,0,3,12,pad,5247
2,0,3,13,pad,416
2,0,3,14,pad,100
2,0,3,15,pad,139
2,0,3,16,pad,5245
2,0,3,17,pad,399
2,0,3,18,pad,397
2,0,3,19,pad,407
2,0,3,20,pad,98
2,0,3,21,pad,396
2,0,3,23,pad,5243
2,0,3,24,pad,142
2,0,3,25,pad,395
2,0,3,26,pad,132
2,0,3,27,pad,95
2,0,3,28,pad,394
2,0,3,29,pad,5244
2,0,3,30,pad,130
2,0,3,31,pad,392
2,0,3,32,pad,414
2,0,3,33,pad,5252
2,0,3,34,pad,685
2,0,3,35,pad,5246
2,0,3,36,pad,393
2,0,3,37,pad,5248
2,0,3,38,pad,137
2,0,3,39,pad,5249
2,0,3,40,pad,136
2,0,3,41,pad,390
2,0,3,42,pad,684
2,0,3,43,pad,126
2,0,3,44,pad,391
2,0,3,46,pad,389
2,0,3,47,pad,127
2,0,3,48,pad,128
2,0,3,49,pad,682
2,0,3,50,pad,5251
2,0,3,51,pad,388
2,0,3,52,pad,5254
2,0,3,53,pad,134
2,0,3,54,pad,387
2,0,3,55,pad,125
2,0,3,57,pad,129
2,0,3,58,pad,679
2,0,3,59,pad,5257
2,0,3,60,pad,386
2,0,3,61,pad,384
2,0,3,62,pad,131
2,0,3,63,pad,5256
2,0,3,64,pad,677
2,0,3,65,pad,107
2,0,3,66,pad,5262
2,0,3,67,pad,385
2,0,2,0,pad,5259
2,0,2,1,pad,382
2,0,2,2,pad,676
2,0,2,3,pad,111
2,0,2,4,pad,119
2,0,2,5,pad,383
2,0,2,6,pad,675
2,0,2,7,pad,5242
2,0,2,8,pad,117
2,0,2,9,pad,113
2,0,2,10,pad,674
2,0,2,12,pad,5239
2,0,2,13,pad,116
2,0,2,14,pad,380
2,0,2,15,pad,122
2,0,2,16,pad,109
2,0,2,17,pad,673
2,0,2,18,pad,5237
2,0,2,19,pad,671
2,0,2,20,pad,378
2,0,2,21,pad,672
2,0,2,23,pad,5236
2,0,2,24,pad,411
2,0,2,25,pad,5235
2,0,2,26,pad,669
2,0,2,27,pad,377
2,0,2,28,pad,124
2,0,2,29,pad,5238
2,0,2,30,pad,670
2,0,2,31,pad,5240
2,0,2,32,pad,668
2,0,2,33,pad,5534
2,0,2,34,pad,123
2,0,2,35,pad,375
2,0,2,36,pad,121
2,0,2,37,pad,5233
2,0,2,38,pad,120
2,0,2,39,pad,5533
2,0,2,40,pad,667
2,0,2,41,pad,666
2,0,2,42,pad,118
2,0,2,43,pad,372
2,0,2,44,pad,665
2,0,2,46,pad,5234
2,0,2,47,pad,408
2,0,2,48,pad,663
2,0,2,49,pad,950
2,0,2,50,pad,5531
2,0,2,51,pad,664
2,0,2,52,pad,5536
2,0,2,53,pad,114
2,0,2,54,pad,661
2,0,2,55,pad,949
2,0,2,57,pad,5539
2,0,2,58,pad,115
2,0,2,59,pad,112
2,0,2,60,pad,662
2,0,2,61,pad,108
2,0,2,62,pad,5241
2,0,2,63,pad,406
2,0,2,64,pad,947
2,0,2,65,pad,660
2,0,2,66,pad,659
2,0,2,67,pad,658
2,0,1,0,pad,939
2,0,1,1,pad,655
2,0,1,2,pad,941
2,0,1,3,pad,657
2,0,1,4,pad,944
2,0,1,5,pad,656
2,0,1,6,pad,940
2,0,1,7,pad,653
2,0,1,8,pad,942
2,0,1,9,pad,654
2,1,1,10,pad,1488
2,1,1,12,pad,1218
2,1,1,13,pad,1485
2,1,1,14,pad,1217
2,1,1,15,pad,1530
2,1,1,16,pad,1214
2,1,1,17,pad,1531
2,1,1,18,pad,1212
2,1,1,19,pad,1486
2,1,1,20,pad,1216
2,1,1,21,pad,1483
2,1,1,23,pad,1215
2,1,1,24,pad,1533
2,1,1,25,pad,1213
2,1,1,26,pad,1484
2,1,1,27,pad,1210
2,1,1,28,pad,1246
2,1,1,29,pad,1211
2,1,1,30,pad,1482
2,1,1,31,pad,1209
2,1,1,32,pad,1249
2,1,1,33,pad,1248
2,1,1,34,pad,1481
2,1,1,35,pad,1250
2,1,1,36,pad,1480
2,1,1,37,pad,1253
2,1,1,38,pad,1251
2,1,1,39,pad,1206
2,1,1,40,pad,1479
2,1,1,41,pad,1477
2,1,1,42,pad,1252
2,1,1,43,pad,1204
2,1,1,44,pad,1254
2,1,1,46,pad,1255
2,1,1,47,pad,1257
2,1,1,48,pad,991
2,1,1,49,pad,1259
2,1,1,50,pad,1475
2,1,1,51,pad,1478
2,1,1,52,pad,988
2,1,1,53,pad,1260
2,1,1,54,pad,1203
2,1,1,55,pad,1476
2,1,1,57,pad,986
2,1,1,58,pad,1262
2,1,1,59,pad,1474
2,1,1,60,pad,1265
2,1,1,61,pad,985
2,1,1,62,pad,1523
2,1,1,63,pad,1201
2,1,1,64,pad,1473
2,1,1,65,pad,983
2,1,1,66,pad,1525
2,1,1,67,pad,1472
2,1,0,0,pad,1528
2,1,0,1,pad,1198
2,1,0,2,pad,1471
2,1,0,3,pad,980
2,1,0,4,pad,1244
2,1,0,5,pad,1469
2,1,0,6,pad,1243
2,1,0,7,pad,978
2,1,0,8,pad,1736
2,1,0,9,pad,992
2,1,0,10,pad,1470
2,1,0,12,pad,990
2,1,0,13,pad,1241
2,1,0,14,pad,1467
2,1,0,15,pad,1735
2,1,0,16,pad,989
2,1,0,17,pad,1238
2,1,0,18,pad,1468
2,1,0,19,pad,1236
2,1,0,20,pad,1256
2,1,0,21,pad,1506
2,1,0,23,pad,1466
2,1,0,24,pad,1504
2,1,0,25,pad,1258
2,1,0,26,pad,1734
2,1,0,27,pad,1261
2,1,0,28,pad,1498
2,1,0,29,pad,1263
2,1,0,30,pad,1768
2,1,0,31,pad,1465
2,1,0,32,pad,1772
2,1,0,33,pad,1522
2,1,0,34,pad,1767
2,1,0,35,pad,1520
2,1,0,36,pad,1771
2,1,0,37,pad,1517
2,1,0,38,pad,1765
2,1,0,39,pad,1515
2,1,0,40,pad,1733
2,1,0,41,pad,1514
2,1,0,42,pad,1770
2,1,0,43,pad,1512
2,1,0,44,pad,1502
2,1,0,46,pad,1509
2,1,0,47,pad,1500
2,1,0,48,pad,1464
2,1,0,49,pad,1773
2,1,0,50,pad,1507
2,1,0,51,pad,1503
2,1,0,52,pad,1501
2,1,0,53,pad,1775
2,1,0,54,pad,1499
2,1,0,55,pad,1732
2,1,0,57,pad,1490
2,1,0,58,pad,1776
2,1,0,59,pad,1491
2,1,0,60,pad,1505
2,1,0,61,pad,1463
2,1,0,62,pad,1508
2,1,0,63,pad,1493
2,1,0,64,pad,1510
2,1,0,65,pad,1496
2,1,0,66,pad,1731
2,1,0,67,pad,1487
2,1,3,0,pad,982
2,1,3,1,pad,144
2,1,3,2,pad,984
2,1,3,3,pad,696
2,1,3,4,pad,981
2,1,3,5,pad,141
2,1,3,6,pad,979
2,1,3,7,pad,694
2,1,3,8,pad,976
2,1,3,9,pad,437
2,1,3,10,pad,145
2,1,3,12,pad,434
2,1,3,13,pad,143
2,1,3,14,pad,691
2,1,3,15,pad,438
2,1,3,16,pad,716
2,1,3,17,pad,721
2,1,3,18,pad,693
2,1,3,19,pad,436
2,1,3,20,pad,692
2,1,3,21,pad,147
2,1,3,23,pad,690
2,1,3,24,pad,977
2,1,3,25,pad,687
2,1,3,26,pad,146
2,1,3,27,pad,688
2,1,3,28,pad,439
2,1,3,29,pad,433
2,1,3,30,pad,975
2,1,3,31,pad,435
2,1,3,32,pad,974
2,1,3,33,pad,140
2,1,3,34,pad,973
2,1,3,35,pad,432
2,1,3,36,pad,971
2,1,3,37,pad,686
2,1,3,38,pad,972
2,1,3,39,pad,138
2,1,3,40,pad,968
2,1,3,41,pad,430
2,1,3,42,pad,970
2,1,3,43,pad,683
2,1,3,44,pad,431
2,1,3,46,pad,717
2,1,3,47,pad,428
2,1,3,48,pad,133
2,1,3,49,pad,713
2,1,3,50,pad,135
2,1,3,51,pad,712
2,1,3,52,pad,681
2,1,3,53,pad,969
2,1,3,54,pad,429
2,1,3,55,pad,710
2,1,3,57,pad,427
2,1,3,58,pad,707
2,1,3,59,pad,680
2,1,3,60,pad,967
2,1,3,61,pad,966
2,1,3,62,pad,1247
2,1,3,63,pad,424
2,1,3,64,pad,705
2,1,3,65,pad,965
2,1,3,66,pad,1245
2,1,3,67,pad,678
2,1,2,0,pad,964
2,1,2,1,pad,714
2,1,2,2,pad,718
2,1,2,3,pad,963
2,1,2,4,pad,720
2,1,2,5,pad,426
2,1,2,6,pad,1242
2,1,2,7,pad,425
2,1,2,8,pad,962
2,1,2,9,pad,960
2,1,2,10,pad,961
2,1,2,12,pad,423
2,1,2,13,pad,1240
2,1,2,14,pad,418
2,1,2,15,pad,719
2,1,2,16,pad,417
2,1,2,17,pad,722
2,1,2,18,pad,695
2,1,2,19,pad,1239
2,1,2,20,pad,958
2,1,2,21,pad,724
2,1,2,23,pad,698
2,1,2,24,pad,725
2,1,2,25,pad,700
2,1,2,26,pad,727
2,1,2,27,pad,957
2,1,2,28,pad,1237
2,1,2,29,pad,959
2,1,2,30,pad,987
2,1,2,31,pad,956
2,1,2,32,pad,715
2,1,2,33,pad,955
2,1,2,34,pad,1234
2,1,2,35,pad,701
2,1,2,36,pad,422
2,1,2,37,pad,954
2,1,2,38,pad,421
2,1,2,39,pad,703
2,1,2,40,pad,419
2,1,2,41,pad,952
2,1,2,42,pad,1232
2,1,2,43,pad,706
2,1,2,44,pad,1235
2,1,2,46,pad,953
2,1,2,47,pad,1233
2,1,2,48,pad,708
2,1,2,49,pad,1231
2,1,2,50,pad,709
2,1,2,51,pad,415
2,1,2,52,pad,951
2,1,2,53,pad,412
2,1,2,54,pad,711
2,1,2,55,pad,1230
2,1,2,57,pad,699
2,1,2,58,pad,1229
2,1,2,59,pad,948
2,1,2,60,pad,410
2,1,2,61,pad,702
2,1,2,62,pad,1228
2,1,2,63,pad,704
2,1,2,64,pad,1226
2,1,2,65,pad,697
2,1,2,66,pad,409
2,1,2,67,pad,946
2,1,1,0,pad,1227
2,1,1,1,pad,689
2,1,1,2,pad,1224
2,1,1,3,pad,945
2,1,1,4,pad,420
2,1,1,5,pad,943
2,1,1,6,pad,1225
2,1,1,7,pad,1223
2,1,1,8,pad,1222
2,1,1,9,pad,1221
9,0,1,10,pad,3615
9,0,1,12,pad,3404
9,0,1,13,pad,3616
9,0,1,14,pad,3403
9,0,1,15,pad,3824
9,0,1,16,pad,3405
9,0,1,17,pad,3825
9,0,1,18,pad,1982
9,0,1,19,pad,3826
9,0,1,20,pad,2237
9,0,1,21,pad,4023
9,0,1,23,pad,2485
9,0,1,24,pad,3614
9,0,1,25,pad,2726
9,0,1,26,pad,4119
9,0,1,27,pad,2236
9,0,1,28,pad,2957
9,0,1,29,pad,2484
9,0,1,30,pad,2956
9,0,1,31,pad,2958
9,0,1,32,pad,2955
9,0,1,33,pad,2725
9,0,1,34,pad,3183
9,0,1,35,pad,2235
9,0,1,36,pad,2954
9,0,1,37,pad,2483
9,0,1,38,pad,3182
9,0,1,39,pad,3613
9,0,1,40,pad,3181
9,0,1,41,pad,3184
9,0,1,42,pad,3401
9,0,1,43,pad,3402
9,0,1,44,pad,3400
9,0,1,46,pad,2724
9,0,1,47,pad,2728
9,0,1,48,pad,2234
9,0,1,49,pad,4213
9,0,1,50,pad,3612
9,0,1,51,pad,2488
9,0,1,52,pad,2482
9,0,1,53,pad,3816
9,0,1,54,pad,2723
9,0,1,55,pad,1984
9,0,1,57,pad,3399
9,0,1,58,pad,4022
9,0,1,59,pad,2233
9,0,1,60,pad,2239
9,0,1,61,pad,3611
9,0,1,62,pad,4118
9,0,1,63,pad,2481
9,0,1,64,pad,2487
9,0,1,65,pad,2722
9,0,1,66,pad,4212
9,0,1,67,pad,2232
9,0,0,0,pad,3815
9,0,0,1,pad,2480
9,0,0,2,pad,1983
9,0,0,3,pad,3823
9,0,0,4,pad,3610
9,0,0,5,pad,2721
9,0,0,6,pad,2959
9,0,0,7,pad,3180
9,0,0,8,pad,2719
9,0,0,9,pad,2479
9,0,0,10,pad,2238
9,0,0,12,pad,3814
9,0,0,13,pad,3398
9,0,0,14,pad,2720
9,0,0,15,pad,3185
9,0,0,16,pad,2953
9,0,0,17,pad,3609
9,0,0,18,pad,3179
9,0,0,19,pad,2727
9,0,0,20,pad,2478
9,0,0,21,pad,2952
9,0,0,23,pad,3813
9,0,0,24,pad,2486
9,0,0,25,pad,3177
9,0,0,26,pad,3608
9,0,0,27,pad,2950
9,0,0,28,pad,4009
9,0,0,29,pad,2475
9,0,0,30,pad,3178
9,0,0,31,pad,3396
9,0,0,32,pad,2477
9,0,0,33,pad,2716
9,0,0,34,pad,3397
9,0,0,35,pad,3812
9,0,0,36,pad,2718
9,0,0,37,pad,3176
9,0,0,38,pad,4008
9,0,0,39,pad,3607
9,0,0,40,pad,2951
9,0,0,41,pad,2474
9,0,0,42,pad,2476
9,0,0,43,pad,3395
9,0,0,44,pad,2717
9,0,0,46,pad,3811
9,0,0,47,pad,4021
9,0,0,48,pad,2949
9,0,0,49,pad,4117
9,0,0,50,pad,2715
9,0,0,51,pad,4007
9,0,0,52,pad,3175
9,0,0,53,pad,4020
9,0,0,54,pad,2948
9,0,0,55,pad,4116
9,0,0,57,pad,2714
9,0,0,58,pad,4019
9,0,0,59,pad,3810
9,0,0,60,pad,4018
9,0,0,61,pad,3606
9,0,0,62,pad,4114
9,0,0,63,pad,3394
9,0,0,64,pad,4017
9,0,0,65,pad,4006
9,0,0,66,pad,4113
9,0,0,67,pad,3174
9,0,3,0,pad,2736
9,0,3,1,pad,1220
9,0,3,2,pad,2013
9,0,3,3,pad,2735
9,0,3,4,pad,2029
9,0,3,5,pad,1219
9,0,3,6,pad,2250
9,0,3,7,pad,1995
9,0,3,8,pad,1777
9,0,3,9,pad,1760
9,0,3,10,pad,2011
9,0,3,12,pad,1998
9,0,3,13,pad,2253
9,0,3,14,pad,1756
9,0,3,15,pad,2497
9,0,3,16,pad,2734
9,0,3,17,pad,2033
9,0,3,18,pad,2248
9,0,3,19,pad,2968
9,0,3,20,pad,1759
9,0,3,21,pad,2010
9,0,3,23,pad,1495
9,0,3,24,pad,2027
9,0,3,25,pad,1755
9,0,3,26,pad,2008
9,0,3,27,pad,1994
9,0,3,28,pad,2031
9,0,3,29,pad,1753
9,0,3,30,pad,2005
9,0,3,31,pad,2733
9,0,3,32,pad,2967
9,0,3,33,pad,1494
9,0,3,34,pad,2026
9,0,3,35,pad,1754
9,0,3,36,pad,2003
9,0,3,37,pad,1492
9,0,3,38,pad,2024
9,0,3,39,pad,1750
9,0,3,40,pad,2002
9,0,3,41,pad,1489
9,0,3,42,pad,2021
9,0,3,43,pad,1752
9,0,3,44,pad,2000
9,0,3,46,pad,1749
9,0,3,47,pad,2966
9,0,3,48,pad,1748
9,0,3,49,pad,2019
9,0,3,50,pad,1746
9,0,3,51,pad,2015
9,0,3,52,pad,1751
9,0,3,53,pad,1774
9,0,3,54,pad,1744
9,0,3,55,pad,2014
9,0,3,57,pad,1747
9,0,3,58,pad,2030
9,0,3,59,pad,1743
9,0,3,60,pad,2012
9,0,3,61,pad,2965
9,0,3,62,pad,2028
9,0,3,63,pad,2247
9,0,3,64,pad,2249
9,0,3,65,pad,1745
9,0,3,66,pad,2025
9,0,3,67,pad,1741
9,0,2,0,pad,2496
9,0,2,1,pad,1742
9,0,2,2,pad,1769
9,0,2,3,pad,2964
9,0,2,4,pad,2009
9,0,2,5,pad,1993
9,0,2,6,pad,3191
9,0,2,7,pad,1740
9,0,2,8,pad,2023
9,0,2,9,pad,1739
9,0,2,10,pad,2007
9,0,2,12,pad,2963
9,0,2,13,pad,1766
9,0,2,14,pad,1737
9,0,2,15,pad,2006
9,0,2,16,pad,1738
9,0,2,17,pad,2022
9,0,2,18,pad,2495
9,0,2,19,pad,1997
9,0,2,20,pad,2494
9,0,2,21,pad,3190
9,0,2,23,pad,2493
9,0,2,24,pad,1764
9,0,2,25,pad,2732
9,0,2,26,pad,2004
9,0,2,27,pad,2492
9,0,2,28,pad,2020
9,0,2,29,pad,1730
9,0,2,30,pad,2001
9,0,2,31,pad,1992
9,0,2,32,pad,1763
9,0,2,33,pad,3189
9,0,2,34,pad,1999
9,0,2,35,pad,1729
9,0,2,36,pad,2017
9,0,2,37,pad,1991
9,0,2,38,pad,1996
9,0,2,39,pad,1728
9,0,2,40,pad,1761
9,0,2,41,pad,1990
9,0,2,42,pad,1757
9,0,2,43,pad,3188
9,0,2,44,pad,1762
9,0,2,46,pad,1727
9,0,2,47,pad,1497
9,0,2,48,pad,2962
9,0,2,49,pad,3408
9,0,2,50,pad,1989
9,0,2,51,pad,1758
9,0,2,52,pad,2244
9,0,2,53,pad,2246
9,0,2,54,pad,2730
9,0,2,55,pad,2731
9,0,2,57,pad,3187
9,0,2,58,pad,2491
9,0,2,59,pad,1988
9,0,2,60,pad,2245
9,0,2,61,pad,2243
9,0,2,62,pad,3407
9,0,2,63,pad,1725
9,0,2,64,pad,1726
9,0,2,65,pad,1987
9,0,2,66,pad,2490
9,0,2,67,pad,3186
9,0,1,0,pad,2961
9,0,1,1,pad,2242
9,0,1,2,pad,2729
9,0,1,3,pad,1986
9,0,1,4,pad,3406
9,0,1,5,pad,2241
9,0,1,6,pad,2489
9,0,1,7,pad,1985
9,0,1,8,pad,2960
9,0,1,9,pad,2240
9,1,1,10,pad,3820
9,1,1,12,pad,3819
9,1,1,13,pad,4302
9,1,1,14,pad,4211
9,1,1,15,pad,4301
9,1,1,16,pad,4208
9,1,1,17,pad,4300
9,1,1,18,pad,4209
9,1,1,19,pad,4389
9,1,1,20,pad,4210
9,1,1,21,pad,4299
9,1,1,23,pad,4303
9,1,1,24,pad,4388
9,1,1,25,pad,3818
9,1,1,26,pad,4298
9,1,1,27,pad,4115
9,1,1,28,pad,4387
9,1,1,29,pad,4207
9,1,1,30,pad,4014
9,1,1,31,pad,4016
9,1,1,32,pad,4297
9,1,1,33,pad,4112
9,1,1,34,pad,4386
9,1,1,35,pad,4206
9,1,1,36,pad,4472
9,1,1,37,pad,3817
9,1,1,38,pad,4013
9,1,1,39,pad,4015
9,1,1,40,pad,4385
9,1,1,41,pad,4111
9,1,1,42,pad,4471
9,1,1,43,pad,4205
9,1,1,44,pad,4384
9,1,1,46,pad,4110
9,1,1,47,pad,4470
9,1,1,48,pad,4204
9,1,1,49,pad,4383
9,1,1,50,pad,4296
9,1,1,51,pad,4469
9,1,1,52,pad,4109
9,1,1,53,pad,4012
9,1,1,54,pad,4203
9,1,1,55,pad,4552
9,1,1,57,pad,4295
9,1,1,58,pad,4382
9,1,1,59,pad,4108
9,1,1,60,pad,4468
9,1,1,61,pad,4202
9,1,1,62,pad,4551
9,1,1,63,pad,4294
9,1,1,64,pad,4381
9,1,1,65,pad,4107
9,1,1,66,pad,4467
9,1,1,67,pad,4011
9,1,0,0,pad,4550
9,1,0,1,pad,4201
9,1,0,2,pad,4380
9,1,0,3,pad,4293
9,1,0,4,pad,4466
9,1,0,5,pad,4292
9,1,0,6,pad,4549
9,1,0,7,pad,4200
9,1,0,8,pad,4465
9,1,0,9,pad,4106
9,1,0,10,pad,4548
9,1,0,12,pad,4010
9,1,0,13,pad,4628
9,1,0,14,pad,4291
9,1,0,15,pad,4105
9,1,0,16,pad,4199
9,1,0,17,pad,4464
9,1,0,18,pad,4379
9,1,0,19,pad,4547
9,1,0,20,pad,4290
9,1,0,21,pad,4627
9,1,0,23,pad,4198
9,1,0,24,pad,4463
9,1,0,25,pad,4378
9,1,0,26,pad,4546
9,1,0,27,pad,4289
9,1,0,28,pad,4104
9,1,0,29,pad,4197
9,1,0,30,pad,4626
9,1,0,31,pad,4377
9,1,0,32,pad,4462
9,1,0,33,pad,4196
9,1,0,34,pad,4545
9,1,0,35,pad,4288
9,1,0,36,pad,4625
9,1,0,37,pad,4376
9,1,0,38,pad,4103
9,1,0,39,pad,4287
9,1,0,40,pad,4702
9,1,0,41,pad,1208
9,1,0,42,pad,4375
9,1,0,43,pad,4544
9,1,0,44,pad,4461
9,1,0,46,pad,4624
9,1,0,47,pad,2294
9,1,0,48,pad,4460
9,1,0,49,pad,4701
9,1,0,50,pad,4102
9,1,0,51,pad,4700
9,1,0,52,pad,4543
9,1,0,53,pad,4286
9,1,0,54,pad,4622
9,1,0,55,pad,4623
9,1,0,57,pad,4285
9,1,0,58,pad,4195
9,1,0,59,pad,4374
9,1,0,60,pad,4699
9,1,0,61,pad,4459
9,1,0,62,pad,4771
9,1,0,63,pad,4101
9,1,0,64,pad,4698
9,1,0,65,pad,4542
9,1,0,66,pad,4194
9,1,0,67,pad,4621
9,1,3,0,pad,2753
9,1,3,1,pad,2970
9,1,3,2,pad,2503
9,1,3,3,pad,2276
9,1,3,4,pad,2510
9,1,3,5,pad,2737
9,1,3,6,pad,2504
9,1,3,7,pad,2969
9,1,3,8,pad,3196
9,1,3,9,pad,2251
9,1,3,10,pad,2754
9,1,3,12,pad,2273
9,1,3,13,pad,2506
9,1,3,14,pad,2255
9,1,3,15,pad,2513
9,1,3,16,pad,2034
9,1,3,17,pad,2509
9,1,3,18,pad,2254
9,1,3,19,pad,2756
9,1,3,20,pad,2036
9,1,3,21,pad,2511
9,1,3,23,pad,2018
9,1,3,24,pad,3195
9,1,3,25,pad,2032
9,1,3,26,pad,2508
9,1,3,27,pad,2016
9,1,3,28,pad,2740
9,1,3,29,pad,2256
9,1,3,30,pad,2751
9,1,3,31,pad,2257
9,1,3,32,pad,2512
9,1,3,33,pad,2278
9,1,3,34,pad,2755
9,1,3,35,pad,3194
9,1,3,36,pad,2505
9,1,3,37,pad,2260
9,1,3,38,pad,2748
9,1,3,39,pad,2279
9,1,3,40,pad,2507
9,1,3,41,pad,2262
9,1,3,42,pad,2752
9,1,3,43,pad,2281
9,1,3,44,pad,2502
9,1,3,46,pad,3193
9,1,3,47,pad,2746
9,1,3,48,pad,2252
9,1,3,49,pad,2500
9,1,3,50,pad,2284
9,1,3,51,pad,3413
9,1,3,52,pad,2263
9,1,3,53,pad,2750
9,1,3,54,pad,2282
9,1,3,55,pad,2501
9,1,3,57,pad,2498
9,1,3,58,pad,2745
9,1,3,59,pad,3192
9,1,3,60,pad,2741
9,1,3,61,pad,2280
9,1,3,62,pad,2749
9,1,3,63,pad,2265
9,1,3,64,pad,3412
9,1,3,65,pad,2277
9,1,3,66,pad,2742
9,1,3,67,pad,2268
9,1,2,0,pad,2982
9,1,2,1,pad,2275
9,1,2,2,pad,2743
9,1,2,3,pad,2270
9,1,2,4,pad,2747
9,1,2,5,pad,2274
9,1,2,6,pad,3411
9,1,2,7,pad,2271
9,1,2,8,pad,2971
9,1,2,9,pad,2525
9,1,2,10,pad,2980
9,1,2,12,pad,2258
9,1,2,13,pad,2972
9,1,2,14,pad,2522
9,1,2,15,pad,2744
9,1,2,16,pad,2259
9,1,2,17,pad,3197
9,1,2,18,pad,2520
9,1,2,19,pad,2979
9,1,2,20,pad,3410
9,1,2,21,pad,2738
9,1,2,23,pad,2261
9,1,2,24,pad,3414
9,1,2,25,pad,2519
9,1,2,26,pad,2973
9,1,2,27,pad,2264
9,1,2,28,pad,3198
9,1,2,29,pad,2517
9,1,2,30,pad,3199
9,1,2,31,pad,2739
9,1,2,32,pad,3200
9,1,2,33,pad,3409
9,1,2,34,pad,3415
9,1,2,35,pad,2521
9,1,2,36,pad,3621
9,1,2,37,pad,2266
9,1,2,38,pad,3416
9,1,2,39,pad,2514
9,1,2,40,pad,3622
9,1,2,41,pad,2267
9,1,2,42,pad,3417
9,1,2,43,pad,2518
9,1,2,44,pad,3418
9,1,2,46,pad,2269
9,1,2,47,pad,3419
9,1,2,48,pad,2516
9,1,2,49,pad,3620
9,1,2,50,pad,2499
9,1,2,51,pad,3623
9,1,2,52,pad,2515
9,1,2,53,pad,3624
9,1,2,54,pad,2272
9,1,2,55,pad,3625
9,1,2,57,pad,4027
9,1,2,58,pad,3626
9,1,2,59,pad,3829
9,1,2,60,pad,3619
9,1,2,61,pad,4026
9,1,2,62,pad,3627
9,1,2,63,pad,4121
9,1,2,64,pad,3628
9,1,2,65,pad,4025
9,1,2,66,pad,3629
9,1,2,67,pad,3828
9,1,1,0,pad,3832
9,1,1,1,pad,3827
9,1,1,2,pad,3831
9,1,1,3,pad,4024
9,1,1,4,pad,3830
9,1,1,5,pad,4120
9,1,1,6,pad,3822
9,1,1,7,pad,3617
9,1,1,8,pad,3821
9,1,1,9,pad,3618
4,2,1,10,pad,3636
4,2,1,12,pad,2287
4,2,1,13,pad,993
4,2,1,14,pad,2984
4,2,1,15,pad,994
4,2,1,16,pad,3635
4,2,1,17,pad,4214
4,2,1,18,pad,2038
4,2,1,19,pad,995
4,2,1,20,pad,1779
4,2,1,21,pad,997
4,2,1,23,pad,2987
4,2,1,24,pad,998
4,2,1,25,pad,3634
4,2,1,26,pad,1791
4,2,1,27,pad,1778
4,2,1,28,pad,1788
4,2,1,29,pad,1511
4,2,1,30,pad,2290
4,2,1,31,pad,2759
4,2,1,32,pad,2046
4,2,1,33,pad,3206
4,2,1,34,pad,2043
4,2,1,35,pad,1524
4,2,1,36,pad,2285
4,2,1,37,pad,2986
4,2,1,38,pad,3838
4,2,1,39,pad,1780
4,2,1,40,pad,2529
4,2,1,41,pad,2039
4,2,1,42,pad,2530
4,2,1,43,pad,2037
4,2,1,44,pad,2292
4,2,1,46,pad,1782
4,2,1,47,pad,3837
4,2,1,48,pad,2040
4,2,1,49,pad,1527
4,2,1,50,pad,1786
4,2,1,51,pad,2288
4,2,1,52,pad,3207
4,2,1,53,pad,2528
4,2,1,54,pad,3836
4,2,1,55,pad,1532
4,2,1,57,pad,1785
4,2,1,58,pad,2045
4,2,1,59,pad,2289
4,2,1,60,pad,1794
4,2,1,61,pad,1526
4,2,1,62,pad,1793
4,2,1,63,pad,2526
4,2,1,64,pad,2049
4,2,1,65,pad,3835
4,2,1,66,pad,2047
4,2,1,67,pad,1781
4,2,0,0,pad,1790
4,2,0,1,pad,1513
4,2,0,2,pad,4032
4,2,0,3,pad,1783
4,2,0,4,pad,1792
4,2,0,5,pad,1516
4,2,0,6,pad,1529
4,2,0,7,pad,1518
4,2,0,8,pad,2042
4,2,0,9,pad,1784
4,2,0,10,pad,4031
4,2,0,12,pad,1519
4,2,0,13,pad,2761
4,2,0,14,pad,1521
4,2,0,15,pad,2988
4,2,0,16,pad,2760
4,2,0,17,pad,2524
4,2,0,18,pad,4030
4,2,0,19,pad,2527
4,2,0,20,pad,2041
4,2,0,21,pad,2758
4,2,0,23,pad,2762
4,2,0,24,pad,2283
4,2,0,25,pad,3205
4,2,0,26,pad,2044
4,2,0,27,pad,2981
4,2,0,28,pad,1787
4,2,0,29,pad,4029
4,2,0,30,pad,1789
4,2,0,31,pad,2978
4,2,0,32,pad,2983
4,2,0,33,pad,3204
4,2,0,34,pad,2757
4,2,0,35,pad,3423
4,2,0,36,pad,2985
4,2,0,37,pad,2977
4,2,0,38,pad,2286
4,2,0,39,pad,3203
4,2,0,40,pad,2035
4,2,0,41,pad,3422
4,2,0,42,pad,4124
4,2,0,43,pad,3633
4,2,0,44,pad,2523
4,2,0,46,pad,2976
4,2,0,47,pad,3424
4,2,0,48,pad,3202
4,2,0,49,pad,3421
4,2,0,50,pad,4123
4,2,0,51,pad,4028
4,2,0,52,pad,3632
4,2,0,53,pad,3420
4,2,0,54,pad,2975
4,2,0,55,pad,3631
4,2,0,57,pad,3201
4,2,0,58,pad,4703
4,2,0,59,pad,3834
4,2,0,60,pad,4390
4,2,0,61,pad,4122
4,2,0,62,pad,4629
4,2,0,63,pad,2974
4,2,0,64,pad,4304
4,2,0,65,pad,3630
4,2,0,66,pad,4215
4,2,0,67,pad,3833
4,2,3,0,pad,2299
4,2,3,1,pad,723
4,2,3,2,pad,2298
4,2,3,3,pad,2293
4,2,3,4,pad,2543
4,2,3,5,pad,2296
4,2,3,6,pad,2541
4,2,3,7,pad,2291
4,2,3,8,pad,2060
4,2,3,9,pad,1005
4,2,3,10,pad,2538
4,2,3,12,pad,1275
4,2,3,13,pad,1803
4,2,3,14,pad,1277
4,2,3,15,pad,1807
4,2,3,16,pad,2536
4,2,3,17,pad,1543
4,2,3,18,pad,2535
4,2,3,19,pad,2540
4,2,3,20,pad,2533
4,2,3,21,pad,1546
4,2,3,23,pad,1001
4,2,3,24,pad,2539
4,2,3,25,pad,1003
4,2,3,26,pad,1276
4,2,3,27,pad,1802
4,2,3,28,pad,2537
4,2,3,29,pad,1540
4,2,3,30,pad,1279
4,2,3,31,pad,1541
4,2,3,32,pad,2056
4,2,3,33,pad,2534
4,2,3,34,pad,2058
4,2,3,35,pad,2532
4,2,3,36,pad,1002
4,2,3,37,pad,1273
4,2,3,38,pad,2777
4,2,3,39,pad,1274
4,2,3,40,pad,2775
4,2,3,41,pad,2531
4,2,3,42,pad,2772
4,2,3,43,pad,999
4,2,3,44,pad,1804
4,2,3,46,pad,2770
4,2,3,47,pad,1542
4,2,3,48,pad,1000
4,2,3,49,pad,2308
4,2,3,50,pad,2769
4,2,3,51,pad,2774
4,2,3,52,pad,1270
4,2,3,53,pad,1544
4,2,3,54,pad,1272
4,2,3,55,pad,2773
4,2,3,57,pad,2767
4,2,3,58,pad,2305
4,2,3,59,pad,2050
4,2,3,60,pad,2771
4,2,3,61,pad,1796
4,2,3,62,pad,2544
4,2,3,63,pad,2768
4,2,3,64,pad,1006
4,2,3,65,pad,2766
4,2,3,66,pad,3003
4,2,3,67,pad,1799
4,2,2,0,pad,2542
4,2,2,1,pad,2297
4,2,2,2,pad,3001
4,2,2,3,pad,2765
4,2,2,4,pad,2778
4,2,2,5,pad,2300
4,2,2,6,pad,2998
4,2,2,7,pad,1539
4,2,2,8,pad,1004
4,2,2,9,pad,2996
4,2,2,10,pad,1280
4,2,2,12,pad,2052
4,2,2,13,pad,1278
4,2,2,14,pad,996
4,2,2,15,pad,3000
4,2,2,16,pad,2995
4,2,2,17,pad,2999
4,2,2,18,pad,2993
4,2,2,19,pad,2301
4,2,2,20,pad,2763
4,2,2,21,pad,726
4,2,2,23,pad,2764
4,2,2,24,pad,2997
4,2,2,25,pad,2990
4,2,2,26,pad,1801
4,2,2,27,pad,1795
4,2,2,28,pad,2994
4,2,2,29,pad,1797
4,2,2,30,pad,3222
4,2,2,31,pad,1534
4,2,2,32,pad,2053
4,2,2,33,pad,2992
4,2,2,34,pad,2055
4,2,2,35,pad,2991
4,2,2,36,pad,3220
4,2,2,37,pad,2295
4,2,2,38,pad,3217
4,2,2,39,pad,2048
4,2,2,40,pad,1798
4,2,2,41,pad,2989
4,2,2,42,pad,3215
4,2,2,43,pad,1269
4,2,2,44,pad,2302
4,2,2,46,pad,3214
4,2,2,47,pad,1800
4,2,2,48,pad,1266
4,2,2,49,pad,2051
4,2,2,50,pad,3212
4,2,2,51,pad,3218
4,2,2,52,pad,1267
4,2,2,53,pad,3216
4,2,2,54,pad,1536
4,2,2,55,pad,1537
4,2,2,57,pad,3209
4,2,2,58,pad,2054
4,2,2,59,pad,1535
4,2,2,60,pad,3213
4,2,2,61,pad,3211
4,2,2,62,pad,2303
4,2,2,63,pad,1538
4,2,2,64,pad,2057
4,2,2,65,pad,3210
4,2,2,66,pad,3432
4,2,2,67,pad,1264
4,2,1,0,pad,1805
4,2,1,1,pad,1268
4,2,1,2,pad,3429
4,2,1,3,pad,3208
4,2,1,4,pad,3427
4,2,1,5,pad,1271
4,2,1,6,pad,3430
4,2,1,7,pad,3426
4,2,1,8,pad,3428
4,2,1,9,pad,3425
4,3,1,10,pad,3841
4,3,1,12,pad,3637
4,3,1,13,pad,2558
4,3,1,14,pad,2320
4,3,1,15,pad,2794
4,3,1,16,pad,2317
4,3,1,17,pad,3239
4,3,1,18,pad,3840
4,3,1,19,pad,2792
4,3,1,20,pad,2315
4,3,1,21,pad,2796
4,3,1,23,pad,2554
4,3,1,24,pad,2795
4,3,1,25,pad,3839
4,3,1,26,pad,3021
4,3,1,27,pad,2314
4,3,1,28,pad,3241
4,3,1,29,pad,2318
4,3,1,30,pad,3022
4,3,1,31,pad,2557
4,3,1,32,pad,2561
4,3,1,33,pad,2322
4,3,1,34,pad,2563
4,3,1,35,pad,3019
4,3,1,36,pad,2799
4,3,1,37,pad,2555
4,3,1,38,pad,4035
4,3,1,39,pad,2559
4,3,1,40,pad,3023
4,3,1,41,pad,3016
4,3,1,42,pad,2797
4,3,1,43,pad,2560
4,3,1,44,pad,3025
4,3,1,46,pad,2562
4,3,1,47,pad,2565
4,3,1,48,pad,2556
4,3,1,49,pad,2567
4,3,1,50,pad,3448
4,3,1,51,pad,4034
4,3,1,52,pad,3238
4,3,1,53,pad,3024
4,3,1,54,pad,3235
4,3,1,55,pad,2564
4,3,1,57,pad,3020
4,3,1,58,pad,2801
4,3,1,59,pad,4033
4,3,1,60,pad,3027
4,3,1,61,pad,3018
4,3,1,62,pad,2798
4,3,1,63,pad,3446
4,3,1,64,pad,2566
4,3,1,65,pad,3450
4,3,1,66,pad,3650
4,3,1,67,pad,3028
4,3,0,0,pad,3247
4,3,0,1,pad,3237
4,3,0,2,pad,3654
4,3,0,3,pad,3244
4,3,0,4,pad,4128
4,3,0,5,pad,3246
4,3,0,6,pad,3842
4,3,0,7,pad,2800
4,3,0,8,pad,3453
4,3,0,9,pad,3026
4,3,0,10,pad,3843
4,3,0,12,pad,3451
4,3,0,13,pad,3651
4,3,0,14,pad,2802
4,3,0,15,pad,4127
4,3,0,16,pad,3240
4,3,0,17,pad,3452
4,3,0,18,pad,3642
4,3,0,19,pad,3845
4,3,0,20,pad,3640
4,3,0,21,pad,3030
4,3,0,23,pad,3643
4,3,0,24,pad,3242
4,3,0,25,pad,4126
4,3,0,26,pad,3456
4,3,0,27,pad,3447
4,3,0,28,pad,3653
4,3,0,29,pad,3652
4,3,0,30,pad,3851
4,3,0,31,pad,4125
4,3,0,32,pad,3846
4,3,0,33,pad,2568
4,3,0,34,pad,3243
4,3,0,35,pad,3449
4,3,0,36,pad,4219
4,3,0,37,pad,3848
4,3,0,38,pad,3454
4,3,0,39,pad,3655
4,3,0,40,pad,3657
4,3,0,41,pad,3850
4,3,0,42,pad,3656
4,3,0,43,pad,3844
4,3,0,44,pad,3245
4,3,0,46,pad,4036
4,3,0,47,pad,4218
4,3,0,48,pad,3853
4,3,0,49,pad,3455
4,3,0,50,pad,3458
4,3,0,51,pad,3847
4,3,0,52,pad,3660
4,3,0,53,pad,3849
4,3,0,54,pad,4217
4,3,0,55,pad,3852
4,3,0,57,pad,3658
4,3,0,58,pad,4037
4,3,0,59,pad,3856
4,3,0,60,pad,4129
4,3,0,61,pad,4305
4,3,0,62,pad,4220
4,3,0,63,pad,4216
4,3,0,64,pad,4308
4,3,0,65,pad,4393
4,3,0,66,pad,4307
4,3,0,67,pad,4306
4,3,3,0,pad,2553
4,3,3,1,pad,2548
4,3,3,2,pad,2791
4,3,3,3,pad,2551
4,3,3,4,pad,2793
4,3,3,5,pad,1808
4,3,3,6,pad,2788
4,3,3,7,pad,1282
4,3,3,8,pad,1815
4,3,3,9,pad,2545
4,3,3,10,pad,2786
4,3,3,12,pad,1547
4,3,3,13,pad,2790
4,3,3,14,pad,2059
4,3,3,15,pad,1281
4,3,3,16,pad,2310
4,3,3,17,pad,2789
4,3,3,18,pad,2307
4,3,3,19,pad,1806
4,3,3,20,pad,2547
4,3,3,21,pad,2787
4,3,3,23,pad,2783
4,3,3,24,pad,1816
4,3,3,25,pad,1545
4,3,3,26,pad,2784
4,3,3,27,pad,2780
4,3,3,28,pad,1818
4,3,3,29,pad,2306
4,3,3,30,pad,1811
4,3,3,31,pad,2546
4,3,3,32,pad,3017
4,3,3,33,pad,2062
4,3,3,34,pad,1812
4,3,3,35,pad,2781
4,3,3,36,pad,3014
4,3,3,37,pad,2549
4,3,3,38,pad,1814
4,3,3,39,pad,2779
4,3,3,40,pad,2316
4,3,3,41,pad,2776
4,3,3,42,pad,3012
4,3,3,43,pad,2063
4,3,3,44,pad,2068
4,3,3,46,pad,2311
4,3,3,47,pad,3015
4,3,3,48,pad,2785
4,3,3,49,pad,2066
4,3,3,50,pad,2309
4,3,3,51,pad,1817
4,3,3,52,pad,2061
4,3,3,53,pad,1819
4,3,3,54,pad,3009
4,3,3,55,pad,3013
4,3,3,57,pad,2782
4,3,3,58,pad,2070
4,3,3,59,pad,3006
4,3,3,60,pad,3010
4,3,3,61,pad,3004
4,3,3,62,pad,2071
4,3,3,63,pad,2552
4,3,3,64,pad,3236
4,3,3,65,pad,2550
4,3,3,66,pad,2073
4,3,3,67,pad,3005
4,3,2,0,pad,3233
4,3,2,1,pad,3007
4,3,2,2,pad,2067
4,3,2,3,pad,3002
4,3,2,4,pad,3231
4,3,2,5,pad,1554
4,3,2,6,pad,2076
4,3,2,7,pad,1283
4,3,2,8,pad,3230
4,3,2,9,pad,1552
4,3,2,10,pad,3234
4,3,2,12,pad,1549
4,3,2,13,pad,2078
4,3,2,14,pad,1548
4,3,2,15,pad,3232
4,3,2,16,pad,1553
4,3,2,17,pad,2319
4,3,2,18,pad,1809
4,3,2,19,pad,2069
4,3,2,20,pad,2065
4,3,2,21,pad,3229
4,3,2,23,pad,1551
4,3,2,24,pad,2072
4,3,2,25,pad,2064
4,3,2,26,pad,3227
4,3,2,27,pad,3223
4,3,2,28,pad,2074
4,3,2,29,pad,1810
4,3,2,30,pad,3226
4,3,2,31,pad,2313
4,3,2,32,pad,3445
4,3,2,33,pad,1550
4,3,2,34,pad,2075
4,3,2,35,pad,3225
4,3,2,36,pad,3443
4,3,2,37,pad,3011
4,3,2,38,pad,2077
4,3,2,39,pad,3008
4,3,2,40,pad,2321
4,3,2,41,pad,3221
4,3,2,42,pad,3442
4,3,2,43,pad,3228
4,3,2,44,pad,3440
4,3,2,46,pad,3219
4,3,2,47,pad,3444
4,3,2,48,pad,2312
4,3,2,49,pad,2324
4,3,2,50,pad,1813
4,3,2,51,pad,2326
4,3,2,52,pad,3224
4,3,2,53,pad,2327
4,3,2,54,pad,3437
4,3,2,55,pad,3441
4,3,2,57,pad,3435
4,3,2,58,pad,2329
4,3,2,59,pad,3434
4,3,2,60,pad,3439
4,3,2,61,pad,3438
4,3,2,62,pad,2323
4,3,2,63,pad,3860
4,3,2,64,pad,3649
4,3,2,65,pad,3436
4,3,2,66,pad,2325
4,3,2,67,pad,2304
4,3,1,0,pad,3647
4,3,1,1,pad,3644
4,3,1,2,pad,2328
4,3,1,3,pad,3433
4,3,1,4,pad,3646
4,3,1,5,pad,3431
4,3,1,6,pad,3648
4,3,1,7,pad,3639
4,3,1,8,pad,3645
4,3,1,9,pad,3641
9,2,1,10,pad,4566
9,2,1,12,pad,4790
9,2,1,13,pad,4485
9,2,1,14,pad,4789
9,2,1,15,pad,4484
9,2,1,16,pad,4476
9,2,1,17,pad,4565
9,2,1,18,pad,4475
9,2,1,19,pad,4856
9,2,1,20,pad,4855
9,2,1,21,pad,4483
9,2,1,23,pad,4474
9,2,1,24,pad,4482
9,2,1,25,pad,4854
9,2,1,26,pad,4481
9,2,1,27,pad,4473
9,2,1,28,pad,4480
9,2,1,29,pad,4559
9,2,1,30,pad,4479
9,2,1,31,pad,4558
9,2,1,32,pad,4478
9,2,1,33,pad,4557
9,2,1,34,pad,4477
9,2,1,35,pad,4556
9,2,1,36,pad,4564
9,2,1,37,pad,4555
9,2,1,38,pad,4563
9,2,1,39,pad,4554
9,2,1,40,pad,4562
9,2,1,41,pad,4553
9,2,1,42,pad,4561
9,2,1,43,pad,4635
9,2,1,44,pad,4917
9,2,1,46,pad,4634
9,2,1,47,pad,4560
9,2,1,48,pad,4633
9,2,1,49,pad,4916
9,2,1,50,pad,4632
9,2,1,51,pad,4641
9,2,1,52,pad,4915
9,2,1,53,pad,4640
9,2,1,54,pad,4631
9,2,1,55,pad,4639
9,2,1,57,pad,4914
9,2,1,58,pad,4638
9,2,1,59,pad,4630
9,2,1,60,pad,4637
9,2,1,61,pad,4709
9,2,1,62,pad,4636
9,2,1,63,pad,4708
9,2,1,64,pad,4718
9,2,1,65,pad,4707
9,2,1,66,pad,4717
9,2,1,67,pad,4706
9,2,0,0,pad,4788
9,2,0,1,pad,4705
9,2,0,2,pad,4787
9,2,0,3,pad,4704
9,2,0,4,pad,4786
9,2,0,5,pad,4780
9,2,0,6,pad,4853
9,2,0,7,pad,4779
9,2,0,8,pad,4972
9,2,0,9,pad,4971
9,2,0,10,pad,4785
9,2,0,12,pad,4778
9,2,0,13,pad,4784
9,2,0,14,pad,4970
9,2,0,15,pad,4783
9,2,0,16,pad,4777
9,2,0,17,pad,4782
9,2,0,18,pad,4776
9,2,0,19,pad,4781
9,2,0,20,pad,4775
9,2,0,21,pad,4852
9,2,0,23,pad,4774
9,2,0,24,pad,4851
9,2,0,25,pad,4773
9,2,0,26,pad,4850
9,2,0,27,pad,440
9,2,0,28,pad,4849
9,2,0,29,pad,4845
9,2,0,30,pad,4848
9,2,0,31,pad,4844
9,2,0,32,pad,4847
9,2,0,33,pad,4843
9,2,0,34,pad,5021
9,2,0,35,pad,4842
9,2,0,36,pad,4846
9,2,0,37,pad,4841
9,2,0,38,pad,5020
9,2,0,39,pad,4840
9,2,0,40,pad,4913
9,2,0,41,pad,4839
9,2,0,42,pad,4912
9,2,0,43,pad,5019
9,2,0,44,pad,4911
9,2,0,46,pad,4838
9,2,0,47,pad,4910
9,2,0,48,pad,4908
9,2,0,49,pad,4909
9,2,0,50,pad,4907
9,2,0,51,pad,5018
9,2,0,52,pad,4906
9,2,0,53,pad,4969
9,2,0,54,pad,4905
9,2,0,55,pad,4968
9,2,0,57,pad,4904
9,2,0,58,pad,4967
9,2,0,59,pad,4903
9,2,0,60,pad,4966
9,2,0,61,pad,4902
9,2,0,62,pad,4965
9,2,0,63,pad,4901
9,2,0,64,pad,5017
9,2,0,65,pad,5060
9,2,0,66,pad,5061
9,2,0,67,pad,5059
9,2,3,0,pad,4319
9,2,3,1,pad,4318
9,2,3,2,pad,3249
9,2,3,3,pad,4317
9,2,3,4,pad,3462
9,2,3,5,pad,3664
9,2,3,6,pad,3866
9,2,3,7,pad,3861
9,2,3,8,pad,3248
9,2,3,9,pad,3663
9,2,3,10,pad,3461
9,2,3,12,pad,3661
9,2,3,13,pad,3666
9,2,3,14,pad,3859
9,2,3,15,pad,3668
9,2,3,16,pad,3662
9,2,3,17,pad,3864
9,2,3,18,pad,3659
9,2,3,19,pad,3460
9,2,3,20,pad,3858
9,2,3,21,pad,4406
9,2,3,23,pad,4405
9,2,3,24,pad,3665
9,2,3,25,pad,3855
9,2,3,26,pad,3459
9,2,3,27,pad,4404
9,2,3,28,pad,4227
9,2,3,29,pad,3854
9,2,3,30,pad,3457
9,2,3,31,pad,4040
9,2,3,32,pad,4137
9,2,3,33,pad,4226
9,2,3,34,pad,3256
9,2,3,35,pad,4134
9,2,3,36,pad,3469
9,2,3,37,pad,4316
9,2,3,38,pad,3674
9,2,3,39,pad,4039
9,2,3,40,pad,3468
9,2,3,41,pad,4133
9,2,3,42,pad,3870
9,2,3,43,pad,4038
9,2,3,44,pad,3872
9,2,3,46,pad,4132
9,2,3,47,pad,4490
9,2,3,48,pad,4403
9,2,3,49,pad,4043
9,2,3,50,pad,4225
9,2,3,51,pad,4489
9,2,3,52,pad,4131
9,2,3,53,pad,3673
9,2,3,54,pad,4488
9,2,3,55,pad,3467
9,2,3,57,pad,4487
9,2,3,58,pad,3251
9,2,3,59,pad,3466
9,2,3,60,pad,3868
9,2,3,61,pad,3865
9,2,3,62,pad,4136
9,2,3,63,pad,3669
9,2,3,64,pad,3672
9,2,3,65,pad,3463
9,2,3,66,pad,3869
9,2,3,67,pad,4042
9,2,2,0,pad,3465
9,2,2,1,pad,3867
9,2,2,2,pad,3671
9,2,2,3,pad,3250
9,2,2,4,pad,3253
9,2,2,5,pad,3863
9,2,2,6,pad,1558
9,2,2,7,pad,3862
9,2,2,8,pad,4570
9,2,2,9,pad,4135
9,2,2,10,pad,3857
9,2,2,12,pad,4569
9,2,2,13,pad,3871
9,2,2,14,pad,4041
9,2,2,15,pad,3464
9,2,2,16,pad,4568
9,2,2,17,pad,3667
9,2,2,18,pad,4130
9,2,2,19,pad,4228
9,2,2,20,pad,4486
9,2,2,21,pad,3670
9,2,2,23,pad,4567
9,2,2,24,pad,3029
9,2,2,25,pad,4402
9,2,2,26,pad,3031
9,2,2,27,pad,4315
9,2,2,28,pad,3676
9,2,2,29,pad,4401
9,2,2,30,pad,3874
9,2,2,31,pad,4314
9,2,2,32,pad,3470
9,2,2,33,pad,4224
9,2,2,34,pad,3675
9,2,2,35,pad,4400
9,2,2,36,pad,4648
9,2,2,37,pad,4313
9,2,2,38,pad,4044
9,2,2,39,pad,4223
9,2,2,40,pad,4647
9,2,2,41,pad,4646
9,2,2,42,pad,3472
9,2,2,43,pad,4222
9,2,2,44,pad,3873
9,2,2,46,pad,4221
9,2,2,47,pad,3678
9,2,2,48,pad,4645
9,2,2,49,pad,3677
9,2,2,50,pad,4399
9,2,2,51,pad,3875
9,2,2,52,pad,4312
9,2,2,53,pad,3471
9,2,2,54,pad,4311
9,2,2,55,pad,4138
9,2,2,57,pad,4310
9,2,2,58,pad,3876
9,2,2,59,pad,4309
9,2,2,60,pad,3252
9,2,2,61,pad,4398
9,2,2,62,pad,2803
9,2,2,63,pad,4397
9,2,2,64,pad,2804
9,2,2,65,pad,4396
9,2,2,66,pad,4722
9,2,2,67,pad,4395
9,2,1,0,pad,4229
9,2,1,1,pad,4721
9,2,1,2,pad,3033
9,2,1,3,pad,4394
9,2,1,4,pad,2805
9,2,1,5,pad,4392
9,2,1,6,pad,2569
9,2,1,7,pad,4720
9,2,1,8,pad,4792
9,2,1,9,pad,4391
9,3,1,10,pad,4859
9,3,1,12,pad,4858
9,3,1,13,pad,4860
9,3,1,14,pad,4857
9,3,1,15,pad,4861
9,3,1,16,pad,4654
9,3,1,17,pad,4862
9,3,1,18,pad,4655
9,3,1,19,pad,4863
9,3,1,20,pad,4656
9,3,1,21,pad,4864
9,3,1,23,pad,4657
9,3,1,24,pad,4865
9,3,1,25,pad,4658
9,3,1,26,pad,4866
9,3,1,27,pad,4791
9,3,1,28,pad,4867
9,3,1,29,pad,4796
9,3,1,30,pad,4868
9,3,1,31,pad,4727
9,3,1,32,pad,4920
9,3,1,33,pad,4797
9,3,1,34,pad,4921
9,3,1,35,pad,4728
9,3,1,36,pad,4919
9,3,1,37,pad,4798
9,3,1,38,pad,4922
9,3,1,39,pad,4918
9,3,1,40,pad,4923
9,3,1,41,pad,4729
9,3,1,42,pad,4924
9,3,1,43,pad,4799
9,3,1,44,pad,4925
9,3,1,46,pad,4730
9,3,1,47,pad,4926
9,3,1,48,pad,4731
9,3,1,49,pad,4927
9,3,1,50,pad,4732
9,3,1,51,pad,4928
9,3,1,52,pad,4733
9,3,1,53,pad,4929
9,3,1,54,pad,4800
9,3,1,55,pad,4978
9,3,1,57,pad,4801
9,3,1,58,pad,4977
9,3,1,59,pad,4802
9,3,1,60,pad,4976
9,3,1,61,pad,4803
9,3,1,62,pad,4979
9,3,1,63,pad,4719
9,3,1,64,pad,4975
9,3,1,65,pad,4644
9,3,1,66,pad,4980
9,3,1,67,pad,4974
9,3,0,0,pad,4981
9,3,0,1,pad,4643
9,3,0,2,pad,4982
9,3,0,3,pad,4973
9,3,0,4,pad,4983
9,3,0,5,pad,4642
9,3,0,6,pad,4984
9,3,0,7,pad,4716
9,3,0,8,pad,4985
9,3,0,9,pad,4715
9,3,0,10,pad,5028
9,3,0,12,pad,4714
9,3,0,13,pad,5027
9,3,0,14,pad,4713
9,3,0,15,pad,5026
9,3,0,16,pad,4712
9,3,0,17,pad,5025
9,3,0,18,pad,4711
9,3,0,19,pad,5029
9,3,0,20,pad,4710
9,3,0,21,pad,5024
9,3,0,23,pad,5016
9,3,0,24,pad,5030
9,3,0,25,pad,5015
9,3,0,26,pad,5023
9,3,0,27,pad,4964
9,3,0,28,pad,5031
9,3,0,29,pad,5022
9,3,0,30,pad,5032
9,3,0,31,pad,5014
9,3,0,32,pad,5033
9,3,0,33,pad,5058
9,3,0,34,pad,5034
9,3,0,35,pad,5013
9,3,0,36,pad,5070
9,3,0,37,pad,4960
9,3,0,38,pad,5069
9,3,0,39,pad,4961
9,3,0,40,pad,5068
9,3,0,41,pad,4962
9,3,0,42,pad,5067
9,3,0,43,pad,4963
9,3,0,44,pad,5066
9,3,0,46,pad,5104
9,3,0,47,pad,5071
9,3,0,48,pad,5103
9,3,0,49,pad,5065
9,3,0,50,pad,5102
9,3,0,51,pad,5072
9,3,0,52,pad,5101
9,3,0,53,pad,5064
9,3,0,54,pad,5100
9,3,0,55,pad,5073
9,3,0,57,pad,5063
9,3,0,58,pad,5074
9,3,0,59,pad,5099
9,3,0,60,pad,5075
9,3,0,61,pad,5062
9,3,0,62,pad,5106
9,3,0,63,pad,5098
9,3,0,64,pad,5105
9,3,0,65,pad,5097
9,3,0,66,pad,5095
9,3,0,67,pad,5096
9,3,3,0,pad,4322
9,3,3,1,pad,4320
9,3,3,2,pad,3882
9,3,3,3,pad,3877
9,3,3,4,pad,2575
9,3,3,5,pad,3254
9,3,3,6,pad,4409
9,3,3,7,pad,3032
9,3,3,8,pad,3881
9,3,3,9,pad,4408
9,3,3,10,pad,4231
9,3,3,12,pad,2570
9,3,3,13,pad,3039
9,3,3,14,pad,2807
9,3,3,15,pad,4046
9,3,3,16,pad,4407
9,3,3,17,pad,3475
9,3,3,18,pad,3035
9,3,3,19,pad,4140
9,3,3,20,pad,2571
9,3,3,21,pad,2574
9,3,3,23,pad,3255
9,3,3,24,pad,3884
9,3,3,25,pad,2806
9,3,3,26,pad,3262
9,3,3,27,pad,3034
9,3,3,28,pad,4232
9,3,3,29,pad,3679
9,3,3,30,pad,2811
9,3,3,31,pad,3258
9,3,3,32,pad,4047
9,3,3,33,pad,3473
9,3,3,34,pad,4493
9,3,3,35,pad,4230
9,3,3,36,pad,3684
9,3,3,37,pad,4045
9,3,3,38,pad,3886
9,3,3,39,pad,3680
9,3,3,40,pad,4492
9,3,3,41,pad,4491
9,3,3,42,pad,3261
9,3,3,43,pad,3878
9,3,3,44,pad,4141
9,3,3,46,pad,4321
9,3,3,47,pad,3041
9,3,3,48,pad,3259
9,3,3,49,pad,3887
9,3,3,50,pad,3880
9,3,3,51,pad,3477
9,3,3,52,pad,4139
9,3,3,53,pad,4233
9,3,3,54,pad,3681
9,3,3,55,pad,3683
9,3,3,57,pad,3879
9,3,3,58,pad,3889
9,3,3,59,pad,3682
9,3,3,60,pad,4574
9,3,3,61,pad,3476
9,3,3,62,pad,3883
9,3,3,63,pad,2809
9,3,3,64,pad,4573
9,3,3,65,pad,3036
9,3,3,66,pad,3892
9,3,3,67,pad,4572
9,3,2,0,pad,4494
9,3,2,1,pad,2573
9,3,2,2,pad,3478
9,3,2,3,pad,3257
9,3,2,4,pad,4143
9,3,2,5,pad,4571
9,3,2,6,pad,3040
9,3,2,7,pad,2572
9,3,2,8,pad,4144
9,3,2,9,pad,2808
9,3,2,10,pad,3686
9,3,2,12,pad,3037
9,3,2,13,pad,4575
9,3,2,14,pad,2330
9,3,2,15,pad,3263
9,3,2,16,pad,3474
9,3,2,17,pad,4235
9,3,2,18,pad,3260
9,3,2,19,pad,3264
9,3,2,20,pad,3038
9,3,2,21,pad,4325
9,3,2,23,pad,4410
9,3,2,24,pad,4651
9,3,2,25,pad,4048
9,3,2,26,pad,3885
9,3,2,27,pad,4323
9,3,2,28,pad,4496
9,3,2,29,pad,4142
9,3,2,30,pad,4650
9,3,2,31,pad,4234
9,3,2,32,pad,3685
9,3,2,33,pad,4649
9,3,2,34,pad,4413
9,3,2,35,pad,4411
9,3,2,36,pad,3480
9,3,2,37,pad,4324
9,3,2,38,pad,4497
9,3,2,39,pad,4050
9,3,2,40,pad,3479
9,3,2,41,pad,4049
9,3,2,42,pad,4578
9,3,2,43,pad,4495
9,3,2,44,pad,3687
9,3,2,46,pad,4652
9,3,2,47,pad,4498
9,3,2,48,pad,4576
9,3,2,49,pad,4726
9,3,2,50,pad,4412
9,3,2,51,pad,3482
9,3,2,52,pad,4236
9,3,2,53,pad,2810
9,3,2,54,pad,4326
9,3,2,55,pad,4725
9,3,2,57,pad,4724
9,3,2,58,pad,4499
9,3,2,59,pad,4653
9,3,2,60,pad,3888
9,3,2,61,pad,4723
9,3,2,62,pad,4580
9,3,2,63,pad,4577
9,3,2,64,pad,3688
9,3,2,65,pad,4237
9,3,2,66,pad,3481
9,3,2,67,pad,4327
9,3,1,0,pad,3689
9,3,1,1,pad,4414
9,3,1,2,pad,3690
9,3,1,3,pad,4328
9,3,1,4,pad,3890
9,3,1,5,pad,4579
9,3,1,6,pad,4795
9,3,1,7,pad,4415
9,3,1,8,pad,4794
9,3,1,9,pad,4793
0,0,1,10,pad,3282
0,0,1,12,pad,3493
0,0,1,13,pad,3499
0,0,1,14,pad,2332
0,0,1,15,pad,3496
0,0,1,16,pad,2331
0,0,1,17,pad,3498
0,0,1,18,pad,3490
0,0,1,19,pad,3280
0,0,1,20,pad,2815
0,0,1,21,pad,3277
0,0,1,23,pad,2814
0,0,1,24,pad,3495
0,0,1,25,pad,3494
0,0,1,26,pad,3275
0,0,1,27,pad,3044
0,0,1,28,pad,3273
0,0,1,29,pad,3489
0,0,1,30,pad,3274
0,0,1,31,pad,3702
0,0,1,32,pad,2818
0,0,1,33,pad,3697
0,0,1,34,pad,2580
0,0,1,35,pad,1570
0,0,1,36,pad,3708
0,0,1,37,pad,3048
0,0,1,38,pad,2581
0,0,1,39,pad,3271
0,0,1,40,pad,2336
0,0,1,41,pad,3270
0,0,1,42,pad,3703
0,0,1,43,pad,3269
0,0,1,44,pad,2819
0,0,1,46,pad,3045
0,0,1,47,pad,2334
0,0,1,48,pad,3701
0,0,1,49,pad,2082
0,0,1,50,pad,3698
0,0,1,51,pad,3704
0,0,1,52,pad,3268
0,0,1,53,pad,2081
0,0,1,54,pad,2577
0,0,1,55,pad,1822
0,0,1,57,pad,2576
0,0,1,58,pad,2333
0,0,1,59,pad,3267
0,0,1,60,pad,2578
0,0,1,61,pad,3488
0,0,1,62,pad,3904
0,0,1,63,pad,3901
0,0,1,64,pad,3907
0,0,1,65,pad,3898
0,0,1,66,pad,2579
0,0,1,67,pad,3047
0,0,0,0,pad,2817
0,0,0,1,pad,3485
0,0,0,2,pad,2816
0,0,0,3,pad,2812
0,0,0,4,pad,3049
0,0,0,5,pad,2813
0,0,0,6,pad,3906
0,0,0,7,pad,3043
0,0,0,8,pad,3706
0,0,0,9,pad,3902
0,0,0,10,pad,3905
0,0,0,12,pad,3897
0,0,0,13,pad,3705
0,0,0,14,pad,3265
0,0,0,15,pad,3497
0,0,0,16,pad,3042
0,0,0,17,pad,3903
0,0,0,18,pad,3266
0,0,0,19,pad,1823
0,0,0,20,pad,3483
0,0,0,21,pad,1007
0,0,0,23,pad,3491
0,0,0,24,pad,1285
0,0,0,25,pad,3492
0,0,0,26,pad,1284
0,0,0,27,pad,3700
0,0,0,28,pad,3046
0,0,0,29,pad,3699
0,0,0,30,pad,4053
0,0,0,31,pad,3899
0,0,0,32,pad,4052
0,0,0,33,pad,3900
0,0,0,34,pad,1555
0,0,0,35,pad,4051
0,0,0,36,pad,1556
0,0,0,37,pad,3487
0,0,0,38,pad,1821
0,0,0,39,pad,3486
0,0,0,40,pad,1820
0,0,0,41,pad,3695
0,0,0,42,pad,2079
0,0,0,43,pad,3694
0,0,0,44,pad,2080
0,0,0,46,pad,3484
0,0,0,47,pad,3272
0,0,0,48,pad,3692
0,0,0,49,pad,4239
0,0,0,50,pad,3696
0,0,0,51,pad,4416
0,0,0,52,pad,3693
0,0,0,53,pad,4581
0,0,0,54,pad,3691
0,0,0,55,pad,4734
0,0,0,57,pad,3896
0,0,0,58,pad,4146
0,0,0,59,pad,3893
0,0,0,60,pad,4869
0,0,0,61,pad,3895
0,0,0,62,pad,4986
0,0,0,63,pad,3894
0,0,0,64,pad,4238
0,0,0,65,pad,4145
0,0,0,66,pad,5076
0,0,0,67,pad,3891
0,0,3,0,pad,1834
0,0,3,1,pad,1829
0,0,3,2,pad,1294
0,0,3,3,pad,1564
0,0,3,4,pad,1295
0,0,3,5,pad,1563
0,0,3,6,pad,1017
0,0,3,7,pad,728
0,0,3,8,pad,1571
0,0,3,9,pad,1013
0,0,3,10,pad,1837
0,0,3,12,pad,1012
0,0,3,13,pad,1569
0,0,3,14,pad,1290
0,0,3,15,pad,1565
0,0,3,16,pad,1291
0,0,3,17,pad,1566
0,0,3,18,pad,2089
0,0,3,19,pad,2095
0,0,3,20,pad,730
0,0,3,21,pad,2092
0,0,3,23,pad,729
0,0,3,24,pad,446
0,0,3,25,pad,1014
0,0,3,26,pad,150
0,0,3,27,pad,1015
0,0,3,28,pad,738
0,0,3,29,pad,1293
0,0,3,30,pad,1022
0,0,3,31,pad,2090
0,0,3,32,pad,2091
0,0,3,33,pad,1292
0,0,3,34,pad,148
0,0,3,35,pad,1830
0,0,3,36,pad,445
0,0,3,37,pad,1562
0,0,3,38,pad,444
0,0,3,39,pad,1561
0,0,3,40,pad,735
0,0,3,41,pad,1828
0,0,3,42,pad,1301
0,0,3,43,pad,2342
0,0,3,44,pad,736
0,0,3,46,pad,2087
0,0,3,47,pad,2343
0,0,3,48,pad,2088
0,0,3,49,pad,2348
0,0,3,50,pad,2340
0,0,3,51,pad,1019
0,0,3,52,pad,1011
0,0,3,53,pad,734
0,0,3,54,pad,2341
0,0,3,55,pad,733
0,0,3,57,pad,1010
0,0,3,58,pad,443
0,0,3,59,pad,1288
0,0,3,60,pad,2344
0,0,3,61,pad,1289
0,0,3,62,pad,442
0,0,3,63,pad,1560
0,0,3,64,pad,2346
0,0,3,65,pad,1559
0,0,3,66,pad,1299
0,0,3,67,pad,2586
0,0,2,0,pad,1298
0,0,2,1,pad,1008
0,0,2,2,pad,1020
0,0,2,3,pad,1009
0,0,2,4,pad,2592
0,0,2,5,pad,1287
0,0,2,6,pad,2589
0,0,2,7,pad,1286
0,0,2,8,pad,1021
0,0,2,9,pad,1557
0,0,2,10,pad,2591
0,0,2,12,pad,2587
0,0,2,13,pad,1567
0,0,2,14,pad,1826
0,0,2,15,pad,1568
0,0,2,16,pad,1827
0,0,2,17,pad,1297
0,0,2,18,pad,2086
0,0,2,19,pad,2588
0,0,2,20,pad,2085
0,0,2,21,pad,1296
0,0,2,23,pad,2338
0,0,2,24,pad,1018
0,0,2,25,pad,2583
0,0,2,26,pad,3638
0,0,2,27,pad,2582
0,0,2,28,pad,441
0,0,2,29,pad,2820
0,0,2,30,pad,732
0,0,2,31,pad,2825
0,0,2,32,pad,2826
0,0,2,33,pad,2337
0,0,2,34,pad,2831
0,0,2,35,pad,2339
0,0,2,36,pad,731
0,0,2,37,pad,2585
0,0,2,38,pad,1016
0,0,2,39,pad,2823
0,0,2,40,pad,1833
0,0,2,41,pad,1824
0,0,2,42,pad,2828
0,0,2,43,pad,2824
0,0,2,44,pad,2590
0,0,2,46,pad,2821
0,0,2,47,pad,1832
0,0,2,48,pad,1825
0,0,2,49,pad,2827
0,0,2,50,pad,2084
0,0,2,51,pad,1835
0,0,2,52,pad,2083
0,0,2,53,pad,2094
0,0,2,54,pad,2335
0,0,2,55,pad,2345
0,0,2,57,pad,2584
0,0,2,58,pad,2829
0,0,2,59,pad,3054
0,0,2,60,pad,3057
0,0,2,61,pad,3051
0,0,2,62,pad,3060
0,0,2,63,pad,2822
0,0,2,64,pad,3059
0,0,2,65,pad,3052
0,0,2,66,pad,2093
0,0,2,67,pad,3050
0,0,1,0,pad,3058
0,0,1,1,pad,3055
0,0,1,2,pad,3056
0,0,1,3,pad,3053
0,0,1,4,pad,1831
0,0,1,5,pad,3281
0,0,1,6,pad,3284
0,0,1,7,pad,3278
0,0,1,8,pad,3279
0,0,1,9,pad,3276
0,1,1,10,pad,3285
0,1,1,12,pad,3500
0,1,1,13,pad,3506
0,1,1,14,pad,3504
0,1,1,15,pad,2364
0,1,1,16,pad,3501
0,1,1,17,pad,2363
0,1,1,18,pad,3288
0,1,1,19,pad,3509
0,1,1,20,pad,3290
0,1,1,21,pad,2847
0,1,1,23,pad,3503
0,1,1,24,pad,2846
0,1,1,25,pad,3291
0,1,1,26,pad,3505
0,1,1,27,pad,3294
0,1,1,28,pad,3076
0,1,1,29,pad,3293
0,1,1,30,pad,3510
0,1,1,31,pad,2842
0,1,1,32,pad,3713
0,1,1,33,pad,2604
0,1,1,34,pad,3718
0,1,1,35,pad,3707
0,1,1,36,pad,1573
0,1,1,37,pad,2605
0,1,1,38,pad,3072
0,1,1,39,pad,2360
0,1,1,40,pad,3295
0,1,1,41,pad,3711
0,1,1,42,pad,3297
0,1,1,43,pad,2843
0,1,1,44,pad,3298
0,1,1,46,pad,2361
0,1,1,47,pad,3077
0,1,1,48,pad,2109
0,1,1,49,pad,3714
0,1,1,50,pad,3712
0,1,1,51,pad,3717
0,1,1,52,pad,2110
0,1,1,53,pad,3300
0,1,1,54,pad,1851
0,1,1,55,pad,2609
0,1,1,57,pad,2362
0,1,1,58,pad,2608
0,1,1,59,pad,2607
0,1,1,60,pad,3299
0,1,1,61,pad,3912
0,1,1,62,pad,3512
0,1,1,63,pad,3908
0,1,1,64,pad,3914
0,1,1,65,pad,2606
0,1,1,66,pad,3917
0,1,1,67,pad,2844
0,1,0,0,pad,3074
0,1,0,1,pad,2845
0,1,0,2,pad,3514
0,1,0,3,pad,3073
0,1,0,4,pad,2849
0,1,0,5,pad,3909
0,1,0,6,pad,2848
0,1,0,7,pad,3709
0,1,0,8,pad,3078
0,1,0,9,pad,3910
0,1,0,10,pad,3913
0,1,0,12,pad,3710
0,1,0,13,pad,3918
0,1,0,14,pad,3502
0,1,0,15,pad,3302
0,1,0,16,pad,3911
0,1,0,17,pad,3079
0,1,0,18,pad,1850
0,1,0,19,pad,3301
0,1,0,20,pad,1039
0,1,0,21,pad,3515
0,1,0,23,pad,1317
0,1,0,24,pad,3507
0,1,0,25,pad,1316
0,1,0,26,pad,3508
0,1,0,27,pad,3075
0,1,0,28,pad,3716
0,1,0,29,pad,4147
0,1,0,30,pad,3715
0,1,0,31,pad,4054
0,1,0,32,pad,3915
0,1,0,33,pad,1587
0,1,0,34,pad,3916
0,1,0,35,pad,1588
0,1,0,36,pad,4055
0,1,0,37,pad,1853
0,1,0,38,pad,3511
0,1,0,39,pad,1852
0,1,0,40,pad,3513
0,1,0,41,pad,2111
0,1,0,42,pad,3719
0,1,0,43,pad,2112
0,1,0,44,pad,3721
0,1,0,46,pad,3296
0,1,0,47,pad,3516
0,1,0,48,pad,4329
0,1,0,49,pad,3724
0,1,0,50,pad,4500
0,1,0,51,pad,3720
0,1,0,52,pad,4659
0,1,0,53,pad,3722
0,1,0,54,pad,4804
0,1,0,55,pad,3723
0,1,0,57,pad,4148
0,1,0,58,pad,3920
0,1,0,59,pad,4930
0,1,0,60,pad,3922
0,1,0,61,pad,5035
0,1,0,62,pad,3919
0,1,0,63,pad,4240
0,1,0,64,pad,3921
0,1,0,65,pad,5107
0,1,0,66,pad,4149
0,1,0,67,pad,3923
0,1,3,0,pad,1839
0,1,3,1,pad,1307
0,1,3,2,pad,1845
0,1,3,3,pad,1306
0,1,3,4,pad,1580
0,1,3,5,pad,1028
0,1,3,6,pad,1579
0,1,3,7,pad,1572
0,1,3,8,pad,747
0,1,3,9,pad,1836
0,1,3,10,pad,1032
0,1,3,12,pad,1574
0,1,3,13,pad,1033
0,1,3,14,pad,1578
0,1,3,15,pad,1311
0,1,3,16,pad,1577
0,1,3,17,pad,1310
0,1,3,18,pad,2096
0,1,3,19,pad,2102
0,1,3,20,pad,2100
0,1,3,21,pad,746
0,1,3,23,pad,447
0,1,3,24,pad,745
0,1,3,25,pad,149
0,1,3,26,pad,1030
0,1,3,27,pad,737
0,1,3,28,pad,1031
0,1,3,29,pad,1023
0,1,3,30,pad,1309
0,1,3,31,pad,2099
0,1,3,32,pad,2101
0,1,3,33,pad,151
0,1,3,34,pad,1308
0,1,3,35,pad,448
0,1,3,36,pad,1843
0,1,3,37,pad,449
0,1,3,38,pad,1581
0,1,3,39,pad,740
0,1,3,40,pad,1582
0,1,3,41,pad,1300
0,1,3,42,pad,1844
0,1,3,43,pad,739
0,1,3,44,pad,2353
0,1,3,46,pad,2351
0,1,3,47,pad,2103
0,1,3,48,pad,2347
0,1,3,49,pad,2104
0,1,3,50,pad,1027
0,1,3,51,pad,2356
0,1,3,52,pad,742
0,1,3,53,pad,1035
0,1,3,54,pad,741
0,1,3,55,pad,2354
0,1,3,57,pad,451
0,1,3,58,pad,1034
0,1,3,59,pad,2352
0,1,3,60,pad,1312
0,1,3,61,pad,450
0,1,3,62,pad,1313
0,1,3,63,pad,2349
0,1,3,64,pad,1584
0,1,3,65,pad,1302
0,1,3,66,pad,1583
0,1,3,67,pad,1303
0,1,2,0,pad,2599
0,1,2,1,pad,1025
0,1,2,2,pad,1037
0,1,2,3,pad,2593
0,1,2,4,pad,1036
0,1,2,5,pad,2597
0,1,2,6,pad,1314
0,1,2,7,pad,1024
0,1,2,8,pad,1315
0,1,2,9,pad,2594
0,1,2,10,pad,1586
0,1,2,12,pad,1575
0,1,2,13,pad,2598
0,1,2,14,pad,1576
0,1,2,15,pad,1847
0,1,2,16,pad,1305
0,1,2,17,pad,1846
0,1,2,18,pad,2596
0,1,2,19,pad,2105
0,1,2,20,pad,1304
0,1,2,21,pad,2106
0,1,2,23,pad,1026
0,1,2,24,pad,2357
0,1,2,25,pad,3974
0,1,2,26,pad,2602
0,1,2,27,pad,452
0,1,2,28,pad,2603
0,1,2,29,pad,743
0,1,2,30,pad,2841
0,1,2,31,pad,2834
0,1,2,32,pad,2836
0,1,2,33,pad,2830
0,1,2,34,pad,2358
0,1,2,35,pad,744
0,1,2,36,pad,2355
0,1,2,37,pad,1029
0,1,2,38,pad,2601
0,1,2,39,pad,1841
0,1,2,40,pad,2839
0,1,2,41,pad,2833
0,1,2,42,pad,1848
0,1,2,43,pad,2595
0,1,2,44,pad,2837
0,1,2,46,pad,1840
0,1,2,47,pad,2840
0,1,2,48,pad,2835
0,1,2,49,pad,1849
0,1,2,50,pad,1838
0,1,2,51,pad,2108
0,1,2,52,pad,2097
0,1,2,53,pad,2107
0,1,2,54,pad,2350
0,1,2,55,pad,2359
0,1,2,57,pad,2832
0,1,2,58,pad,2600
0,1,2,59,pad,3065
0,1,2,60,pad,3067
0,1,2,61,pad,3061
0,1,2,62,pad,3070
0,1,2,63,pad,3062
0,1,2,64,pad,2838
0,1,2,65,pad,2098
0,1,2,66,pad,3068
0,1,2,67,pad,3063
0,1,1,0,pad,3071
0,1,1,1,pad,3064
0,1,1,2,pad,3066
0,1,1,3,pad,1842
0,1,1,4,pad,3069
0,1,1,5,pad,3283
0,1,1,6,pad,3286
0,1,1,7,pad,3287
0,1,1,8,pad,3289
0,1,1,9,pad,3292
5,0,1,10,pad,4879
5,0,1,12,pad,4878
5,0,1,13,pad,4880
5,0,1,14,pad,4877
5,0,1,15,pad,4881
5,0,1,16,pad,4876
5,0,1,17,pad,4664
5,0,1,18,pad,4875
5,0,1,19,pad,4663
5,0,1,20,pad,4874
5,0,1,21,pad,4662
5,0,1,23,pad,4873
5,0,1,24,pad,4661
5,0,1,25,pad,4872
5,0,1,26,pad,4660
5,0,1,27,pad,4871
5,0,1,28,pad,4817
5,0,1,29,pad,4870
5,0,1,30,pad,4812
5,0,1,31,pad,4940
5,0,1,32,pad,4741
5,0,1,33,pad,4939
5,0,1,34,pad,4811
5,0,1,35,pad,4941
5,0,1,36,pad,4740
5,0,1,37,pad,4938
5,0,1,38,pad,4810
5,0,1,39,pad,4937
5,0,1,40,pad,4942
5,0,1,41,pad,4936
5,0,1,42,pad,4739
5,0,1,43,pad,4935
5,0,1,44,pad,4809
5,0,1,46,pad,4934
5,0,1,47,pad,4738
5,0,1,48,pad,4933
5,0,1,49,pad,4737
5,0,1,50,pad,4932
5,0,1,51,pad,4736
5,0,1,52,pad,4931
5,0,1,53,pad,4735
5,0,1,54,pad,4994
5,0,1,55,pad,4808
5,0,1,57,pad,4995
5,0,1,58,pad,4807
5,0,1,59,pad,4996
5,0,1,60,pad,4806
5,0,1,61,pad,4993
5,0,1,62,pad,4805
5,0,1,63,pad,4997
5,0,1,64,pad,4749
5,0,1,65,pad,4992
5,0,1,66,pad,4674
5,0,1,67,pad,4991
5,0,0,0,pad,4998
5,0,0,1,pad,4990
5,0,0,2,pad,4675
5,0,0,3,pad,4989
5,0,0,4,pad,4999
5,0,0,5,pad,4988
5,0,0,6,pad,4676
5,0,0,7,pad,4987
5,0,0,8,pad,4752
5,0,0,9,pad,5042
5,0,0,10,pad,4753
5,0,0,12,pad,5043
5,0,0,13,pad,4754
5,0,0,14,pad,5044
5,0,0,15,pad,4755
5,0,0,16,pad,5045
5,0,0,17,pad,4756
5,0,0,18,pad,5041
5,0,0,19,pad,4757
5,0,0,20,pad,5046
5,0,0,21,pad,4758
5,0,0,23,pad,5040
5,0,0,24,pad,5054
5,0,0,25,pad,5047
5,0,0,26,pad,5055
5,0,0,27,pad,5039
5,0,0,28,pad,5008
5,0,0,29,pad,5038
5,0,0,30,pad,5048
5,0,0,31,pad,5037
5,0,0,32,pad,5056
5,0,0,33,pad,5036
5,0,0,34,pad,5094
5,0,0,35,pad,5082
5,0,0,36,pad,5057
5,0,0,37,pad,5083
5,0,0,38,pad,5012
5,0,0,39,pad,5084
5,0,0,40,pad,5011
5,0,0,41,pad,5085
5,0,0,42,pad,5010
5,0,0,43,pad,5086
5,0,0,44,pad,5009
5,0,0,46,pad,5081
5,0,0,47,pad,5110
5,0,0,48,pad,5087
5,0,0,49,pad,5111
5,0,0,50,pad,5080
5,0,0,51,pad,5112
5,0,0,52,pad,5088
5,0,0,53,pad,5113
5,0,0,54,pad,5079
5,0,0,55,pad,5114
5,0,0,57,pad,5078
5,0,0,58,pad,5089
5,0,0,59,pad,5077
5,0,0,60,pad,5115
5,0,0,61,pad,5108
5,0,0,62,pad,5090
5,0,0,63,pad,5109
5,0,0,64,pad,5116
5,0,0,65,pad,5119
5,0,0,66,pad,5117
5,0,0,67,pad,5118
5,0,3,0,pad,4336
5,0,3,1,pad,3933
5,0,3,2,pad,4338
5,0,3,3,pad,2610
5,0,3,4,pad,3938
5,0,3,5,pad,4423
5,0,3,6,pad,3313
5,0,3,7,pad,3934
5,0,3,8,pad,3088
5,0,3,9,pad,4247
5,0,3,10,pad,4424
5,0,3,12,pad,3082
5,0,3,13,pad,2615
5,0,3,14,pad,4060
5,0,3,15,pad,2855
5,0,3,16,pad,3523
5,0,3,17,pad,4425
5,0,3,18,pad,4154
5,0,3,19,pad,3086
5,0,3,20,pad,2611
5,0,3,21,pad,2614
5,0,3,23,pad,3932
5,0,3,24,pad,3311
5,0,3,25,pad,3305
5,0,3,26,pad,2854
5,0,3,27,pad,4246
5,0,3,28,pad,3087
5,0,3,29,pad,2851
5,0,3,30,pad,3735
5,0,3,31,pad,4059
5,0,3,32,pad,3309
5,0,3,33,pad,4507
5,0,3,34,pad,3526
5,0,3,35,pad,3732
5,0,3,36,pad,4248
5,0,3,37,pad,3929
5,0,3,38,pad,4061
5,0,3,39,pad,4508
5,0,3,40,pad,3736
5,0,3,41,pad,3306
5,0,3,42,pad,4509
5,0,3,43,pad,4153
5,0,3,44,pad,3937
5,0,3,46,pad,3081
5,0,3,47,pad,4337
5,0,3,48,pad,3927
5,0,3,49,pad,3307
5,0,3,50,pad,3522
5,0,3,51,pad,3936
5,0,3,52,pad,4245
5,0,3,53,pad,4155
5,0,3,54,pad,3731
5,0,3,55,pad,3734
5,0,3,57,pad,3926
5,0,3,58,pad,3935
5,0,3,59,pad,4588
5,0,3,60,pad,3733
5,0,3,61,pad,3931
5,0,3,62,pad,3524
5,0,3,63,pad,4589
5,0,3,64,pad,2852
5,0,3,65,pad,3924
5,0,3,66,pad,3084
5,0,3,67,pad,4506
5,0,2,0,pad,4590
5,0,2,1,pad,3521
5,0,2,2,pad,2613
5,0,2,3,pad,4151
5,0,2,4,pad,3310
5,0,2,5,pad,3080
5,0,2,6,pad,4591
5,0,2,7,pad,4150
5,0,2,8,pad,2612
5,0,2,9,pad,3729
5,0,2,10,pad,2853
5,0,2,12,pad,4587
5,0,2,13,pad,3085
5,0,2,14,pad,3303
5,0,2,15,pad,2365
5,0,2,16,pad,4243
5,0,2,17,pad,3525
5,0,2,18,pad,3304
5,0,2,19,pad,3308
5,0,2,20,pad,4333
5,0,2,21,pad,3083
5,0,2,23,pad,4667
5,0,2,24,pad,4422
5,0,2,25,pad,3930
5,0,2,26,pad,4058
5,0,2,27,pad,4504
5,0,2,28,pad,4335
5,0,2,29,pad,4668
5,0,2,30,pad,4152
5,0,2,31,pad,3730
5,0,2,32,pad,4244
5,0,2,33,pad,4419
5,0,2,34,pad,4669
5,0,2,35,pad,3520
5,0,2,36,pad,4421
5,0,2,37,pad,4503
5,0,2,38,pad,4334
5,0,2,39,pad,3519
5,0,2,40,pad,4056
5,0,2,41,pad,4584
5,0,2,42,pad,4057
5,0,2,43,pad,3727
5,0,2,44,pad,4505
5,0,2,46,pad,4502
5,0,2,47,pad,4666
5,0,2,48,pad,4742
5,0,2,49,pad,4586
5,0,2,50,pad,3517
5,0,2,51,pad,4420
5,0,2,52,pad,2850
5,0,2,53,pad,4242
5,0,2,54,pad,4743
5,0,2,55,pad,4332
5,0,2,57,pad,4501
5,0,2,58,pad,4744
5,0,2,59,pad,3928
5,0,2,60,pad,4665
5,0,2,61,pad,4582
5,0,2,62,pad,4745
5,0,2,63,pad,3728
5,0,2,64,pad,4585
5,0,2,65,pad,3518
5,0,2,66,pad,4241
5,0,2,67,pad,3726
5,0,1,0,pad,4331
5,0,1,1,pad,3725
5,0,1,2,pad,4418
5,0,1,3,pad,3925
5,0,1,4,pad,4330
5,0,1,5,pad,4813
5,0,1,6,pad,4583
5,0,1,7,pad,4814
5,0,1,8,pad,4417
5,0,1,9,pad,4815
5,1,1,10,pad,4596
5,1,1,12,pad,4515
5,1,1,13,pad,4818
5,1,1,14,pad,4516
5,1,1,15,pad,4819
5,1,1,16,pad,4597
5,1,1,17,pad,4524
5,1,1,18,pad,4882
5,1,1,19,pad,4525
5,1,1,20,pad,4517
5,1,1,21,pad,4883
5,1,1,23,pad,4518
5,1,1,24,pad,4526
5,1,1,25,pad,4519
5,1,1,26,pad,4884
5,1,1,27,pad,4520
5,1,1,28,pad,4527
5,1,1,29,pad,4521
5,1,1,30,pad,4603
5,1,1,31,pad,4522
5,1,1,32,pad,4604
5,1,1,33,pad,4523
5,1,1,34,pad,4605
5,1,1,35,pad,4598
5,1,1,36,pad,4606
5,1,1,37,pad,4599
5,1,1,38,pad,4607
5,1,1,39,pad,4600
5,1,1,40,pad,4608
5,1,1,41,pad,4601
5,1,1,42,pad,4609
5,1,1,43,pad,4943
5,1,1,44,pad,4683
5,1,1,46,pad,4602
5,1,1,47,pad,4684
5,1,1,48,pad,4944
5,1,1,49,pad,4685
5,1,1,50,pad,4677
5,1,1,51,pad,4686
5,1,1,52,pad,4678
5,1,1,53,pad,4945
5,1,1,54,pad,4679
5,1,1,55,pad,4687
5,1,1,57,pad,4680
5,1,1,58,pad,4946
5,1,1,59,pad,4681
5,1,1,60,pad,4688
5,1,1,61,pad,4682
5,1,1,62,pad,4759
5,1,1,63,pad,4750
5,1,1,64,pad,4760
5,1,1,65,pad,4751
5,1,1,66,pad,4761
5,1,1,67,pad,4820
5,1,0,0,pad,4762
5,1,0,1,pad,4821
5,1,0,2,pad,4763
5,1,0,3,pad,4822
5,1,0,4,pad,4764
5,1,0,5,pad,4885
5,1,0,6,pad,4828
5,1,0,7,pad,5000
5,1,0,8,pad,4829
5,1,0,9,pad,4823
5,1,0,10,pad,5001
5,1,0,12,pad,4824
5,1,0,13,pad,4830
5,1,0,14,pad,4825
5,1,0,15,pad,5002
5,1,0,16,pad,4826
5,1,0,17,pad,4831
5,1,0,18,pad,4827
5,1,0,19,pad,4832
5,1,0,20,pad,4886
5,1,0,21,pad,4833
5,1,0,23,pad,4887
5,1,0,24,pad,4834
5,1,0,25,pad,4888
5,1,0,26,pad,4835
5,1,0,27,pad,4889
5,1,0,28,pad,453
5,1,0,29,pad,4890
5,1,0,30,pad,4893
5,1,0,31,pad,4891
5,1,0,32,pad,4894
5,1,0,33,pad,5049
5,1,0,34,pad,4895
5,1,0,35,pad,4892
5,1,0,36,pad,4896
5,1,0,37,pad,5050
5,1,0,38,pad,4897
5,1,0,39,pad,4947
5,1,0,40,pad,4898
5,1,0,41,pad,4948
5,1,0,42,pad,4899
5,1,0,43,pad,4949
5,1,0,44,pad,5051
5,1,0,46,pad,4950
5,1,0,47,pad,4900
5,1,0,48,pad,4951
5,1,0,49,pad,4952
5,1,0,50,pad,5052
5,1,0,51,pad,4953
5,1,0,52,pad,5003
5,1,0,53,pad,4954
5,1,0,54,pad,5004
5,1,0,55,pad,4955
5,1,0,57,pad,5005
5,1,0,58,pad,4956
5,1,0,59,pad,5006
5,1,0,60,pad,4957
5,1,0,61,pad,5007
5,1,0,62,pad,4958
5,1,0,63,pad,5053
5,1,0,64,pad,4959
5,1,0,65,pad,5091
5,1,0,66,pad,5092
5,1,0,67,pad,5093
5,1,3,0,pad,4339
5,1,3,1,pad,3318
5,1,3,2,pad,4340
5,1,3,3,pad,3537
5,1,3,4,pad,4341
5,1,3,5,pad,3949
5,1,3,6,pad,3752
5,1,3,7,pad,3320
5,1,3,8,pad,3954
5,1,3,9,pad,3538
5,1,3,10,pad,3751
5,1,3,12,pad,3749
5,1,3,13,pad,3754
5,1,3,14,pad,3748
5,1,3,15,pad,3955
5,1,3,16,pad,3952
5,1,3,17,pad,3753
5,1,3,18,pad,3540
5,1,3,19,pad,3755
5,1,3,20,pad,4426
5,1,3,21,pad,3957
5,1,3,23,pad,3750
5,1,3,24,pad,4427
5,1,3,25,pad,3539
5,1,3,26,pad,3959
5,1,3,27,pad,4251
5,1,3,28,pad,4428
5,1,3,29,pad,3542
5,1,3,30,pad,3961
5,1,3,31,pad,4157
5,1,3,32,pad,4066
5,1,3,33,pad,3312
5,1,3,34,pad,4252
5,1,3,35,pad,3530
5,1,3,36,pad,4160
5,1,3,37,pad,3741
5,1,3,38,pad,4342
5,1,3,39,pad,3532
5,1,3,40,pad,4067
5,1,3,41,pad,3945
5,1,3,42,pad,4161
5,1,3,43,pad,3944
5,1,3,44,pad,4068
5,1,3,46,pad,4510
5,1,3,47,pad,4162
5,1,3,48,pad,4063
5,1,3,49,pad,4429
5,1,3,50,pad,4511
5,1,3,51,pad,4253
5,1,3,52,pad,3742
5,1,3,53,pad,4163
5,1,3,54,pad,3531
5,1,3,55,pad,4512
5,1,3,57,pad,3315
5,1,3,58,pad,4513
5,1,3,59,pad,3948
5,1,3,60,pad,3533
5,1,3,61,pad,4158
5,1,3,62,pad,3950
5,1,3,63,pad,3744
5,1,3,64,pad,3746
5,1,3,65,pad,3946
5,1,3,66,pad,3535
5,1,3,67,pad,3534
5,1,2,0,pad,4064
5,1,2,1,pad,3743
5,1,2,2,pad,3947
5,1,2,3,pad,3314
5,1,2,4,pad,3317
5,1,2,5,pad,1585
5,1,2,6,pad,3951
5,1,2,7,pad,4592
5,1,2,8,pad,3953
5,1,2,9,pad,3958
5,1,2,10,pad,4159
5,1,2,12,pad,3943
5,1,2,13,pad,4593
5,1,2,14,pad,3536
5,1,2,15,pad,4065
5,1,2,16,pad,3747
5,1,2,17,pad,4594
5,1,2,18,pad,4250
5,1,2,19,pad,4164
5,1,2,20,pad,3745
5,1,2,21,pad,4514
5,1,2,23,pad,3093
5,1,2,24,pad,4595
5,1,2,25,pad,3090
5,1,2,26,pad,4430
5,1,2,27,pad,3740
5,1,2,28,pad,4343
5,1,2,29,pad,3941
5,1,2,30,pad,4431
5,1,2,31,pad,3529
5,1,2,32,pad,4344
5,1,2,33,pad,3739
5,1,2,34,pad,4254
5,1,2,35,pad,4670
5,1,2,36,pad,4432
5,1,2,37,pad,4062
5,1,2,38,pad,4345
5,1,2,39,pad,4671
5,1,2,40,pad,4255
5,1,2,41,pad,3528
5,1,2,42,pad,4672
5,1,2,43,pad,3942
5,1,2,44,pad,4256
5,1,2,46,pad,3737
5,1,2,47,pad,4257
5,1,2,48,pad,3738
5,1,2,49,pad,4673
5,1,2,50,pad,3939
5,1,2,51,pad,4433
5,1,2,52,pad,3527
5,1,2,53,pad,4346
5,1,2,54,pad,4156
5,1,2,55,pad,4347
5,1,2,57,pad,3940
5,1,2,58,pad,4348
5,1,2,59,pad,3316
5,1,2,60,pad,4349
5,1,2,61,pad,2859
5,1,2,62,pad,4434
5,1,2,63,pad,2857
5,1,2,64,pad,4435
5,1,2,65,pad,4746
5,1,2,66,pad,4436
5,1,2,67,pad,4249
5,1,1,0,pad,4437
5,1,1,1,pad,3089
5,1,1,2,pad,4747
5,1,1,3,pad,2856
5,1,1,4,pad,4438
5,1,1,5,pad,2617
5,1,1,6,pad,4440
5,1,1,7,pad,4816
5,1,1,8,pad,4748
5,1,1,9,pad,4441
2,2,1,10,pad,3777
2,2,1,12,pad,2627
2,2,1,13,pad,3778
2,2,1,14,pad,2866
2,2,1,15,pad,2376
2,2,1,16,pad,3327
2,2,1,17,pad,2378
2,2,1,18,pad,2869
2,2,1,19,pad,3975
2,2,1,20,pad,2865
2,2,1,21,pad,2379
2,2,1,23,pad,2867
2,2,1,24,pad,2631
2,2,1,25,pad,3101
2,2,1,26,pad,3976
2,2,1,27,pad,3326
2,2,1,28,pad,2381
2,2,1,29,pad,3099
2,2,1,30,pad,2377
2,2,1,31,pad,2625
2,2,1,32,pad,2629
2,2,1,33,pad,2622
2,2,1,34,pad,2373
2,2,1,35,pad,2863
2,2,1,36,pad,3102
2,2,1,37,pad,4071
2,2,1,38,pad,2630
2,2,1,39,pad,3098
2,2,1,40,pad,2626
2,2,1,41,pad,2864
2,2,1,42,pad,3104
2,2,1,43,pad,3097
2,2,1,44,pad,2624
2,2,1,46,pad,2621
2,2,1,47,pad,2623
2,2,1,48,pad,2618
2,2,1,49,pad,2628
2,2,1,50,pad,4072
2,2,1,51,pad,3552
2,2,1,52,pad,3096
2,2,1,53,pad,3329
2,2,1,54,pad,2620
2,2,1,55,pad,3331
2,2,1,57,pad,2860
2,2,1,58,pad,3100
2,2,1,59,pad,3094
2,2,1,60,pad,4073
2,2,1,61,pad,2862
2,2,1,62,pad,3103
2,2,1,63,pad,2619
2,2,1,64,pad,3553
2,2,1,65,pad,3765
2,2,1,66,pad,3549
2,2,1,67,pad,3319
2,2,0,0,pad,3092
2,2,0,1,pad,3761
2,2,0,2,pad,3330
2,2,0,3,pad,4166
2,2,0,4,pad,3324
2,2,0,5,pad,3973
2,2,0,6,pad,3321
2,2,0,7,pad,3546
2,2,0,8,pad,2861
2,2,0,9,pad,3971
2,2,0,10,pad,3095
2,2,0,12,pad,3763
2,2,0,13,pad,3547
2,2,0,14,pad,4167
2,2,0,15,pad,2858
2,2,0,16,pad,3548
2,2,0,17,pad,3328
2,2,0,18,pad,3970
2,2,0,19,pad,3773
2,2,0,20,pad,3091
2,2,0,21,pad,3776
2,2,0,23,pad,3325
2,2,0,24,pad,3771
2,2,0,25,pad,3544
2,2,0,26,pad,4168
2,2,0,27,pad,3762
2,2,0,28,pad,3551
2,2,0,29,pad,3963
2,2,0,30,pad,3764
2,2,0,31,pad,3969
2,2,0,32,pad,4169
2,2,0,33,pad,3323
2,2,0,34,pad,2616
2,2,0,35,pad,4259
2,2,0,36,pad,3550
2,2,0,37,pad,3545
2,2,0,38,pad,3968
2,2,0,39,pad,3758
2,2,0,40,pad,3759
2,2,0,41,pad,3760
2,2,0,42,pad,3965
2,2,0,43,pad,3322
2,2,0,44,pad,3972
2,2,0,46,pad,4260
2,2,0,47,pad,4070
2,2,0,48,pad,3543
2,2,0,49,pad,3962
2,2,0,50,pad,3967
2,2,0,51,pad,3541
2,2,0,52,pad,3966
2,2,0,53,pad,3756
2,2,0,54,pad,3964
2,2,0,55,pad,4261
2,2,0,57,pad,4069
2,2,0,58,pad,3757
2,2,0,59,pad,4165
2,2,0,60,pad,3960
2,2,0,61,pad,4258
2,2,0,62,pad,4353
2,2,0,63,pad,4350
2,2,0,64,pad,4262
2,2,0,65,pad,4351
2,2,0,66,pad,4439
2,2,0,67,pad,4352
2,2,3,0,pad,2633
2,2,3,1,pad,2871
2,2,3,2,pad,2636
2,2,3,3,pad,2868
2,2,3,4,pad,2634
2,2,3,5,pad,2873
2,2,3,6,pad,1864
2,2,3,7,pad,1858
2,2,3,8,pad,1319
2,2,3,9,pad,2874
2,2,3,10,pad,2641
2,2,3,12,pad,2870
2,2,3,13,pad,1595
2,2,3,14,pad,1321
2,2,3,15,pad,2131
2,2,3,16,pad,2872
2,2,3,17,pad,2385
2,2,3,18,pad,1867
2,2,3,19,pad,2387
2,2,3,20,pad,2875
2,2,3,21,pad,2638
2,2,3,23,pad,1856
2,2,3,24,pad,2879
2,2,3,25,pad,2877
2,2,3,26,pad,1598
2,2,3,27,pad,1855
2,2,3,28,pad,2881
2,2,3,29,pad,1862
2,2,3,30,pad,2389
2,2,3,31,pad,3105
2,2,3,32,pad,2639
2,2,3,33,pad,1860
2,2,3,34,pad,2129
2,2,3,35,pad,3107
2,2,3,36,pad,2880
2,2,3,37,pad,1859
2,2,3,38,pad,2637
2,2,3,39,pad,2380
2,2,3,40,pad,2883
2,2,3,41,pad,3108
2,2,3,42,pad,2885
2,2,3,43,pad,2124
2,2,3,44,pad,2127
2,2,3,46,pad,3106
2,2,3,47,pad,2383
2,2,3,48,pad,2125
2,2,3,49,pad,2876
2,2,3,50,pad,1857
2,2,3,51,pad,2386
2,2,3,52,pad,1854
2,2,3,53,pad,2130
2,2,3,54,pad,3109
2,2,3,55,pad,3113
2,2,3,57,pad,2121
2,2,3,58,pad,2878
2,2,3,59,pad,3111
2,2,3,60,pad,3115
2,2,3,61,pad,2119
2,2,3,62,pad,3116
2,2,3,63,pad,3332
2,2,3,64,pad,2632
2,2,3,65,pad,2118
2,2,3,66,pad,2635
2,2,3,67,pad,3334
2,2,2,0,pad,3117
2,2,2,1,pad,2123
2,2,2,2,pad,3114
2,2,2,3,pad,3335
2,2,2,4,pad,3119
2,2,2,5,pad,2116
2,2,2,6,pad,1589
2,2,2,7,pad,3337
2,2,2,8,pad,1318
2,2,2,9,pad,3333
2,2,2,10,pad,1592
2,2,2,12,pad,2113
2,2,2,13,pad,1594
2,2,2,14,pad,3336
2,2,2,15,pad,1596
2,2,2,16,pad,2375
2,2,2,17,pad,1590
2,2,2,18,pad,2122
2,2,2,19,pad,1865
2,2,2,20,pad,3338
2,2,2,21,pad,2126
2,2,2,23,pad,2120
2,2,2,24,pad,1591
2,2,2,25,pad,3339
2,2,2,26,pad,2128
2,2,2,27,pad,2117
2,2,2,28,pad,3343
2,2,2,29,pad,3341
2,2,2,30,pad,1863
2,2,2,31,pad,3554
2,2,2,32,pad,2382
2,2,2,33,pad,2115
2,2,2,34,pad,1593
2,2,2,35,pad,3555
2,2,2,36,pad,3342
2,2,2,37,pad,2114
2,2,2,38,pad,3110
2,2,2,39,pad,2374
2,2,2,40,pad,3112
2,2,2,41,pad,3557
2,2,2,42,pad,3346
2,2,2,43,pad,3560
2,2,2,44,pad,3340
2,2,2,46,pad,3556
2,2,2,47,pad,3347
2,2,2,48,pad,2372
2,2,2,49,pad,2384
2,2,2,50,pad,2369
2,2,2,51,pad,1861
2,2,2,52,pad,2367
2,2,2,53,pad,3344
2,2,2,54,pad,3558
2,2,2,55,pad,3562
2,2,2,57,pad,2366
2,2,2,58,pad,3563
2,2,2,59,pad,3559
2,2,2,60,pad,3565
2,2,2,61,pad,2371
2,2,2,62,pad,3561
2,2,2,63,pad,3766
2,2,2,64,pad,3956
2,2,2,65,pad,2370
2,2,2,66,pad,3564
2,2,2,67,pad,3767
2,2,1,0,pad,2392
2,2,1,1,pad,2368
2,2,1,2,pad,3772
2,2,1,3,pad,3769
2,2,1,4,pad,3566
2,2,1,5,pad,3768
2,2,1,6,pad,3567
2,2,1,7,pad,3770
2,2,1,8,pad,3775
2,2,1,9,pad,3774
2,3,1,10,pad,3779
2,3,1,12,pad,1052
2,3,1,13,pad,2407
2,3,1,14,pad,1050
2,3,1,15,pad,3136
2,3,1,16,pad,4264
2,3,1,17,pad,3780
2,3,1,18,pad,1051
2,3,1,19,pad,2153
2,3,1,20,pad,1048
2,3,1,21,pad,1894
2,3,1,23,pad,1046
2,3,1,24,pad,3134
2,3,1,25,pad,1882
2,3,1,26,pad,3781
2,3,1,27,pad,1884
2,3,1,28,pad,1895
2,3,1,29,pad,2405
2,3,1,30,pad,1631
2,3,1,31,pad,2145
2,3,1,32,pad,2903
2,3,1,33,pad,2147
2,3,1,34,pad,3361
2,3,1,35,pad,2410
2,3,1,36,pad,1620
2,3,1,37,pad,3977
2,3,1,38,pad,3135
2,3,1,39,pad,2657
2,3,1,40,pad,1892
2,3,1,41,pad,2655
2,3,1,42,pad,2151
2,3,1,43,pad,2404
2,3,1,44,pad,2154
2,3,1,46,pad,3978
2,3,1,47,pad,1891
2,3,1,48,pad,1615
2,3,1,49,pad,2152
2,3,1,50,pad,2408
2,3,1,51,pad,1887
2,3,1,52,pad,2656
2,3,1,53,pad,3359
2,3,1,54,pad,1612
2,3,1,55,pad,3979
2,3,1,57,pad,2146
2,3,1,58,pad,1889
2,3,1,59,pad,1879
2,3,1,60,pad,2406
2,3,1,61,pad,1881
2,3,1,62,pad,1617
2,3,1,63,pad,2142
2,3,1,64,pad,2659
2,3,1,65,pad,2143
2,3,1,66,pad,3980
2,3,1,67,pad,1883
2,3,0,0,pad,1893
2,3,0,1,pad,4074
2,3,0,2,pad,1630
2,3,0,3,pad,1880
2,3,0,4,pad,1890
2,3,0,5,pad,1614
2,3,0,6,pad,1628
2,3,0,7,pad,2149
2,3,0,8,pad,1625
2,3,0,9,pad,4075
2,3,0,10,pad,1888
2,3,0,12,pad,2900
2,3,0,13,pad,1623
2,3,0,14,pad,3132
2,3,0,15,pad,1622
2,3,0,16,pad,2660
2,3,0,17,pad,2901
2,3,0,18,pad,2658
2,3,0,19,pad,4076
2,3,0,20,pad,2902
2,3,0,21,pad,2150
2,3,0,23,pad,2411
2,3,0,24,pad,2898
2,3,0,25,pad,2148
2,3,0,26,pad,3362
2,3,0,27,pad,1886
2,3,0,28,pad,3141
2,3,0,29,pad,1885
2,3,0,30,pad,4077
2,3,0,31,pad,3138
2,3,0,32,pad,3143
2,3,0,33,pad,2904
2,3,0,34,pad,3363
2,3,0,35,pad,3137
2,3,0,36,pad,3576
2,3,0,37,pad,2409
2,3,0,38,pad,3144
2,3,0,39,pad,2155
2,3,0,40,pad,3364
2,3,0,41,pad,4170
2,3,0,42,pad,3577
2,3,0,43,pad,2662
2,3,0,44,pad,3782
2,3,0,46,pad,3575
2,3,0,47,pad,3145
2,3,0,48,pad,3578
2,3,0,49,pad,3365
2,3,0,50,pad,4078
2,3,0,51,pad,4171
2,3,0,52,pad,3579
2,3,0,53,pad,3783
2,3,0,54,pad,3784
2,3,0,55,pad,3146
2,3,0,57,pad,4765
2,3,0,58,pad,3366
2,3,0,59,pad,4442
2,3,0,60,pad,3981
2,3,0,61,pad,4689
2,3,0,62,pad,4172
2,3,0,63,pad,4354
2,3,0,64,pad,3147
2,3,0,65,pad,4263
2,3,0,66,pad,3785
2,3,0,67,pad,3982
2,3,3,0,pad,2395
2,3,3,1,pad,2397
2,3,3,2,pad,752
2,3,3,3,pad,2642
2,3,3,4,pad,2402
2,3,3,5,pad,2645
2,3,3,6,pad,2400
2,3,3,7,pad,2132
2,3,3,8,pad,2403
2,3,3,9,pad,2647
2,3,3,10,pad,1040
2,3,3,12,pad,1870
2,3,3,13,pad,1326
2,3,3,14,pad,1866
2,3,3,15,pad,1325
2,3,3,16,pad,1599
2,3,3,17,pad,2648
2,3,3,18,pad,2644
2,3,3,19,pad,2650
2,3,3,20,pad,1597
2,3,3,21,pad,2653
2,3,3,23,pad,2646
2,3,3,24,pad,1044
2,3,3,25,pad,1324
2,3,3,26,pad,1043
2,3,3,27,pad,2649
2,3,3,28,pad,1871
2,3,3,29,pad,1322
2,3,3,30,pad,1604
2,3,3,31,pad,2136
2,3,3,32,pad,1602
2,3,3,33,pad,2133
2,3,3,34,pad,2651
2,3,3,35,pad,1042
2,3,3,36,pad,2652
2,3,3,37,pad,2884
2,3,3,38,pad,1329
2,3,3,39,pad,2887
2,3,3,40,pad,1327
2,3,3,41,pad,2889
2,3,3,42,pad,2654
2,3,3,43,pad,1868
2,3,3,44,pad,1047
2,3,3,46,pad,1601
2,3,3,47,pad,2890
2,3,3,48,pad,2388
2,3,3,49,pad,1045
2,3,3,50,pad,2886
2,3,3,51,pad,2892
2,3,3,52,pad,1600
2,3,3,53,pad,1331
2,3,3,54,pad,2888
2,3,3,55,pad,1328
2,3,3,57,pad,2390
2,3,3,58,pad,2895
2,3,3,59,pad,2891
2,3,3,60,pad,2141
2,3,3,61,pad,2640
2,3,3,62,pad,1876
2,3,3,63,pad,1038
2,3,3,64,pad,2893
2,3,3,65,pad,3118
2,3,3,66,pad,2894
2,3,3,67,pad,2643
2,3,2,0,pad,1874
2,3,2,1,pad,3121
2,3,2,2,pad,2398
2,3,2,3,pad,2882
2,3,2,4,pad,2896
2,3,2,5,pad,3123
2,3,2,6,pad,2396
2,3,2,7,pad,1041
2,3,2,8,pad,1603
2,3,2,9,pad,1320
2,3,2,10,pad,3124
2,3,2,12,pad,1323
2,3,2,13,pad,2140
2,3,2,14,pad,3120
2,3,2,15,pad,1049
2,3,2,16,pad,3122
2,3,2,17,pad,3126
2,3,2,18,pad,2394
2,3,2,19,pad,3129
2,3,2,20,pad,750
2,3,2,21,pad,2899
2,3,2,23,pad,3125
2,3,2,24,pad,2897
2,3,2,25,pad,1873
2,3,2,26,pad,3131
2,3,2,27,pad,3127
2,3,2,28,pad,1878
2,3,2,29,pad,3345
2,3,2,30,pad,1877
2,3,2,31,pad,2138
2,3,2,32,pad,1609
2,3,2,33,pad,2135
2,3,2,34,pad,3128
2,3,2,35,pad,3348
2,3,2,36,pad,3130
2,3,2,37,pad,3350
2,3,2,38,pad,2399
2,3,2,39,pad,1875
2,3,2,40,pad,2144
2,3,2,41,pad,3351
2,3,2,42,pad,3133
2,3,2,43,pad,2393
2,3,2,44,pad,1333
2,3,2,46,pad,1872
2,3,2,47,pad,3353
2,3,2,48,pad,2139
2,3,2,49,pad,1335
2,3,2,50,pad,3349
2,3,2,51,pad,3356
2,3,2,52,pad,3352
2,3,2,53,pad,1334
2,3,2,54,pad,1606
2,3,2,55,pad,1608
2,3,2,57,pad,2137
2,3,2,58,pad,3358
2,3,2,59,pad,3354
2,3,2,60,pad,1607
2,3,2,61,pad,2391
2,3,2,62,pad,3355
2,3,2,63,pad,2134
2,3,2,64,pad,1605
2,3,2,65,pad,3568
2,3,2,66,pad,3357
2,3,2,67,pad,1869
2,3,1,0,pad,1336
2,3,1,1,pad,3570
2,3,1,2,pad,1332
2,3,1,3,pad,3571
2,3,1,4,pad,3360
2,3,1,5,pad,3569
2,3,1,6,pad,1330
2,3,1,7,pad,3572
2,3,1,8,pad,3573
2,3,1,9,pad,3574
5,2,1,10,pad,3800
5,2,1,12,pad,4356
5,2,1,13,pad,3996
5,2,1,14,pad,4357
5,2,1,15,pad,4267
5,2,1,16,pad,4358
5,2,1,17,pad,4270
5,2,1,18,pad,4443
5,2,1,19,pad,4269
5,2,1,20,pad,4359
5,2,1,21,pad,4268
5,2,1,23,pad,4444
5,2,1,24,pad,4355
5,2,1,25,pad,4360
5,2,1,26,pad,3997
5,2,1,27,pad,4445
5,2,1,28,pad,4179
5,2,1,29,pad,4092
5,2,1,30,pad,4271
5,2,1,31,pad,4361
5,2,1,32,pad,4090
5,2,1,33,pad,4446
5,2,1,34,pad,4182
5,2,1,35,pad,4528
5,2,1,36,pad,4272
5,2,1,37,pad,4093
5,2,1,38,pad,3998
5,2,1,39,pad,4447
5,2,1,40,pad,4091
5,2,1,41,pad,4529
5,2,1,42,pad,4183
5,2,1,43,pad,4448
5,2,1,44,pad,4273
5,2,1,46,pad,4530
5,2,1,47,pad,4184
5,2,1,48,pad,4449
5,2,1,49,pad,4274
5,2,1,50,pad,4531
5,2,1,51,pad,4362
5,2,1,52,pad,4094
5,2,1,53,pad,4185
5,2,1,54,pad,4610
5,2,1,55,pad,4275
5,2,1,57,pad,4450
5,2,1,58,pad,4363
5,2,1,59,pad,4532
5,2,1,60,pad,4186
5,2,1,61,pad,4611
5,2,1,62,pad,4276
5,2,1,63,pad,4451
5,2,1,64,pad,4364
5,2,1,65,pad,4533
5,2,1,66,pad,4187
5,2,1,67,pad,4612
5,2,0,0,pad,4095
5,2,0,1,pad,4452
5,2,0,2,pad,4277
5,2,0,3,pad,4534
5,2,0,4,pad,4365
5,2,0,5,pad,4613
5,2,0,6,pad,4366
5,2,0,7,pad,4535
5,2,0,8,pad,4278
5,2,0,9,pad,4614
5,2,0,10,pad,4188
5,2,0,12,pad,4690
5,2,0,13,pad,4096
5,2,0,14,pad,4189
5,2,0,15,pad,4367
5,2,0,16,pad,4536
5,2,0,17,pad,4279
5,2,0,18,pad,4615
5,2,0,19,pad,4453
5,2,0,20,pad,4691
5,2,0,21,pad,4368
5,2,0,23,pad,4537
5,2,0,24,pad,4280
5,2,0,25,pad,4616
5,2,0,26,pad,4454
5,2,0,27,pad,4190
5,2,0,28,pad,4369
5,2,0,29,pad,4692
5,2,0,30,pad,4281
5,2,0,31,pad,4538
5,2,0,32,pad,4455
5,2,0,33,pad,4617
5,2,0,34,pad,4282
5,2,0,35,pad,4693
5,2,0,36,pad,4370
5,2,0,37,pad,4191
5,2,0,38,pad,4456
5,2,0,39,pad,4766
5,2,0,40,pad,4371
5,2,0,41,pad,4457
5,2,0,42,pad,1392
5,2,0,43,pad,4539
5,2,0,44,pad,4618
5,2,0,46,pad,2401
5,2,0,47,pad,4694
5,2,0,48,pad,4767
5,2,0,49,pad,4540
5,2,0,50,pad,4768
5,2,0,51,pad,4192
5,2,0,52,pad,4372
5,2,0,53,pad,4619
5,2,0,54,pad,4695
5,2,0,55,pad,4696
5,2,0,57,pad,4283
5,2,0,58,pad,4373
5,2,0,59,pad,4769
5,2,0,60,pad,4458
5,2,0,61,pad,4837
5,2,0,62,pad,4541
5,2,0,63,pad,4770
5,2,0,64,pad,4193
5,2,0,65,pad,4284
5,2,0,66,pad,4620
5,2,0,67,pad,4697
5,2,3,0,pad,2908
5,2,3,1,pad,2682
5,2,3,2,pad,3151
5,2,3,3,pad,2675
5,2,3,4,pad,2420
5,2,3,5,pad,2680
5,2,3,6,pad,2924
5,2,3,7,pad,3371
5,2,3,8,pad,3152
5,2,3,9,pad,2906
5,2,3,10,pad,2444
5,2,3,12,pad,2679
5,2,3,13,pad,2422
5,2,3,14,pad,2673
5,2,3,15,pad,2439
5,2,3,16,pad,2677
5,2,3,17,pad,2157
5,2,3,18,pad,2905
5,2,3,19,pad,2441
5,2,3,20,pad,2674
5,2,3,21,pad,2156
5,2,3,23,pad,3372
5,2,3,24,pad,2173
5,2,3,25,pad,2676
5,2,3,26,pad,2160
5,2,3,27,pad,2921
5,2,3,28,pad,2176
5,2,3,29,pad,2911
5,2,3,30,pad,2440
5,2,3,31,pad,2672
5,2,3,32,pad,2438
5,2,3,33,pad,2907
5,2,3,34,pad,2417
5,2,3,35,pad,2681
5,2,3,36,pad,3373
5,2,3,37,pad,2913
5,2,3,38,pad,2436
5,2,3,39,pad,2678
5,2,3,40,pad,2415
5,2,3,41,pad,2909
5,2,3,42,pad,2433
5,2,3,43,pad,2683
5,2,3,44,pad,2414
5,2,3,46,pad,2914
5,2,3,47,pad,3374
5,2,3,48,pad,2685
5,2,3,49,pad,2443
5,2,3,50,pad,3586
5,2,3,51,pad,2412
5,2,3,52,pad,2910
5,2,3,53,pad,2431
5,2,3,54,pad,2684
5,2,3,55,pad,2413
5,2,3,57,pad,2916
5,2,3,58,pad,2687
5,2,3,59,pad,2920
5,2,3,60,pad,3375
5,2,3,61,pad,2912
5,2,3,62,pad,2416
5,2,3,63,pad,3587
5,2,3,64,pad,2430
5,2,3,65,pad,2919
5,2,3,66,pad,2418
5,2,3,67,pad,3139
5,2,2,0,pad,2428
5,2,2,1,pad,2918
5,2,2,2,pad,2419
5,2,2,3,pad,2915
5,2,2,4,pad,2425
5,2,2,5,pad,3588
5,2,2,6,pad,2421
5,2,2,7,pad,3150
5,2,2,8,pad,2423
5,2,2,9,pad,3140
5,2,2,10,pad,2661
5,2,2,12,pad,3149
5,2,2,13,pad,2437
5,2,2,14,pad,2917
5,2,2,15,pad,2663
5,2,2,16,pad,3370
5,2,2,17,pad,2435
5,2,2,18,pad,3142
5,2,2,19,pad,2664
5,2,2,20,pad,2923
5,2,2,21,pad,3589
5,2,2,23,pad,3585
5,2,2,24,pad,2434
5,2,2,25,pad,3148
5,2,2,26,pad,2666
5,2,2,27,pad,3369
5,2,2,28,pad,2432
5,2,2,29,pad,3368
5,2,2,30,pad,2669
5,2,2,31,pad,3367
5,2,2,32,pad,2922
5,2,2,33,pad,3584
5,2,2,34,pad,3590
5,2,2,35,pad,3794
5,2,2,36,pad,2665
5,2,2,37,pad,3583
5,2,2,38,pad,2429
5,2,2,39,pad,3793
5,2,2,40,pad,2671
5,2,2,41,pad,3582
5,2,2,42,pad,2427
5,2,2,43,pad,3581
5,2,2,44,pad,2667
5,2,2,46,pad,3580
5,2,2,47,pad,2426
5,2,2,48,pad,3795
5,2,2,49,pad,2668
5,2,2,50,pad,3792
5,2,2,51,pad,2686
5,2,2,52,pad,3791
5,2,2,53,pad,2670
5,2,2,54,pad,3790
5,2,2,55,pad,2424
5,2,2,57,pad,3789
5,2,2,58,pad,4079
5,2,2,59,pad,3796
5,2,2,60,pad,3986
5,2,2,61,pad,3788
5,2,2,62,pad,4080
5,2,2,63,pad,3787
5,2,2,64,pad,4173
5,2,2,65,pad,3786
5,2,2,66,pad,4081
5,2,2,67,pad,3983
5,2,1,0,pad,3987
5,2,1,1,pad,3984
5,2,1,2,pad,3988
5,2,1,3,pad,3985
5,2,1,4,pad,4082
5,2,1,5,pad,3993
5,2,1,6,pad,4174
5,2,1,7,pad,3994
5,2,1,8,pad,3798
5,2,1,9,pad,3797
5,3,1,10,pad,3995
5,3,1,12,pad,3799
5,3,1,13,pad,3595
5,3,1,14,pad,3991
5,3,1,15,pad,3596
5,3,1,16,pad,3990
5,3,1,17,pad,3594
5,3,1,18,pad,3989
5,3,1,19,pad,2209
5,3,1,20,pad,4083
5,3,1,21,pad,2458
5,3,1,23,pad,3801
5,3,1,24,pad,2700
5,3,1,25,pad,4175
5,3,1,26,pad,2935
5,3,1,27,pad,3164
5,3,1,28,pad,2459
5,3,1,29,pad,3165
5,3,1,30,pad,2701
5,3,1,31,pad,3166
5,3,1,32,pad,3163
5,3,1,33,pad,3384
5,3,1,34,pad,2936
5,3,1,35,pad,3167
5,3,1,36,pad,2460
5,3,1,37,pad,3385
5,3,1,38,pad,2702
5,3,1,39,pad,3386
5,3,1,40,pad,3802
5,3,1,41,pad,3598
5,3,1,42,pad,3383
5,3,1,43,pad,3599
5,3,1,44,pad,3597
5,3,1,46,pad,2933
5,3,1,47,pad,2937
5,3,1,48,pad,4265
5,3,1,49,pad,2461
5,3,1,50,pad,2697
5,3,1,51,pad,3803
5,3,1,52,pad,3999
5,3,1,53,pad,2703
5,3,1,54,pad,2207
5,3,1,55,pad,2938
5,3,1,57,pad,4084
5,3,1,58,pad,3600
5,3,1,59,pad,2456
5,3,1,60,pad,2462
5,3,1,61,pad,4176
5,3,1,62,pad,3804
5,3,1,63,pad,2698
5,3,1,64,pad,2704
5,3,1,65,pad,4266
5,3,1,66,pad,2939
5,3,1,67,pad,4000
5,3,0,0,pad,2463
5,3,0,1,pad,2208
5,3,0,2,pad,2705
5,3,0,3,pad,3805
5,3,0,4,pad,3992
5,3,0,5,pad,3162
5,3,0,6,pad,2940
5,3,0,7,pad,2942
5,3,0,8,pad,3387
5,3,0,9,pad,2457
5,3,0,10,pad,2706
5,3,0,12,pad,3601
5,3,0,13,pad,4001
5,3,0,14,pad,3382
5,3,0,15,pad,2941
5,3,0,16,pad,3806
5,3,0,17,pad,3168
5,3,0,18,pad,2934
5,3,0,19,pad,3388
5,3,0,20,pad,3169
5,3,0,21,pad,2707
5,3,0,23,pad,2699
5,3,0,24,pad,4002
5,3,0,25,pad,3807
5,3,0,26,pad,3390
5,3,0,27,pad,4097
5,3,0,28,pad,3171
5,3,0,29,pad,3389
5,3,0,30,pad,2710
5,3,0,31,pad,2708
5,3,0,32,pad,3603
5,3,0,33,pad,3602
5,3,0,34,pad,2945
5,3,0,35,pad,2943
5,3,0,36,pad,4003
5,3,0,37,pad,4098
5,3,0,38,pad,3391
5,3,0,39,pad,3170
5,3,0,40,pad,3808
5,3,0,41,pad,2709
5,3,0,42,pad,2711
5,3,0,43,pad,2944
5,3,0,44,pad,3604
5,3,0,46,pad,4085
5,3,0,47,pad,4004
5,3,0,48,pad,4177
5,3,0,49,pad,3172
5,3,0,50,pad,4099
5,3,0,51,pad,2946
5,3,0,52,pad,4086
5,3,0,53,pad,3392
5,3,0,54,pad,4178
5,3,0,55,pad,3173
5,3,0,57,pad,4087
5,3,0,58,pad,2947
5,3,0,59,pad,4088
5,3,0,60,pad,4005
5,3,0,61,pad,4180
5,3,0,62,pad,3809
5,3,0,63,pad,4089
5,3,0,64,pad,3605
5,3,0,65,pad,4181
5,3,0,66,pad,4100
5,3,0,67,pad,3393
5,3,3,0,pad,2925
5,3,3,1,pad,2178
5,3,3,2,pad,1380
5,3,3,3,pad,2162
5,3,3,4,pad,2926
5,3,3,5,pad,2445
5,3,3,6,pad,1382
5,3,3,7,pad,1897
5,3,3,8,pad,2196
5,3,3,9,pad,2179
5,3,3,10,pad,1912
5,3,3,12,pad,2442
5,3,3,13,pad,2193
5,3,3,14,pad,2688
5,3,3,15,pad,1916
5,3,3,16,pad,2158
5,3,3,17,pad,2927
5,3,3,18,pad,3153
5,3,3,19,pad,2447
5,3,3,20,pad,2181
5,3,3,21,pad,1914
5,3,3,23,pad,2163
5,3,3,24,pad,1647
5,3,3,25,pad,2184
5,3,3,26,pad,1918
5,3,3,27,pad,2159
5,3,3,28,pad,2197
5,3,3,29,pad,2186
5,3,3,30,pad,1921
5,3,3,31,pad,3154
5,3,3,32,pad,2928
5,3,3,33,pad,2165
5,3,3,34,pad,1649
5,3,3,35,pad,2187
5,3,3,36,pad,1919
5,3,3,37,pad,2168
5,3,3,38,pad,1652
5,3,3,39,pad,2189
5,3,3,40,pad,1923
5,3,3,41,pad,2170
5,3,3,42,pad,1654
5,3,3,43,pad,2192
5,3,3,44,pad,1920
5,3,3,46,pad,3155
5,3,3,47,pad,1925
5,3,3,48,pad,2171
5,3,3,49,pad,1924
5,3,3,50,pad,2175
5,3,3,51,pad,1927
5,3,3,52,pad,1899
5,3,3,53,pad,1922
5,3,3,54,pad,2177
5,3,3,55,pad,1928
5,3,3,57,pad,2161
5,3,3,58,pad,1926
5,3,3,59,pad,2180
5,3,3,60,pad,1930
5,3,3,61,pad,2164
5,3,3,62,pad,3156
5,3,3,63,pad,2446
5,3,3,64,pad,2448
5,3,3,65,pad,2166
5,3,3,66,pad,1929
5,3,3,67,pad,2689
5,3,2,0,pad,1933
5,3,2,1,pad,1905
5,3,2,2,pad,1931
5,3,2,3,pad,2182
5,3,2,4,pad,3157
5,3,2,5,pad,3376
5,3,2,6,pad,2198
5,3,2,7,pad,2167
5,3,2,8,pad,1932
5,3,2,9,pad,2183
5,3,2,10,pad,1934
5,3,2,12,pad,1907
5,3,2,13,pad,3158
5,3,2,14,pad,2185
5,3,2,15,pad,1937
5,3,2,16,pad,2169
5,3,2,17,pad,1935
5,3,2,18,pad,2194
5,3,2,19,pad,2690
5,3,2,20,pad,3377
5,3,2,21,pad,2691
5,3,2,23,pad,1908
5,3,2,24,pad,2692
5,3,2,25,pad,2188
5,3,2,26,pad,2929
5,3,2,27,pad,2172
5,3,2,28,pad,2693
5,3,2,29,pad,2190
5,3,2,30,pad,1943
5,3,2,31,pad,1910
5,3,2,32,pad,2199
5,3,2,33,pad,2191
5,3,2,34,pad,3378
5,3,2,35,pad,2174
5,3,2,36,pad,1944
5,3,2,37,pad,2195
5,3,2,38,pad,2200
5,3,2,39,pad,1913
5,3,2,40,pad,1945
5,3,2,41,pad,1917
5,3,2,42,pad,2201
5,3,2,43,pad,1911
5,3,2,44,pad,3379
5,3,2,46,pad,1646
5,3,2,47,pad,1946
5,3,2,48,pad,3591
5,3,2,49,pad,3159
5,3,2,50,pad,1915
5,3,2,51,pad,2202
5,3,2,52,pad,2449
5,3,2,53,pad,2451
5,3,2,54,pad,2930
5,3,2,55,pad,2931
5,3,2,57,pad,2694
5,3,2,58,pad,3380
5,3,2,59,pad,2450
5,3,2,60,pad,2203
5,3,2,61,pad,3592
5,3,2,62,pad,2452
5,3,2,63,pad,1947
5,3,2,64,pad,1948
5,3,2,65,pad,2695
5,3,2,66,pad,2204
5,3,2,67,pad,3160
5,3,1,0,pad,3381
5,3,1,1,pad,2932
5,3,1,2,pad,2453
5,3,1,3,pad,3593
5,3,1,4,pad,2205
5,3,1,5,pad,2696
5,3,1,6,pad,2454
5,3,1,7,pad,3161
5,3,1,8,pad,2206
5,3,1,9,pad,2455
0,3,1,10,pad,1111
0,3,1,12,pad,1108
0,3,1,13,pad,825
0,3,1,14,pad,1110
0,3,1,15,pad,827
0,3,1,16,pad,1113
0,3,1,17,pad,830
0,3,1,18,pad,1112
0,3,1,19,pad,1115
0,3,1,20,pad,207
0,3,1,21,pad,215
0,3,1,23,pad,1114
0,3,1,24,pad,832
0,3,1,25,pad,512
0,3,1,26,pad,529
0,3,1,27,pad,480
0,3,1,28,pad,1117
0,3,1,29,pad,1116
0,3,1,30,pad,525
0,3,1,31,pad,1106
0,3,1,32,pad,530
0,3,1,33,pad,1394
0,3,1,34,pad,1118
0,3,1,35,pad,515
0,3,1,36,pad,823
0,3,1,37,pad,1119
0,3,1,38,pad,835
0,3,1,39,pad,522
0,3,1,40,pad,1120
0,3,1,41,pad,210
0,3,1,42,pad,526
0,3,1,43,pad,1397
0,3,1,44,pad,218
0,3,1,46,pad,1121
0,3,1,47,pad,220
0,3,1,48,pad,517
0,3,1,49,pad,1123
0,3,1,50,pad,1399
0,3,1,51,pad,221
0,3,1,52,pad,1122
0,3,1,53,pad,833
0,3,1,54,pad,1109
0,3,1,55,pad,214
0,3,1,57,pad,1400
0,3,1,58,pad,1125
0,3,1,59,pad,212
0,3,1,60,pad,216
0,3,1,61,pad,1124
0,3,1,62,pad,528
0,3,1,63,pad,1402
0,3,1,64,pad,838
0,3,1,65,pad,213
0,3,1,66,pad,1126
0,3,1,67,pad,518
0,3,0,0,pad,840
0,3,0,1,pad,524
0,3,0,2,pad,1127
0,3,0,3,pad,1405
0,3,0,4,pad,1128
0,3,0,5,pad,206
0,3,0,6,pad,223
0,3,0,7,pad,1404
0,3,0,8,pad,1129
0,3,0,9,pad,520
0,3,0,10,pad,829
0,3,0,12,pad,1407
0,3,0,13,pad,1131
0,3,0,14,pad,208
0,3,0,15,pad,217
0,3,0,16,pad,1406
0,3,0,17,pad,1130
0,3,0,18,pad,1408
0,3,0,19,pad,226
0,3,0,20,pad,209
0,3,0,21,pad,828
0,3,0,23,pad,824
0,3,0,24,pad,1132
0,3,0,25,pad,1409
0,3,0,26,pad,534
0,3,0,27,pad,1410
0,3,0,28,pad,537
0,3,0,29,pad,527
0,3,0,30,pad,1135
0,3,0,31,pad,523
0,3,0,32,pad,536
0,3,0,33,pad,211
0,3,0,34,pad,831
0,3,0,35,pad,1411
0,3,0,36,pad,538
0,3,0,37,pad,205
0,3,0,38,pad,539
0,3,0,39,pad,190
0,3,0,40,pad,540
0,3,0,41,pad,193
0,3,0,42,pad,834
0,3,0,43,pad,195
0,3,0,44,pad,541
0,3,0,46,pad,198
0,3,0,47,pad,543
0,3,0,48,pad,200
0,3,0,49,pad,836
0,3,0,50,pad,201
0,3,0,51,pad,545
0,3,0,52,pad,1412
0,3,0,53,pad,837
0,3,0,54,pad,203
0,3,0,55,pad,546
0,3,0,57,pad,826
0,3,0,58,pad,548
0,3,0,59,pad,532
0,3,0,60,pad,841
0,3,0,61,pad,533
0,3,0,62,pad,839
0,3,0,63,pad,535
0,3,0,64,pad,551
0,3,0,65,pad,1681
0,3,0,66,pad,1413
0,3,0,67,pad,842
0,3,3,0,pad,488
0,3,3,1,pad,489
0,3,3,2,pad,194
0,3,3,3,pad,490
0,3,3,4,pad,196
0,3,3,5,pad,492
0,3,3,6,pad,491
0,3,3,7,pad,493
0,3,3,8,pad,5290
0,3,3,9,pad,494
0,3,3,10,pad,197
0,3,3,12,pad,477
0,3,3,13,pad,5292
0,3,3,14,pad,160
0,3,3,15,pad,199
0,3,3,16,pad,495
0,3,3,17,pad,5293
0,3,3,18,pad,487
0,3,3,19,pad,496
0,3,3,20,pad,497
0,3,3,21,pad,202
0,3,3,23,pad,158
0,3,3,24,pad,5296
0,3,3,25,pad,167
0,3,3,26,pad,499
0,3,3,27,pad,498
0,3,3,28,pad,204
0,3,3,29,pad,170
0,3,3,30,pad,5295
0,3,3,31,pad,478
0,3,3,32,pad,501
0,3,3,33,pad,789
0,3,3,34,pad,5287
0,3,3,35,pad,500
0,3,3,36,pad,5294
0,3,3,37,pad,161
0,3,3,38,pad,5291
0,3,3,39,pad,163
0,3,3,40,pad,5289
0,3,3,41,pad,791
0,3,3,42,pad,502
0,3,3,43,pad,503
0,3,3,44,pad,174
0,3,3,46,pad,172
0,3,3,47,pad,504
0,3,3,48,pad,794
0,3,3,49,pad,171
0,3,3,50,pad,505
0,3,3,51,pad,5288
0,3,3,52,pad,166
0,3,3,53,pad,5286
0,3,3,54,pad,173
0,3,3,55,pad,507
0,3,3,57,pad,796
0,3,3,58,pad,169
0,3,3,59,pad,506
0,3,3,60,pad,5281
0,3,3,61,pad,168
0,3,3,62,pad,509
0,3,3,63,pad,797
0,3,3,64,pad,5283
0,3,3,65,pad,5278
0,3,3,66,pad,192
0,3,3,67,pad,5280
0,3,2,0,pad,508
0,3,2,1,pad,799
0,3,2,2,pad,510
0,3,2,3,pad,180
0,3,2,4,pad,188
0,3,2,5,pad,800
0,3,2,6,pad,511
0,3,2,7,pad,181
0,3,2,8,pad,5298
0,3,2,9,pad,802
0,3,2,10,pad,185
0,3,2,12,pad,183
0,3,2,13,pad,5300
0,3,2,14,pad,178
0,3,2,15,pad,513
0,3,2,16,pad,801
0,3,2,17,pad,189
0,3,2,18,pad,804
0,3,2,19,pad,5301
0,3,2,20,pad,803
0,3,2,21,pad,514
0,3,2,23,pad,483
0,3,2,24,pad,5303
0,3,2,25,pad,805
0,3,2,26,pad,5304
0,3,2,27,pad,175
0,3,2,28,pad,516
0,3,2,29,pad,806
0,3,2,30,pad,5302
0,3,2,31,pad,807
0,3,2,32,pad,5299
0,3,2,33,pad,176
0,3,2,34,pad,5598
0,3,2,35,pad,177
0,3,2,36,pad,519
0,3,2,37,pad,179
0,3,2,38,pad,5305
0,3,2,39,pad,808
0,3,2,40,pad,5600
0,3,2,41,pad,182
0,3,2,42,pad,810
0,3,2,43,pad,809
0,3,2,44,pad,521
0,3,2,46,pad,485
0,3,2,47,pad,5306
0,3,2,48,pad,1094
0,3,2,49,pad,812
0,3,2,50,pad,811
0,3,2,51,pad,5603
0,3,2,52,pad,186
0,3,2,53,pad,5597
0,3,2,54,pad,1096
0,3,2,55,pad,813
0,3,2,57,pad,184
0,3,2,58,pad,5595
0,3,2,59,pad,814
0,3,2,60,pad,187
0,3,2,61,pad,5297
0,3,2,62,pad,191
0,3,2,63,pad,1099
0,3,2,64,pad,486
0,3,2,65,pad,816
0,3,2,66,pad,815
0,3,2,67,pad,1107
0,3,1,0,pad,818
0,3,1,1,pad,1104
0,3,1,2,pad,820
0,3,1,3,pad,1101
0,3,1,4,pad,817
0,3,1,5,pad,1105
0,3,1,6,pad,819
0,3,1,7,pad,1102
0,3,1,8,pad,821
0,3,1,9,pad,822
0,2,1,10,pad,1656
0,2,1,12,pad,1658
0,2,1,13,pad,1383
0,2,1,14,pad,1613
0,2,1,15,pad,1385
0,2,1,16,pad,1611
0,2,1,17,pad,1387
0,2,1,18,pad,1657
0,2,1,19,pad,1388
0,2,1,20,pad,1659
0,2,1,21,pad,1384
0,2,1,23,pad,1610
0,2,1,24,pad,1386
0,2,1,25,pad,1660
0,2,1,26,pad,1389
0,2,1,27,pad,1355
0,2,1,28,pad,1391
0,2,1,29,pad,1661
0,2,1,30,pad,1390
0,2,1,31,pad,1353
0,2,1,32,pad,1393
0,2,1,33,pad,1662
0,2,1,34,pad,1352
0,2,1,35,pad,1664
0,2,1,36,pad,1351
0,2,1,37,pad,1350
0,2,1,38,pad,1349
0,2,1,39,pad,1663
0,2,1,40,pad,1395
0,2,1,41,pad,1348
0,2,1,42,pad,1666
0,2,1,43,pad,1347
0,2,1,44,pad,1396
0,2,1,46,pad,1345
0,2,1,47,pad,1346
0,2,1,48,pad,1342
0,2,1,49,pad,1055
0,2,1,50,pad,1665
0,2,1,51,pad,1667
0,2,1,52,pad,1340
0,2,1,53,pad,1057
0,2,1,54,pad,1668
0,2,1,55,pad,1398
0,2,1,57,pad,1339
0,2,1,58,pad,1058
0,2,1,59,pad,1337
0,2,1,60,pad,1669
0,2,1,61,pad,1619
0,2,1,62,pad,1060
0,2,1,63,pad,1670
0,2,1,64,pad,1401
0,2,1,65,pad,1618
0,2,1,66,pad,1063
0,2,1,67,pad,1616
0,2,0,0,pad,1672
0,2,0,1,pad,1671
0,2,0,2,pad,1403
0,2,0,3,pad,1356
0,2,0,4,pad,1065
0,2,0,5,pad,1358
0,2,0,6,pad,1674
0,2,0,7,pad,1936
0,2,0,8,pad,1066
0,2,0,9,pad,1673
0,2,0,10,pad,1053
0,2,0,12,pad,1361
0,2,0,13,pad,1054
0,2,0,14,pad,1938
0,2,0,15,pad,1675
0,2,0,16,pad,1363
0,2,0,17,pad,1056
0,2,0,18,pad,1364
0,2,0,19,pad,1676
0,2,0,20,pad,1637
0,2,0,21,pad,1344
0,2,0,23,pad,1640
0,2,0,24,pad,1677
0,2,0,25,pad,1939
0,2,0,26,pad,1343
0,2,0,27,pad,1645
0,2,0,28,pad,1341
0,2,0,29,pad,1904
0,2,0,30,pad,1338
0,2,0,31,pad,1900
0,2,0,32,pad,1678
0,2,0,33,pad,1906
0,2,0,34,pad,1621
0,2,0,35,pad,1902
0,2,0,36,pad,1624
0,2,0,37,pad,1909
0,2,0,38,pad,1626
0,2,0,39,pad,1940
0,2,0,40,pad,1627
0,2,0,41,pad,1903
0,2,0,42,pad,1629
0,2,0,43,pad,1641
0,2,0,44,pad,1632
0,2,0,46,pad,1644
0,2,0,47,pad,1634
0,2,0,48,pad,1901
0,2,0,49,pad,1679
0,2,0,50,pad,1639
0,2,0,51,pad,1635
0,2,0,52,pad,1898
0,2,0,53,pad,1642
0,2,0,54,pad,1941
0,2,0,55,pad,1643
0,2,0,57,pad,1896
0,2,0,58,pad,1653
0,2,0,59,pad,1638
0,2,0,60,pad,1651
0,2,0,61,pad,1636
0,2,0,62,pad,1680
0,2,0,63,pad,1633
0,2,0,64,pad,1650
0,2,0,65,pad,1942
0,2,0,66,pad,1648
0,2,0,67,pad,1655
0,2,3,0,pad,1062
0,2,3,1,pad,1061
0,2,3,2,pad,155
0,2,3,3,pad,1064
0,2,3,4,pad,779
0,2,3,5,pad,1067
0,2,3,6,pad,157
0,2,3,7,pad,1069
0,2,3,8,pad,782
0,2,3,9,pad,153
0,2,3,10,pad,456
0,2,3,12,pad,156
0,2,3,13,pad,458
0,2,3,14,pad,454
0,2,3,15,pad,784
0,2,3,16,pad,753
0,2,3,17,pad,759
0,2,3,18,pad,457
0,2,3,19,pad,781
0,2,3,20,pad,152
0,2,3,21,pad,783
0,2,3,23,pad,1068
0,2,3,24,pad,786
0,2,3,25,pad,154
0,2,3,26,pad,788
0,2,3,27,pad,455
0,2,3,28,pad,787
0,2,3,29,pad,1071
0,2,3,30,pad,460
0,2,3,31,pad,1070
0,2,3,32,pad,459
0,2,3,33,pad,1072
0,2,3,34,pad,159
0,2,3,35,pad,1075
0,2,3,36,pad,461
0,2,3,37,pad,1073
0,2,3,38,pad,790
0,2,3,39,pad,1077
0,2,3,40,pad,162
0,2,3,41,pad,1074
0,2,3,42,pad,462
0,2,3,43,pad,463
0,2,3,44,pad,792
0,2,3,46,pad,465
0,2,3,47,pad,757
0,2,3,48,pad,761
0,2,3,49,pad,165
0,2,3,50,pad,763
0,2,3,51,pad,164
0,2,3,52,pad,1076
0,2,3,53,pad,793
0,2,3,54,pad,766
0,2,3,55,pad,464
0,2,3,57,pad,768
0,2,3,58,pad,467
0,2,3,59,pad,1079
0,2,3,60,pad,795
0,2,3,61,pad,1354
0,2,3,62,pad,1078
0,2,3,63,pad,769
0,2,3,64,pad,469
0,2,3,65,pad,1357
0,2,3,66,pad,1080
0,2,3,67,pad,1081
0,2,2,0,pad,798
0,2,2,1,pad,758
0,2,2,2,pad,762
0,2,2,3,pad,755
0,2,2,4,pad,1083
0,2,2,5,pad,1359
0,2,2,6,pad,466
0,2,2,7,pad,1082
0,2,2,8,pad,468
0,2,2,9,pad,1084
0,2,2,10,pad,1085
0,2,2,12,pad,1360
0,2,2,13,pad,471
0,2,2,14,pad,756
0,2,2,15,pad,474
0,2,2,16,pad,754
0,2,2,17,pad,476
0,2,2,18,pad,1362
0,2,2,19,pad,780
0,2,2,20,pad,751
0,2,2,21,pad,1086
0,2,2,23,pad,749
0,2,2,24,pad,778
0,2,2,25,pad,748
0,2,2,26,pad,775
0,2,2,27,pad,1365
0,2,2,28,pad,1088
0,2,2,29,pad,1059
0,2,2,30,pad,1087
0,2,2,31,pad,760
0,2,2,32,pad,1089
0,2,2,33,pad,1367
0,2,2,34,pad,1091
0,2,2,35,pad,470
0,2,2,36,pad,773
0,2,2,37,pad,472
0,2,2,38,pad,1090
0,2,2,39,pad,475
0,2,2,40,pad,772
0,2,2,41,pad,1368
0,2,2,42,pad,1093
0,2,2,43,pad,1366
0,2,2,44,pad,770
0,2,2,46,pad,1369
0,2,2,47,pad,1092
0,2,2,48,pad,1370
0,2,2,49,pad,767
0,2,2,50,pad,479
0,2,2,51,pad,765
0,2,2,52,pad,481
0,2,2,53,pad,1095
0,2,2,54,pad,1371
0,2,2,55,pad,764
0,2,2,57,pad,1373
0,2,2,58,pad,776
0,2,2,59,pad,482
0,2,2,60,pad,1097
0,2,2,61,pad,1372
0,2,2,62,pad,774
0,2,2,63,pad,1375
0,2,2,64,pad,771
0,2,2,65,pad,484
0,2,2,66,pad,777
0,2,2,67,pad,1374
0,2,1,0,pad,1098
0,2,1,1,pad,1376
0,2,1,2,pad,785
0,2,1,3,pad,473
0,2,1,4,pad,1100
0,2,1,5,pad,1377
0,2,1,6,pad,1103
0,2,1,7,pad,1379
0,2,1,8,pad,1378
0,2,1,9,pad,1381
6,0,1,10,pad,873
6,0,1,12,pad,872
6,0,1,13,pad,584
6,0,1,14,pad,1155
6,0,1,15,pad,585
6,0,1,16,pad,2214
6,0,1,17,pad,1958
6,0,1,18,pad,1697
6,0,1,19,pad,1953
6,0,1,20,pad,1959
6,0,1,21,pad,1426
6,0,1,23,pad,2215
6,0,1,24,pad,586
6,0,1,25,pad,1156
6,0,1,26,pad,1153
6,0,1,27,pad,874
6,0,1,28,pad,1692
6,0,1,29,pad,2464
6,0,1,30,pad,1152
6,0,1,31,pad,1430
6,0,1,32,pad,1425
6,0,1,33,pad,1698
6,0,1,34,pad,1952
6,0,1,35,pad,1960
6,0,1,36,pad,1691
6,0,1,37,pad,2216
6,0,1,38,pad,1690
6,0,1,39,pad,2465
6,0,1,40,pad,587
6,0,1,41,pad,875
6,0,1,42,pad,1423
6,0,1,43,pad,1157
6,0,1,44,pad,5700
6,0,1,46,pad,1431
6,0,1,47,pad,5987
6,0,1,48,pad,1699
6,0,1,49,pad,6268
6,0,1,50,pad,1961
6,0,1,51,pad,5701
6,0,1,52,pad,2217
6,0,1,53,pad,7073
6,0,1,54,pad,2466
6,0,1,55,pad,7072
6,0,1,57,pad,1432
6,0,1,58,pad,876
6,0,1,59,pad,1158
6,0,1,60,pad,6811
6,0,1,61,pad,1700
6,0,1,62,pad,7330
6,0,1,63,pad,1962
6,0,1,64,pad,7074
6,0,1,65,pad,2218
6,0,1,66,pad,6812
6,0,1,67,pad,2467
6,0,0,0,pad,7331
6,0,0,1,pad,1433
6,0,0,2,pad,7075
6,0,0,3,pad,1701
6,0,0,4,pad,877
6,0,0,5,pad,1159
6,0,0,6,pad,6813
6,0,0,7,pad,1963
6,0,0,8,pad,6545
6,0,0,9,pad,2219
6,0,0,10,pad,7332
6,0,0,12,pad,2468
6,0,0,13,pad,7076
6,0,0,14,pad,1434
6,0,0,15,pad,6814
6,0,0,16,pad,1702
6,0,0,17,pad,6815
6,0,0,18,pad,1964
6,0,0,19,pad,6547
6,0,0,20,pad,2220
6,0,0,21,pad,878
6,0,0,23,pad,1160
6,0,0,24,pad,5990
6,0,0,25,pad,2469
6,0,0,26,pad,6272
6,0,0,27,pad,1435
6,0,0,28,pad,1427
6,0,0,29,pad,1703
6,0,0,30,pad,1693
6,0,0,31,pad,1965
6,0,0,32,pad,1954
6,0,0,33,pad,2221
6,0,0,34,pad,1428
6,0,0,35,pad,2470
6,0,0,36,pad,879
6,0,0,37,pad,1161
6,0,0,38,pad,1694
6,0,0,39,pad,2712
6,0,0,40,pad,1154
6,0,0,41,pad,1436
6,0,0,42,pad,1955
6,0,0,43,pad,1704
6,0,0,44,pad,1429
6,0,0,46,pad,1966
6,0,0,47,pad,1695
6,0,0,48,pad,2222
6,0,0,49,pad,2210
6,0,0,50,pad,2471
6,0,0,51,pad,1696
6,0,0,52,pad,1162
6,0,0,53,pad,880
6,0,0,54,pad,2713
6,0,0,55,pad,1956
6,0,0,57,pad,1437
6,0,0,58,pad,2211
6,0,0,59,pad,1705
6,0,0,60,pad,2212
6,0,0,61,pad,1967
6,0,0,62,pad,1957
6,0,0,63,pad,2223
6,0,0,64,pad,2213
6,0,0,65,pad,1163
6,0,0,66,pad,4836
6,0,0,67,pad,881
6,0,3,0,pad,861
6,0,3,1,pad,550
6,0,3,2,pad,573
6,0,3,3,pad,277
6,0,3,4,pad,245
6,0,3,5,pad,552
6,0,3,6,pad,574
6,0,3,7,pad,862
6,0,3,8,pad,269
6,0,3,9,pad,5368
6,0,3,10,pad,263
6,0,3,12,pad,555
6,0,3,13,pad,271
6,0,3,14,pad,276
6,0,3,15,pad,266
6,0,3,16,pad,557
6,0,3,17,pad,274
6,0,3,18,pad,5366
6,0,3,19,pad,268
6,0,3,20,pad,558
6,0,3,21,pad,235
6,0,3,23,pad,560
6,0,3,24,pad,575
6,0,3,25,pad,863
6,0,3,26,pad,238
6,0,3,27,pad,248
6,0,3,28,pad,5664
6,0,3,29,pad,549
6,0,3,30,pad,240
6,0,3,31,pad,264
6,0,3,32,pad,5397
6,0,3,33,pad,547
6,0,3,34,pad,241
6,0,3,35,pad,571
6,0,3,36,pad,5667
6,0,3,37,pad,544
6,0,3,38,pad,576
6,0,3,39,pad,864
6,0,3,40,pad,243
6,0,3,41,pad,262
6,0,3,42,pad,5669
6,0,3,43,pad,542
6,0,3,44,pad,246
6,0,3,46,pad,259
6,0,3,47,pad,5670
6,0,3,48,pad,564
6,0,3,49,pad,278
6,0,3,50,pad,567
6,0,3,51,pad,5672
6,0,3,52,pad,562
6,0,3,53,pad,265
6,0,3,54,pad,1422
6,0,3,55,pad,577
6,0,3,57,pad,865
6,0,3,58,pad,5370
6,0,3,59,pad,257
6,0,3,60,pad,5373
6,0,3,61,pad,561
6,0,3,62,pad,5396
6,0,3,63,pad,256
6,0,3,64,pad,5372
6,0,3,65,pad,559
6,0,3,66,pad,244
6,0,3,67,pad,572
6,0,2,0,pad,5367
6,0,2,1,pad,556
6,0,2,2,pad,578
6,0,2,3,pad,866
6,0,2,4,pad,242
6,0,2,5,pad,254
6,0,2,6,pad,5365
6,0,2,7,pad,554
6,0,2,8,pad,239
6,0,2,9,pad,251
6,0,2,10,pad,5364
6,0,2,12,pad,553
6,0,2,13,pad,237
6,0,2,14,pad,249
6,0,2,15,pad,5362
6,0,2,16,pad,855
6,0,2,17,pad,236
6,0,2,18,pad,867
6,0,2,19,pad,579
6,0,2,20,pad,1424
6,0,2,21,pad,563
6,0,2,23,pad,853
6,0,2,24,pad,5359
6,0,2,25,pad,258
6,0,2,26,pad,5357
6,0,2,27,pad,856
6,0,2,28,pad,5358
6,0,2,29,pad,570
6,0,2,30,pad,5384
6,0,2,31,pad,852
6,0,2,32,pad,5382
6,0,2,33,pad,253
6,0,2,34,pad,5379
6,0,2,35,pad,868
6,0,2,36,pad,580
6,0,2,37,pad,850
6,0,2,38,pad,5377
6,0,2,39,pad,247
6,0,2,40,pad,5376
6,0,2,41,pad,847
6,0,2,42,pad,5374
6,0,2,43,pad,568
6,0,2,44,pad,5371
6,0,2,46,pad,845
6,0,2,47,pad,5369
6,0,2,48,pad,565
6,0,2,49,pad,860
6,0,2,50,pad,869
6,0,2,51,pad,581
6,0,2,52,pad,844
6,0,2,53,pad,260
6,0,2,54,pad,854
6,0,2,55,pad,255
6,0,2,57,pad,851
6,0,2,58,pad,252
6,0,2,59,pad,849
6,0,2,60,pad,250
6,0,2,61,pad,848
6,0,2,62,pad,228
6,0,2,63,pad,846
6,0,2,64,pad,859
6,0,2,65,pad,843
6,0,2,66,pad,582
6,0,2,67,pad,870
6,0,1,0,pad,566
6,0,1,1,pad,1133
6,0,1,2,pad,569
6,0,1,3,pad,1134
6,0,1,4,pad,1147
6,0,1,5,pad,1136
6,0,1,6,pad,1148
6,0,1,7,pad,871
6,0,1,8,pad,1149
6,0,1,9,pad,583
6,1,1,10,pad,5988
6,1,1,12,pad,6269
6,1,1,13,pad,291
6,1,1,14,pad,6543
6,1,1,15,pad,7584
6,1,1,16,pad,5702
6,1,1,17,pad,7335
6,1,1,18,pad,5989
6,1,1,19,pad,5411
6,1,1,20,pad,6270
6,1,1,21,pad,7079
6,1,1,23,pad,6544
6,1,1,24,pad,292
6,1,1,25,pad,6271
6,1,1,26,pad,6817
6,1,1,27,pad,6546
6,1,1,28,pad,6549
6,1,1,29,pad,7333
6,1,1,30,pad,6274
6,1,1,31,pad,7077
6,1,1,32,pad,7585
6,1,1,33,pad,7334
6,1,1,34,pad,7336
6,1,1,35,pad,7078
6,1,1,36,pad,5413
6,1,1,37,pad,6816
6,1,1,38,pad,293
6,1,1,39,pad,6548
6,1,1,40,pad,6819
6,1,1,41,pad,7080
6,1,1,42,pad,6551
6,1,1,43,pad,6818
6,1,1,44,pad,6276
6,1,1,46,pad,6550
6,1,1,47,pad,7587
6,1,1,48,pad,6275
6,1,1,49,pad,7338
6,1,1,50,pad,7586
6,1,1,51,pad,7082
6,1,1,52,pad,7337
6,1,1,53,pad,5414
6,1,1,54,pad,588
6,1,1,55,pad,294
6,1,1,57,pad,7081
6,1,1,58,pad,6820
6,1,1,59,pad,5412
6,1,1,60,pad,6552
6,1,1,61,pad,6277
6,1,1,62,pad,7083
6,1,1,63,pad,5995
6,1,1,64,pad,6821
6,1,1,65,pad,7588
6,1,1,66,pad,6553
6,1,1,67,pad,7339
6,1,0,0,pad,5415
6,1,0,1,pad,589
6,1,0,2,pad,6278
6,1,0,3,pad,5996
6,1,0,4,pad,295
6,1,0,5,pad,7589
6,1,0,6,pad,7340
6,1,0,7,pad,5997
6,1,0,8,pad,7084
6,1,0,9,pad,6273
6,1,0,10,pad,6822
6,1,0,12,pad,5991
6,1,0,13,pad,6554
6,1,0,14,pad,5703
6,1,0,15,pad,6279
6,1,0,16,pad,5992
6,1,0,17,pad,5416
6,1,0,18,pad,590
6,1,0,19,pad,296
6,1,0,20,pad,5704
6,1,0,21,pad,7590
6,1,0,23,pad,5993
6,1,0,24,pad,7341
6,1,0,25,pad,5705
6,1,0,26,pad,7085
6,1,0,27,pad,5994
6,1,0,28,pad,6823
6,1,0,29,pad,5706
6,1,0,30,pad,6555
6,1,0,31,pad,5707
6,1,0,32,pad,6280
6,1,0,33,pad,591
6,1,0,34,pad,297
6,1,0,35,pad,5708
6,1,0,36,pad,5998
6,1,0,37,pad,5709
6,1,0,38,pad,5710
6,1,0,39,pad,7833
6,1,0,40,pad,6824
6,1,0,41,pad,7591
6,1,0,42,pad,6556
6,1,0,43,pad,7342
6,1,0,44,pad,6281
6,1,0,46,pad,7086
6,1,0,47,pad,5999
6,1,0,48,pad,7343
6,1,0,49,pad,298
6,1,0,50,pad,592
6,1,0,51,pad,5711
6,1,0,52,pad,7087
6,1,0,53,pad,5417
6,1,0,54,pad,6825
6,1,0,55,pad,6557
6,1,0,57,pad,6000
6,1,0,58,pad,6282
6,1,0,59,pad,6283
6,1,0,60,pad,5712
6,1,0,61,pad,5713
6,1,0,62,pad,5418
6,1,0,63,pad,1151
6,1,0,64,pad,6001
6,1,0,65,pad,593
6,1,0,66,pad,299
6,1,0,67,pad,5419
6,1,3,0,pad,279
6,1,3,1,pad,267
6,1,3,2,pad,5399
6,1,3,3,pad,270
6,1,3,4,pad,5400
6,1,3,5,pad,280
6,1,3,6,pad,5381
6,1,3,7,pad,5675
6,1,3,8,pad,5684
6,1,3,9,pad,272
6,1,3,10,pad,5383
6,1,3,12,pad,5677
6,1,3,13,pad,5687
6,1,3,14,pad,273
6,1,3,15,pad,5386
6,1,3,16,pad,5678
6,1,3,17,pad,5972
6,1,3,18,pad,275
6,1,3,19,pad,5388
6,1,3,20,pad,281
6,1,3,21,pad,5973
6,1,3,23,pad,5360
6,1,3,24,pad,5389
6,1,3,25,pad,5674
6,1,3,26,pad,5975
6,1,3,27,pad,5361
6,1,3,28,pad,5398
6,1,3,29,pad,1150
6,1,3,30,pad,5971
6,1,3,31,pad,5363
6,1,3,32,pad,5391
6,1,3,33,pad,5679
6,1,3,34,pad,5974
6,1,3,35,pad,5385
6,1,3,36,pad,5402
6,1,3,37,pad,282
6,1,3,38,pad,5394
6,1,3,39,pad,5681
6,1,3,40,pad,5976
6,1,3,41,pad,5387
6,1,3,42,pad,5680
6,1,3,43,pad,5682
6,1,3,44,pad,5690
6,1,3,46,pad,5390
6,1,3,47,pad,5683
6,1,3,48,pad,5689
6,1,3,49,pad,5691
6,1,3,50,pad,5392
6,1,3,51,pad,5403
6,1,3,52,pad,283
6,1,3,53,pad,5685
6,1,3,54,pad,261
6,1,3,55,pad,5401
6,1,3,57,pad,5393
6,1,3,58,pad,6541
6,1,3,59,pad,1137
6,1,3,60,pad,5686
6,1,3,61,pad,5395
6,1,3,62,pad,6542
6,1,3,63,pad,857
6,1,3,64,pad,5688
6,1,3,65,pad,5375
6,1,3,66,pad,6258
6,1,3,67,pad,1138
6,1,2,0,pad,5404
6,1,2,1,pad,284
6,1,2,2,pad,6259
6,1,2,3,pad,5378
6,1,2,4,pad,5977
6,1,2,5,pad,858
6,1,2,6,pad,5978
6,1,2,7,pad,5380
6,1,2,8,pad,5692
6,1,2,9,pad,1139
6,1,2,10,pad,5979
6,1,2,12,pad,1414
6,1,2,13,pad,5693
6,1,2,14,pad,1682
6,1,2,15,pad,5405
6,1,2,16,pad,285
6,1,2,17,pad,6260
6,1,2,18,pad,1140
6,1,2,19,pad,5980
6,1,2,20,pad,1415
6,1,2,21,pad,5694
6,1,2,23,pad,1683
6,1,2,24,pad,6261
6,1,2,25,pad,1141
6,1,2,26,pad,5981
6,1,2,27,pad,1416
6,1,2,28,pad,5695
6,1,2,29,pad,1684
6,1,2,30,pad,6262
6,1,2,31,pad,1142
6,1,2,32,pad,5982
6,1,2,33,pad,286
6,1,2,34,pad,5696
6,1,2,35,pad,1417
6,1,2,36,pad,6263
6,1,2,37,pad,1685
6,1,2,38,pad,5983
6,1,2,39,pad,1143
6,1,2,40,pad,5697
6,1,2,41,pad,1418
6,1,2,42,pad,6264
6,1,2,43,pad,1686
6,1,2,44,pad,5406
6,1,2,46,pad,1144
6,1,2,47,pad,5984
6,1,2,48,pad,287
6,1,2,49,pad,5698
6,1,2,50,pad,1419
6,1,2,51,pad,5699
6,1,2,52,pad,1687
6,1,2,53,pad,6538
6,1,2,54,pad,1949
6,1,2,55,pad,6265
6,1,2,57,pad,1145
6,1,2,58,pad,5985
6,1,2,59,pad,1420
6,1,2,60,pad,6539
6,1,2,61,pad,1688
6,1,2,62,pad,5407
6,1,2,63,pad,1950
6,1,2,64,pad,5408
6,1,2,65,pad,288
6,1,2,66,pad,6266
6,1,2,67,pad,1146
6,1,1,0,pad,5986
6,1,1,1,pad,1421
6,1,1,2,pad,6540
6,1,1,3,pad,1689
6,1,1,4,pad,6267
6,1,1,5,pad,1951
6,1,1,6,pad,5409
6,1,1,7,pad,289
6,1,1,8,pad,5410
6,1,1,9,pad,290
3,0,1,10,pad,6533
3,0,1,12,pad,6534
3,0,1,13,pad,6801
3,0,1,14,pad,227
3,0,1,15,pad,5334
3,0,1,16,pad,225
3,0,1,17,pad,5632
3,0,1,18,pad,230
3,0,1,19,pad,5335
3,0,1,20,pad,5356
3,0,1,21,pad,6802
3,0,1,23,pad,229
3,0,1,24,pad,5630
3,0,1,25,pad,5352
3,0,1,26,pad,5629
3,0,1,27,pad,6535
3,0,1,28,pad,5336
3,0,1,29,pad,5353
3,0,1,30,pad,5337
3,0,1,31,pad,5350
3,0,1,32,pad,5635
3,0,1,33,pad,232
3,0,1,34,pad,5338
3,0,1,35,pad,5662
3,0,1,36,pad,219
3,0,1,37,pad,231
3,0,1,38,pad,6803
3,0,1,39,pad,5970
3,0,1,40,pad,5634
3,0,1,41,pad,6536
3,0,1,42,pad,5339
3,0,1,43,pad,5355
3,0,1,44,pad,5340
3,0,1,46,pad,5676
3,0,1,47,pad,222
3,0,1,48,pad,233
3,0,1,49,pad,5637
3,0,1,50,pad,5347
3,0,1,51,pad,6804
3,0,1,52,pad,234
3,0,1,53,pad,5342
3,0,1,54,pad,531
3,0,1,55,pad,5636
3,0,1,57,pad,6537
3,0,1,58,pad,224
3,0,1,59,pad,5656
3,0,1,60,pad,5341
3,0,1,61,pad,5654
3,0,1,62,pad,5638
3,0,1,63,pad,5653
3,0,1,64,pad,5344
3,0,1,65,pad,5651
3,0,1,66,pad,6805
3,0,1,67,pad,5648
3,0,0,0,pad,5639
3,0,0,1,pad,5658
3,0,0,2,pad,5641
3,0,0,3,pad,5346
3,0,0,4,pad,5642
3,0,0,5,pad,5657
3,0,0,6,pad,5644
3,0,0,7,pad,5343
3,0,0,8,pad,5647
3,0,0,9,pad,5655
3,0,0,10,pad,5649
3,0,0,12,pad,6806
3,0,0,13,pad,5640
3,0,0,14,pad,5956
3,0,0,15,pad,5643
3,0,0,16,pad,6251
3,0,0,17,pad,5665
3,0,0,18,pad,5955
3,0,0,19,pad,5964
3,0,0,20,pad,5958
3,0,0,21,pad,5962
3,0,0,23,pad,5954
3,0,0,24,pad,5959
3,0,0,25,pad,6253
3,0,0,26,pad,5666
3,0,0,27,pad,6807
3,0,0,28,pad,5348
3,0,0,29,pad,5951
3,0,0,30,pad,5349
3,0,0,31,pad,5660
3,0,0,32,pad,5668
3,0,0,33,pad,5949
3,0,0,34,pad,5965
3,0,0,35,pad,6257
3,0,0,36,pad,5351
3,0,0,37,pad,5948
3,0,0,38,pad,7069
3,0,0,39,pad,5663
3,0,0,40,pad,5671
3,0,0,41,pad,6808
3,0,0,42,pad,5659
3,0,0,43,pad,5946
3,0,0,44,pad,5969
3,0,0,46,pad,6254
3,0,0,47,pad,5354
3,0,0,48,pad,5960
3,0,0,49,pad,5967
3,0,0,50,pad,6256
3,0,0,51,pad,7070
3,0,0,52,pad,5957
3,0,0,53,pad,5673
3,0,0,54,pad,5961
3,0,0,55,pad,5661
3,0,0,57,pad,6809
3,0,0,58,pad,5345
3,0,0,59,pad,5963
3,0,0,60,pad,5645
3,0,0,61,pad,5966
3,0,0,62,pad,5650
3,0,0,63,pad,5968
3,0,0,64,pad,5652
3,0,0,65,pad,6810
3,0,0,66,pad,7071
3,0,0,67,pad,5646
3,0,3,0,pad,5938
3,0,3,1,pad,5936
3,0,3,2,pad,6221
3,0,3,3,pad,5937
3,0,3,4,pad,6219
3,0,3,5,pad,5935
3,0,3,6,pad,5914
3,0,3,7,pad,5940
3,0,3,8,pad,5612
3,0,3,9,pad,5925
3,0,3,10,pad,6222
3,0,3,12,pad,5623
3,0,3,13,pad,5605
3,0,3,14,pad,5939
3,0,3,15,pad,5606
3,0,3,16,pad,5941
3,0,3,17,pad,6224
3,0,3,18,pad,5620
3,0,3,19,pad,5608
3,0,3,20,pad,5942
3,0,3,21,pad,6225
3,0,3,23,pad,5943
3,0,3,24,pad,6227
3,0,3,25,pad,5618
3,0,3,26,pad,5611
3,0,3,27,pad,5944
3,0,3,28,pad,6226
3,0,3,29,pad,5617
3,0,3,30,pad,5615
3,0,3,31,pad,5927
3,0,3,32,pad,6229
3,0,3,33,pad,5930
3,0,3,34,pad,5613
3,0,3,35,pad,5945
3,0,3,36,pad,5308
3,0,3,37,pad,5625
3,0,3,38,pad,6228
3,0,3,39,pad,5932
3,0,3,40,pad,6230
3,0,3,41,pad,5947
3,0,3,42,pad,5309
3,0,3,43,pad,5933
3,0,3,44,pad,6231
3,0,3,46,pad,5626
3,0,3,47,pad,6232
3,0,3,48,pad,5950
3,0,3,49,pad,5610
3,0,3,50,pad,5614
3,0,3,51,pad,6233
3,0,3,52,pad,6235
3,0,3,53,pad,5911
3,0,3,54,pad,5616
3,0,3,55,pad,5609
3,0,3,57,pad,5952
3,0,3,58,pad,6234
3,0,3,59,pad,5311
3,0,3,60,pad,5909
3,0,3,61,pad,6237
3,0,3,62,pad,6216
3,0,3,63,pad,5619
3,0,3,64,pad,5921
3,0,3,65,pad,5953
3,0,3,66,pad,6236
3,0,3,67,pad,5314
3,0,2,0,pad,5607
3,0,2,1,pad,6238
3,0,2,2,pad,6514
3,0,2,3,pad,5316
3,0,2,4,pad,6239
3,0,2,5,pad,5621
3,0,2,6,pad,6214
3,0,2,7,pad,5307
3,0,2,8,pad,5920
3,0,2,9,pad,6240
3,0,2,10,pad,6517
3,0,2,12,pad,5310
3,0,2,13,pad,6241
3,0,2,14,pad,6243
3,0,2,15,pad,5908
3,0,2,16,pad,5312
3,0,2,17,pad,6519
3,0,2,18,pad,5313
3,0,2,19,pad,6242
3,0,2,20,pad,5317
3,0,2,21,pad,5923
3,0,2,23,pad,6245
3,0,2,24,pad,5926
3,0,2,25,pad,5315
3,0,2,26,pad,6520
3,0,2,27,pad,5318
3,0,2,28,pad,6244
3,0,2,29,pad,5319
3,0,2,30,pad,5928
3,0,2,31,pad,6246
3,0,2,32,pad,5916
3,0,2,33,pad,5322
3,0,2,34,pad,6522
3,0,2,35,pad,6247
3,0,2,36,pad,5917
3,0,2,37,pad,6248
3,0,2,38,pad,5919
3,0,2,39,pad,5324
3,0,2,40,pad,6525
3,0,2,41,pad,6249
3,0,2,42,pad,5922
3,0,2,43,pad,5320
3,0,2,44,pad,6524
3,0,2,46,pad,5325
3,0,2,47,pad,6527
3,0,2,48,pad,5321
3,0,2,49,pad,5929
3,0,2,50,pad,6250
3,0,2,51,pad,6526
3,0,2,52,pad,5323
3,0,2,53,pad,5924
3,0,2,54,pad,5330
3,0,2,55,pad,6528
3,0,2,57,pad,6252
3,0,2,58,pad,5931
3,0,2,59,pad,5327
3,0,2,60,pad,6529
3,0,2,61,pad,5332
3,0,2,62,pad,6530
3,0,2,63,pad,5326
3,0,2,64,pad,5934
3,0,2,65,pad,6255
3,0,2,66,pad,5622
3,0,2,67,pad,5333
3,0,1,0,pad,5628
3,0,1,1,pad,5328
3,0,1,2,pad,5631
3,0,1,3,pad,5329
3,0,1,4,pad,6531
3,0,1,5,pad,5331
3,0,1,6,pad,5624
3,0,1,7,pad,6532
3,0,1,8,pad,5627
3,0,1,9,pad,5633
3,1,1,10,pad,5282
3,1,1,12,pad,5279
3,1,1,13,pad,7062
3,1,1,14,pad,5594
3,1,1,15,pad,7063
3,1,1,16,pad,5593
3,1,1,17,pad,6481
3,1,1,18,pad,5591
3,1,1,19,pad,6480
3,1,1,20,pad,5277
3,1,1,21,pad,6478
3,1,1,23,pad,5276
3,1,1,24,pad,6479
3,1,1,25,pad,6765
3,1,1,26,pad,6477
3,1,1,27,pad,6763
3,1,1,28,pad,6474
3,1,1,29,pad,7064
3,1,1,30,pad,6472
3,1,1,31,pad,6491
3,1,1,32,pad,6471
3,1,1,33,pad,6489
3,1,1,34,pad,6469
3,1,1,35,pad,6486
3,1,1,36,pad,5586
3,1,1,37,pad,6484
3,1,1,38,pad,7320
3,1,1,39,pad,6483
3,1,1,40,pad,5585
3,1,1,41,pad,6762
3,1,1,42,pad,5583
3,1,1,43,pad,7065
3,1,1,44,pad,5580
3,1,1,46,pad,5887
3,1,1,47,pad,5579
3,1,1,48,pad,5885
3,1,1,49,pad,5576
3,1,1,50,pad,5886
3,1,1,51,pad,5574
3,1,1,52,pad,5888
3,1,1,53,pad,7321
3,1,1,54,pad,5884
3,1,1,55,pad,5874
3,1,1,57,pad,5883
3,1,1,58,pad,5875
3,1,1,59,pad,7066
3,1,1,60,pad,6182
3,1,1,61,pad,5882
3,1,1,62,pad,6181
3,1,1,63,pad,5880
3,1,1,64,pad,6180
3,1,1,65,pad,5879
3,1,1,66,pad,6179
3,1,1,67,pad,5877
3,1,0,0,pad,7322
3,1,0,1,pad,5876
3,1,0,2,pad,6176
3,1,0,3,pad,5878
3,1,0,4,pad,6174
3,1,0,5,pad,7067
3,1,0,6,pad,6178
3,1,0,7,pad,5584
3,1,0,8,pad,6177
3,1,0,9,pad,5582
3,1,0,10,pad,6175
3,1,0,12,pad,5581
3,1,0,13,pad,6172
3,1,0,14,pad,7565
3,1,0,15,pad,7323
3,1,0,16,pad,7328
3,1,0,17,pad,6170
3,1,0,18,pad,7327
3,1,0,19,pad,6171
3,1,0,20,pad,7068
3,1,0,21,pad,6169
3,1,0,23,pad,7564
3,1,0,24,pad,6168
3,1,0,25,pad,7563
3,1,0,26,pad,6167
3,1,0,27,pad,7562
3,1,0,28,pad,6166
3,1,0,29,pad,7816
3,1,0,30,pad,7324
3,1,0,31,pad,7576
3,1,0,32,pad,6165
3,1,0,33,pad,7815
3,1,0,34,pad,6163
3,1,0,35,pad,7814
3,1,0,36,pad,7319
3,1,0,37,pad,7813
3,1,0,38,pad,7318
3,1,0,39,pad,7812
3,1,0,40,pad,7317
3,1,0,41,pad,7811
3,1,0,42,pad,7316
3,1,0,43,pad,7325
3,1,0,44,pad,7315
3,1,0,46,pad,7810
3,1,0,47,pad,7314
3,1,0,48,pad,7809
3,1,0,49,pad,7574
3,1,0,50,pad,7808
3,1,0,51,pad,7573
3,1,0,52,pad,7577
3,1,0,53,pad,7572
3,1,0,54,pad,7803
3,1,0,55,pad,7571
3,1,0,57,pad,7804
3,1,0,58,pad,7570
3,1,0,59,pad,7326
3,1,0,60,pad,7569
3,1,0,61,pad,7805
3,1,0,62,pad,7568
3,1,0,63,pad,7806
3,1,0,64,pad,7567
3,1,0,65,pad,7807
3,1,0,66,pad,7566
3,1,0,67,pad,7575
3,1,3,0,pad,6211
3,1,3,1,pad,6495
3,1,3,2,pad,6494
3,1,3,3,pad,6496
3,1,3,4,pad,6492
3,1,3,5,pad,6498
3,1,3,6,pad,6497
3,1,3,7,pad,6218
3,1,3,8,pad,6482
3,1,3,9,pad,6220
3,1,3,10,pad,6768
3,1,3,12,pad,6223
3,1,3,13,pad,6499
3,1,3,14,pad,6217
3,1,3,15,pad,6202
3,1,3,16,pad,6501
3,1,3,17,pad,6770
3,1,3,18,pad,6215
3,1,3,19,pad,6203
3,1,3,20,pad,6500
3,1,3,21,pad,6204
3,1,3,23,pad,6212
3,1,3,24,pad,6205
3,1,3,25,pad,6503
3,1,3,26,pad,6771
3,1,3,27,pad,6502
3,1,3,28,pad,5918
3,1,3,29,pad,6210
3,1,3,30,pad,6201
3,1,3,31,pad,6490
3,1,3,32,pad,6200
3,1,3,33,pad,6504
3,1,3,34,pad,6773
3,1,3,35,pad,6505
3,1,3,36,pad,5915
3,1,3,37,pad,6493
3,1,3,38,pad,6199
3,1,3,39,pad,6506
3,1,3,40,pad,6776
3,1,3,41,pad,6488
3,1,3,42,pad,6198
3,1,3,43,pad,6507
3,1,3,44,pad,5913
3,1,3,46,pad,6509
3,1,3,47,pad,6196
3,1,3,48,pad,6487
3,1,3,49,pad,6778
3,1,3,50,pad,6508
3,1,3,51,pad,6193
3,1,3,52,pad,6209
3,1,3,53,pad,6197
3,1,3,54,pad,6511
3,1,3,55,pad,6779
3,1,3,57,pad,6208
3,1,3,58,pad,5912
3,1,3,59,pad,6510
3,1,3,60,pad,6780
3,1,3,61,pad,6512
3,1,3,62,pad,6194
3,1,3,63,pad,6485
3,1,3,64,pad,6781
3,1,3,65,pad,6513
3,1,3,66,pad,6195
3,1,3,67,pad,6207
3,1,2,0,pad,6782
3,1,2,1,pad,6206
3,1,2,2,pad,5910
3,1,2,3,pad,6173
3,1,2,4,pad,6784
3,1,2,5,pad,6515
3,1,2,6,pad,6783
3,1,2,7,pad,5881
3,1,2,8,pad,6192
3,1,2,9,pad,6786
3,1,2,10,pad,5894
3,1,2,12,pad,6516
3,1,2,13,pad,6190
3,1,2,14,pad,6213
3,1,2,15,pad,6785
3,1,2,16,pad,9382
3,1,2,17,pad,5604
3,1,2,18,pad,6787
3,1,2,19,pad,5893
3,1,2,20,pad,6518
3,1,2,21,pad,6788
3,1,2,23,pad,9401
3,1,2,24,pad,5602
3,1,2,25,pad,6789
3,1,2,26,pad,5891
3,1,2,27,pad,6521
3,1,2,28,pad,5892
3,1,2,29,pad,9307
3,1,2,30,pad,6790
3,1,2,31,pad,6792
3,1,2,32,pad,5601
3,1,2,33,pad,5906
3,1,2,34,pad,5599
3,1,2,35,pad,6523
3,1,2,36,pad,6791
3,1,2,37,pad,5905
3,1,2,38,pad,5889
3,1,2,39,pad,6794
3,1,2,40,pad,5890
3,1,2,41,pad,5903
3,1,2,42,pad,7056
3,1,2,43,pad,5907
3,1,2,44,pad,6793
3,1,2,46,pad,5902
3,1,2,47,pad,5904
3,1,2,48,pad,6795
3,1,2,49,pad,7058
3,1,2,50,pad,5588
3,1,2,51,pad,5901
3,1,2,52,pad,5592
3,1,2,53,pad,6796
3,1,2,54,pad,6797
3,1,2,55,pad,5899
3,1,2,57,pad,5590
3,1,2,58,pad,5900
3,1,2,59,pad,5285
3,1,2,60,pad,7059
3,1,2,61,pad,5284
3,1,2,62,pad,5897
3,1,2,63,pad,5275
3,1,2,64,pad,5898
3,1,2,65,pad,6798
3,1,2,66,pad,5895
3,1,2,67,pad,5596
3,1,1,0,pad,5896
3,1,1,1,pad,5589
3,1,1,2,pad,6184
3,1,1,3,pad,5587
3,1,1,4,pad,6189
3,1,1,5,pad,6800
3,1,1,6,pad,7060
3,1,1,7,pad,6799
3,1,1,8,pad,6191
3,1,1,9,pad,7061
6,2,1,10,pad,9115
6,2,1,12,pad,8918
6,2,1,13,pad,7578
6,2,1,14,pad,9211
6,2,1,15,pad,7329
6,2,1,16,pad,8713
6,2,1,17,pad,7579
6,2,1,18,pad,8500
6,2,1,19,pad,7821
6,2,1,20,pad,8501
6,2,1,21,pad,8056
6,2,1,23,pad,8714
6,2,1,24,pad,8283
6,2,1,25,pad,8919
6,2,1,26,pad,7580
6,2,1,27,pad,9212
6,2,1,28,pad,7822
6,2,1,29,pad,9116
6,2,1,30,pad,8057
6,2,1,31,pad,8502
6,2,1,32,pad,9305
6,2,1,33,pad,8715
6,2,1,34,pad,8284
6,2,1,35,pad,8920
6,2,1,36,pad,7826
6,2,1,37,pad,9117
6,2,1,38,pad,8061
6,2,1,39,pad,9213
6,2,1,40,pad,8288
6,2,1,41,pad,8503
6,2,1,42,pad,8508
6,2,1,43,pad,8716
6,2,1,44,pad,9306
6,2,1,46,pad,8921
6,2,1,47,pad,8721
6,2,1,48,pad,9118
6,2,1,49,pad,8926
6,2,1,50,pad,9214
6,2,1,51,pad,9123
6,2,1,52,pad,8504
6,2,1,53,pad,9219
6,2,1,54,pad,8717
6,2,1,55,pad,9313
6,2,1,57,pad,8922
6,2,1,58,pad,7827
6,2,1,59,pad,9119
6,2,1,60,pad,8062
6,2,1,61,pad,9215
6,2,1,62,pad,8289
6,2,1,63,pad,7581
6,2,1,64,pad,8509
6,2,1,65,pad,7823
6,2,1,66,pad,8722
6,2,1,67,pad,9308
6,2,0,0,pad,8927
6,2,0,1,pad,8058
6,2,0,2,pad,9124
6,2,0,3,pad,8285
6,2,0,4,pad,7828
6,2,0,5,pad,8505
6,2,0,6,pad,9399
6,2,0,7,pad,8718
6,2,0,8,pad,8063
6,2,0,9,pad,8923
6,2,0,10,pad,8290
6,2,0,12,pad,9309
6,2,0,13,pad,8510
6,2,0,14,pad,9120
6,2,0,15,pad,8723
6,2,0,16,pad,9216
6,2,0,17,pad,9400
6,2,0,18,pad,7582
6,2,0,19,pad,9404
6,2,0,20,pad,7824
6,2,0,21,pad,9220
6,2,0,23,pad,9310
6,2,0,24,pad,8928
6,2,0,25,pad,8059
6,2,0,26,pad,7829
6,2,0,27,pad,8286
6,2,0,28,pad,8064
6,2,0,29,pad,8506
6,2,0,30,pad,8291
6,2,0,31,pad,8719
6,2,0,32,pad,8511
6,2,0,33,pad,8924
6,2,0,34,pad,8724
6,2,0,35,pad,9121
6,2,0,36,pad,7830
6,2,0,37,pad,9217
6,2,0,38,pad,8065
6,2,0,39,pad,9311
6,2,0,40,pad,8292
6,2,0,41,pad,9402
6,2,0,42,pad,8512
6,2,0,43,pad,7583
6,2,0,44,pad,9125
6,2,0,46,pad,7825
6,2,0,47,pad,8929
6,2,0,48,pad,8060
6,2,0,49,pad,9491
6,2,0,50,pad,8287
6,2,0,51,pad,8725
6,2,0,52,pad,8507
6,2,0,53,pad,7831
6,2,0,54,pad,9403
6,2,0,55,pad,8066
6,2,0,57,pad,8720
6,2,0,58,pad,9493
6,2,0,59,pad,8925
6,2,0,60,pad,9492
6,2,0,61,pad,9122
6,2,0,62,pad,8293
6,2,0,63,pad,9218
6,2,0,64,pad,7832
6,2,0,65,pad,9312
6,2,0,66,pad,8067
6,2,0,67,pad,8513
6,2,3,0,pad,8270
6,2,3,1,pad,8271
6,2,3,2,pad,8490
6,2,3,3,pad,8272
6,2,3,4,pad,8489
6,2,3,5,pad,8273
6,2,3,6,pad,8488
6,2,3,7,pad,8491
6,2,3,8,pad,8487
6,2,3,9,pad,8269
6,2,3,10,pad,8486
6,2,3,12,pad,8268
6,2,3,13,pad,8485
6,2,3,14,pad,8267
6,2,3,15,pad,8484
6,2,3,16,pad,8266
6,2,3,17,pad,8483
6,2,3,18,pad,8265
6,2,3,19,pad,8482
6,2,3,20,pad,8492
6,2,3,21,pad,6766
6,2,3,23,pad,8264
6,2,3,24,pad,7031
6,2,3,25,pad,8263
6,2,3,26,pad,8704
6,2,3,27,pad,7297
6,2,3,28,pad,7030
6,2,3,29,pad,7038
6,2,3,30,pad,7289
6,2,3,31,pad,8493
6,2,3,32,pad,7290
6,2,3,33,pad,7039
6,2,3,34,pad,6764
6,2,3,35,pad,6774
6,2,3,36,pad,7029
6,2,3,37,pad,7299
6,2,3,38,pad,8705
6,2,3,39,pad,7300
6,2,3,40,pad,7028
6,2,3,41,pad,7041
6,2,3,42,pad,7287
6,2,3,43,pad,7040
6,2,3,44,pad,7288
6,2,3,46,pad,6775
6,2,3,47,pad,6761
6,2,3,48,pad,7302
6,2,3,49,pad,7026
6,2,3,50,pad,7043
6,2,3,51,pad,8706
6,2,3,52,pad,7042
6,2,3,53,pad,7027
6,2,3,54,pad,6777
6,2,3,55,pad,7286
6,2,3,57,pad,7044
6,2,3,58,pad,7285
6,2,3,59,pad,7045
6,2,3,60,pad,7283
6,2,3,61,pad,7046
6,2,3,62,pad,7291
6,2,3,63,pad,8707
6,2,3,64,pad,7292
6,2,3,65,pad,7047
6,2,3,66,pad,7033
6,2,3,67,pad,7049
6,2,2,0,pad,7032
6,2,2,1,pad,7048
6,2,2,2,pad,6767
6,2,2,3,pad,7051
6,2,2,4,pad,7293
6,2,2,5,pad,8708
6,2,2,6,pad,7294
6,2,2,7,pad,7050
6,2,2,8,pad,7035
6,2,2,9,pad,7052
6,2,2,10,pad,8912
6,2,2,12,pad,7053
6,2,2,13,pad,7034
6,2,2,14,pad,7055
6,2,2,15,pad,6769
6,2,2,16,pad,7054
6,2,2,17,pad,7296
6,2,2,18,pad,7057
6,2,2,19,pad,7295
6,2,2,20,pad,8037
6,2,2,21,pad,7036
6,2,2,23,pad,8038
6,2,2,24,pad,8913
6,2,2,25,pad,8039
6,2,2,26,pad,7037
6,2,2,27,pad,8040
6,2,2,28,pad,6772
6,2,2,29,pad,8041
6,2,2,30,pad,7298
6,2,2,31,pad,8042
6,2,2,32,pad,8916
6,2,2,33,pad,8043
6,2,2,34,pad,8711
6,2,2,35,pad,8914
6,2,2,36,pad,8498
6,2,2,37,pad,8044
6,2,2,38,pad,8278
6,2,2,39,pad,8045
6,2,2,40,pad,8051
6,2,2,41,pad,8046
6,2,2,42,pad,8917
6,2,2,43,pad,8709
6,2,2,44,pad,8712
6,2,2,46,pad,8494
6,2,2,47,pad,8499
6,2,2,48,pad,8915
6,2,2,49,pad,8279
6,2,2,50,pad,8495
6,2,2,51,pad,8052
6,2,2,52,pad,8496
6,2,2,53,pad,9111
6,2,2,54,pad,8274
6,2,2,55,pad,7817
6,2,2,57,pad,8275
6,2,2,58,pad,9114
6,2,2,59,pad,8276
6,2,2,60,pad,8280
6,2,2,61,pad,8047
6,2,2,62,pad,8053
6,2,2,63,pad,8048
6,2,2,64,pad,7818
6,2,2,65,pad,8049
6,2,2,66,pad,9112
6,2,2,67,pad,8710
6,2,1,0,pad,8281
6,2,1,1,pad,8497
6,2,1,2,pad,8054
6,2,1,3,pad,8277
6,2,1,4,pad,7819
6,2,1,5,pad,8050
6,2,1,6,pad,8282
6,2,1,7,pad,9113
6,2,1,8,pad,8055
6,2,1,9,pad,7820
6,3,1,10,pad,9303
6,3,1,12,pad,9201
6,3,1,13,pad,9393
6,3,1,14,pad,9200
6,3,1,15,pad,9394
6,3,1,16,pad,9199
6,3,1,17,pad,9392
6,3,1,18,pad,9304
6,3,1,19,pad,9391
6,3,1,20,pad,9198
6,3,1,21,pad,9390
6,3,1,23,pad,9197
6,3,1,24,pad,9389
6,3,1,25,pad,9196
6,3,1,26,pad,9395
6,3,1,27,pad,9195
6,3,1,28,pad,9388
6,3,1,29,pad,9194
6,3,1,30,pad,9387
6,3,1,31,pad,9302
6,3,1,32,pad,9386
6,3,1,33,pad,9301
6,3,1,34,pad,9385
6,3,1,35,pad,9300
6,3,1,36,pad,9396
6,3,1,37,pad,9299
6,3,1,38,pad,9384
6,3,1,39,pad,9298
6,3,1,40,pad,9383
6,3,1,41,pad,9297
6,3,1,42,pad,9474
6,3,1,43,pad,9296
6,3,1,44,pad,9475
6,3,1,46,pad,9295
6,3,1,47,pad,9476
6,3,1,48,pad,9397
6,3,1,49,pad,9477
6,3,1,50,pad,9294
6,3,1,51,pad,9478
6,3,1,52,pad,9293
6,3,1,53,pad,9479
6,3,1,54,pad,9292
6,3,1,55,pad,9480
6,3,1,57,pad,9291
6,3,1,58,pad,9481
6,3,1,59,pad,9290
6,3,1,60,pad,9482
6,3,1,61,pad,9398
6,3,1,62,pad,9483
6,3,1,63,pad,9289
6,3,1,64,pad,9484
6,3,1,65,pad,9656
6,3,1,66,pad,9485
6,3,1,67,pad,9655
6,3,0,0,pad,9487
6,3,0,1,pad,9657
6,3,0,2,pad,9486
6,3,0,3,pad,9658
6,3,0,4,pad,9562
6,3,0,5,pad,9659
6,3,0,6,pad,9563
6,3,0,7,pad,9660
6,3,0,8,pad,9564
6,3,0,9,pad,9210
6,3,0,10,pad,9488
6,3,0,12,pad,9654
6,3,0,13,pad,9565
6,3,0,14,pad,9653
6,3,0,15,pad,9566
6,3,0,16,pad,9652
6,3,0,17,pad,9567
6,3,0,18,pad,9651
6,3,0,19,pad,9568
6,3,0,20,pad,9650
6,3,0,21,pad,9569
6,3,0,23,pad,9489
6,3,0,24,pad,9570
6,3,0,25,pad,9649
6,3,0,26,pad,9571
6,3,0,27,pad,9648
6,3,0,28,pad,9572
6,3,0,29,pad,9647
6,3,0,30,pad,9573
6,3,0,31,pad,9739
6,3,0,32,pad,9574
6,3,0,33,pad,9809
6,3,0,34,pad,9575
6,3,0,35,pad,9490
6,3,0,36,pad,9730
6,3,0,37,pad,9810
6,3,0,38,pad,9731
6,3,0,39,pad,9811
6,3,0,40,pad,9576
6,3,0,41,pad,9812
6,3,0,42,pad,9732
6,3,0,43,pad,9813
6,3,0,44,pad,9733
6,3,0,46,pad,9814
6,3,0,47,pad,9734
6,3,0,48,pad,9815
6,3,0,49,pad,9735
6,3,0,50,pad,9816
6,3,0,51,pad,9736
6,3,0,52,pad,9956
6,3,0,53,pad,9577
6,3,0,54,pad,9957
6,3,0,55,pad,9737
6,3,0,57,pad,9890
6,3,0,58,pad,9738
6,3,0,59,pad,9817
6,3,0,60,pad,9885
6,3,0,61,pad,9740
6,3,0,62,pad,9886
6,3,0,63,pad,9661
6,3,0,64,pad,9887
6,3,0,65,pad,9578
6,3,0,66,pad,9888
6,3,0,67,pad,9889
6,3,3,0,pad,8702
6,3,3,1,pad,7312
6,3,3,2,pad,7277
6,3,3,3,pad,7313
6,3,3,4,pad,8701
6,3,3,5,pad,7311
6,3,3,6,pad,8700
6,3,3,7,pad,7310
6,3,3,8,pad,8699
6,3,3,9,pad,7309
6,3,3,10,pad,8698
6,3,3,12,pad,8703
6,3,3,13,pad,8697
6,3,3,14,pad,7561
6,3,3,15,pad,8696
6,3,3,16,pad,7308
6,3,3,17,pad,8907
6,3,3,18,pad,7307
6,3,3,19,pad,7275
6,3,3,20,pad,7559
6,3,3,21,pad,7274
6,3,3,23,pad,7560
6,3,3,24,pad,7272
6,3,3,25,pad,7305
6,3,3,26,pad,7269
6,3,3,27,pad,7306
6,3,3,28,pad,7543
6,3,3,29,pad,7558
6,3,3,30,pad,8908
6,3,3,31,pad,7557
6,3,3,32,pad,7542
6,3,3,33,pad,7802
6,3,3,34,pad,7540
6,3,3,35,pad,7303
6,3,3,36,pad,7537
6,3,3,37,pad,7304
6,3,3,38,pad,7535
6,3,3,39,pad,7556
6,3,3,40,pad,8906
6,3,3,41,pad,8909
6,3,3,42,pad,8905
6,3,3,43,pad,7555
6,3,3,44,pad,8904
6,3,3,46,pad,7800
6,3,3,47,pad,8903
6,3,3,48,pad,7801
6,3,3,49,pad,8902
6,3,3,50,pad,7301
6,3,3,51,pad,8901
6,3,3,52,pad,7553
6,3,3,53,pad,8900
6,3,3,54,pad,8910
6,3,3,55,pad,8899
6,3,3,57,pad,7554
6,3,3,58,pad,7534
6,3,3,59,pad,7799
6,3,3,60,pad,9106
6,3,3,61,pad,7798
6,3,3,62,pad,7532
6,3,3,63,pad,8036
6,3,3,64,pad,7529
6,3,3,65,pad,7551
6,3,3,66,pad,7527
6,3,3,67,pad,8911
6,3,2,0,pad,7526
6,3,2,1,pad,7552
6,3,2,2,pad,7524
6,3,2,3,pad,7797
6,3,2,4,pad,9107
6,3,2,5,pad,7796
6,3,2,6,pad,7533
6,3,2,7,pad,8034
6,3,2,8,pad,7531
6,3,2,9,pad,7550
6,3,2,10,pad,7530
6,3,2,12,pad,7549
6,3,2,13,pad,7528
6,3,2,14,pad,7794
6,3,2,15,pad,7525
6,3,2,16,pad,7795
6,3,2,17,pad,9108
6,3,2,18,pad,8033
6,3,2,19,pad,9105
6,3,2,20,pad,7548
6,3,2,21,pad,9104
6,3,2,23,pad,7547
6,3,2,24,pad,9103
6,3,2,25,pad,7792
6,3,2,26,pad,9102
6,3,2,27,pad,7793
6,3,2,28,pad,9101
6,3,2,29,pad,9109
6,3,2,30,pad,9100
6,3,2,31,pad,8031
6,3,2,32,pad,9099
6,3,2,33,pad,7546
6,3,2,34,pad,9098
6,3,2,35,pad,7791
6,3,2,36,pad,9097
6,3,2,37,pad,7790
6,3,2,38,pad,7786
6,3,2,39,pad,9110
6,3,2,40,pad,7784
6,3,2,41,pad,8028
6,3,2,42,pad,7783
6,3,2,43,pad,7545
6,3,2,44,pad,7781
6,3,2,46,pad,7789
6,3,2,47,pad,9205
6,3,2,48,pad,7788
6,3,2,49,pad,7778
6,3,2,50,pad,7544
6,3,2,51,pad,7776
6,3,2,52,pad,7541
6,3,2,53,pad,7775
6,3,2,54,pad,7539
6,3,2,55,pad,7787
6,3,2,57,pad,7538
6,3,2,58,pad,7785
6,3,2,59,pad,7536
6,3,2,60,pad,9206
6,3,2,61,pad,7282
6,3,2,62,pad,7782
6,3,2,63,pad,7280
6,3,2,64,pad,7780
6,3,2,65,pad,9209
6,3,2,66,pad,7779
6,3,2,67,pad,9204
6,3,1,0,pad,7777
6,3,1,1,pad,9207
6,3,1,2,pad,8026
6,3,1,3,pad,9203
6,3,1,4,pad,8025
6,3,1,5,pad,9202
6,3,1,6,pad,8023
6,3,1,7,pad,9208
6,3,1,8,pad,8020
6,3,1,9,pad,8018
1,0,1,10,pad,7774
1,0,1,12,pad,8010
1,0,1,13,pad,8005
1,0,1,14,pad,8017
1,0,1,15,pad,8006
1,0,1,16,pad,8012
1,0,1,17,pad,8007
1,0,1,18,pad,8021
1,0,1,19,pad,8008
1,0,1,20,pad,8015
1,0,1,21,pad,8004
1,0,1,23,pad,8022
1,0,1,24,pad,8011
1,0,1,25,pad,8024
1,0,1,26,pad,8002
1,0,1,27,pad,8013
1,0,1,28,pad,8236
1,0,1,29,pad,8027
1,0,1,30,pad,8238
1,0,1,31,pad,8014
1,0,1,32,pad,8009
1,0,1,33,pad,8029
1,0,1,34,pad,8241
1,0,1,35,pad,8030
1,0,1,36,pad,7764
1,0,1,37,pad,8016
1,0,1,38,pad,7766
1,0,1,39,pad,8032
1,0,1,40,pad,8243
1,0,1,41,pad,8019
1,0,1,42,pad,7769
1,0,1,43,pad,8035
1,0,1,44,pad,7770
1,0,1,46,pad,8244
1,0,1,47,pad,7771
1,0,1,48,pad,8246
1,0,1,49,pad,8240
1,0,1,50,pad,8252
1,0,1,51,pad,8242
1,0,1,52,pad,8249
1,0,1,53,pad,7773
1,0,1,54,pad,8254
1,0,1,55,pad,8245
1,0,1,57,pad,8251
1,0,1,58,pad,8247
1,0,1,59,pad,8257
1,0,1,60,pad,7772
1,0,1,61,pad,8259
1,0,1,62,pad,6476
1,0,1,63,pad,8248
1,0,1,64,pad,8465
1,0,1,65,pad,8260
1,0,1,66,pad,8468
1,0,1,67,pad,8262
1,0,0,0,pad,7271
1,0,0,1,pad,8250
1,0,0,2,pad,8470
1,0,0,3,pad,8255
1,0,0,4,pad,8471
1,0,0,5,pad,8253
1,0,0,6,pad,7012
1,0,0,7,pad,8256
1,0,0,8,pad,8467
1,0,0,9,pad,8258
1,0,0,10,pad,7013
1,0,0,12,pad,8473
1,0,0,13,pad,6748
1,0,0,14,pad,8261
1,0,0,15,pad,8469
1,0,0,16,pad,8476
1,0,0,17,pad,7273
1,0,0,18,pad,7017
1,0,0,19,pad,8472
1,0,0,20,pad,8478
1,0,0,21,pad,8474
1,0,0,23,pad,8479
1,0,0,24,pad,7014
1,0,0,25,pad,8481
1,0,0,26,pad,7015
1,0,0,27,pad,8475
1,0,0,28,pad,8685
1,0,0,29,pad,6752
1,0,0,30,pad,8688
1,0,0,31,pad,6751
1,0,0,32,pad,6750
1,0,0,33,pad,8477
1,0,0,34,pad,8690
1,0,0,35,pad,7016
1,0,0,36,pad,6749
1,0,0,37,pad,8480
1,0,0,38,pad,8691
1,0,0,39,pad,7278
1,0,0,40,pad,6747
1,0,0,41,pad,7019
1,0,0,42,pad,7276
1,0,0,43,pad,7018
1,0,0,44,pad,8689
1,0,0,46,pad,8693
1,0,0,47,pad,6753
1,0,0,48,pad,6755
1,0,0,49,pad,6754
1,0,0,50,pad,7281
1,0,0,51,pad,8692
1,0,0,52,pad,7022
1,0,0,53,pad,7279
1,0,0,54,pad,8694
1,0,0,55,pad,7020
1,0,0,57,pad,7021
1,0,0,58,pad,6758
1,0,0,59,pad,6756
1,0,0,60,pad,6757
1,0,0,61,pad,8695
1,0,0,62,pad,7284
1,0,0,63,pad,7023
1,0,0,64,pad,7025
1,0,0,65,pad,6760
1,0,0,66,pad,7024
1,0,0,67,pad,6759
1,0,3,0,pad,6452
1,0,3,1,pad,6454
1,0,3,2,pad,6720
1,0,3,3,pad,6450
1,0,3,4,pad,6722
1,0,3,5,pad,6457
1,0,3,6,pad,5869
1,0,3,7,pad,6453
1,0,3,8,pad,6723
1,0,3,9,pad,6455
1,0,3,10,pad,5577
1,0,3,12,pad,6456
1,0,3,13,pad,6161
1,0,3,14,pad,6725
1,0,3,15,pad,6721
1,0,3,16,pad,6459
1,0,3,17,pad,6451
1,0,3,18,pad,6728
1,0,3,19,pad,6724
1,0,3,20,pad,6458
1,0,3,21,pad,6448
1,0,3,23,pad,6730
1,0,3,24,pad,6160
1,0,3,25,pad,6731
1,0,3,26,pad,6726
1,0,3,27,pad,6460
1,0,3,28,pad,5872
1,0,3,29,pad,6727
1,0,3,30,pad,6158
1,0,3,31,pad,6461
1,0,3,32,pad,6989
1,0,3,33,pad,6729
1,0,3,34,pad,6449
1,0,3,35,pad,6183
1,0,3,36,pad,6991
1,0,3,37,pad,6732
1,0,3,38,pad,6447
1,0,3,39,pad,6733
1,0,3,40,pad,6992
1,0,3,41,pad,6462
1,0,3,42,pad,6994
1,0,3,43,pad,6734
1,0,3,44,pad,6446
1,0,3,46,pad,6463
1,0,3,47,pad,6990
1,0,3,48,pad,6185
1,0,3,49,pad,6445
1,0,3,50,pad,6997
1,0,3,51,pad,6993
1,0,3,52,pad,6164
1,0,3,53,pad,6444
1,0,3,54,pad,6999
1,0,3,55,pad,6442
1,0,3,57,pad,6162
1,0,3,58,pad,6995
1,0,3,59,pad,7000
1,0,3,60,pad,6996
1,0,3,61,pad,5578
1,0,3,62,pad,6440
1,0,3,63,pad,5871
1,0,3,64,pad,6443
1,0,3,65,pad,6998
1,0,3,66,pad,6717
1,0,3,67,pad,5873
1,0,2,0,pad,7254
1,0,2,1,pad,7001
1,0,2,2,pad,6736
1,0,2,3,pad,6735
1,0,2,4,pad,7255
1,0,2,5,pad,7003
1,0,2,6,pad,7257
1,0,2,7,pad,6465
1,0,2,8,pad,6464
1,0,2,9,pad,7002
1,0,2,10,pad,6186
1,0,2,12,pad,6187
1,0,2,13,pad,6737
1,0,2,14,pad,7260
1,0,2,15,pad,7256
1,0,2,16,pad,7262
1,0,2,17,pad,6738
1,0,2,18,pad,6466
1,0,2,19,pad,7258
1,0,2,20,pad,7004
1,0,2,21,pad,6467
1,0,2,23,pad,7263
1,0,2,24,pad,7259
1,0,2,25,pad,7005
1,0,2,26,pad,6188
1,0,2,27,pad,6740
1,0,2,28,pad,7265
1,0,2,29,pad,7261
1,0,2,30,pad,7006
1,0,2,31,pad,6739
1,0,2,32,pad,7510
1,0,2,33,pad,7264
1,0,2,34,pad,7007
1,0,2,35,pad,6468
1,0,2,36,pad,7511
1,0,2,37,pad,7266
1,0,2,38,pad,6742
1,0,2,39,pad,7267
1,0,2,40,pad,7513
1,0,2,41,pad,5274
1,0,2,42,pad,7516
1,0,2,43,pad,5273
1,0,2,44,pad,6741
1,0,2,46,pad,5272
1,0,2,47,pad,7512
1,0,2,48,pad,7268
1,0,2,49,pad,6470
1,0,2,50,pad,7518
1,0,2,51,pad,7514
1,0,2,52,pad,7009
1,0,2,53,pad,7270
1,0,2,54,pad,7519
1,0,2,55,pad,7515
1,0,2,57,pad,7521
1,0,2,58,pad,7011
1,0,2,59,pad,7008
1,0,2,60,pad,7517
1,0,2,61,pad,6743
1,0,2,62,pad,7010
1,0,2,63,pad,6744
1,0,2,64,pad,6745
1,0,2,65,pad,7520
1,0,2,66,pad,7759
1,0,2,67,pad,6473
1,0,1,0,pad,7760
1,0,1,1,pad,7522
1,0,1,2,pad,6746
1,0,1,3,pad,7767
1,0,1,4,pad,7762
1,0,1,5,pad,7523
1,0,1,6,pad,6475
1,0,1,7,pad,7768
1,0,1,8,pad,7765
1,0,1,9,pad,7763
1,1,1,10,pad,8003
1,1,1,12,pad,8000
1,1,1,13,pad,8228
1,1,1,14,pad,8230
1,1,1,15,pad,7983
1,1,1,16,pad,8233
1,1,1,17,pad,8226
1,1,1,18,pad,7228
1,1,1,19,pad,8229
1,1,1,20,pad,8235
1,1,1,21,pad,7745
1,1,1,23,pad,6969
1,1,1,24,pad,8231
1,1,1,25,pad,6968
1,1,1,26,pad,7744
1,1,1,27,pad,6703
1,1,1,28,pad,7499
1,1,1,29,pad,7998
1,1,1,30,pad,7985
1,1,1,31,pad,8232
1,1,1,32,pad,7747
1,1,1,33,pad,8234
1,1,1,34,pad,7746
1,1,1,35,pad,8237
1,1,1,36,pad,8454
1,1,1,37,pad,8239
1,1,1,38,pad,7986
1,1,1,39,pad,7997
1,1,1,40,pad,8455
1,1,1,41,pad,7995
1,1,1,42,pad,8457
1,1,1,43,pad,7992
1,1,1,44,pad,7980
1,1,1,46,pad,7990
1,1,1,47,pad,7742
1,1,1,48,pad,8220
1,1,1,49,pad,7743
1,1,1,50,pad,8460
1,1,1,51,pad,7498
1,1,1,52,pad,8462
1,1,1,53,pad,8456
1,1,1,54,pad,8463
1,1,1,55,pad,8458
1,1,1,57,pad,8222
1,1,1,58,pad,8459
1,1,1,59,pad,8225
1,1,1,60,pad,7495
1,1,1,61,pad,8227
1,1,1,62,pad,7496
1,1,1,63,pad,8219
1,1,1,64,pad,7741
1,1,1,65,pad,8217
1,1,1,66,pad,7740
1,1,1,67,pad,8461
1,1,0,0,pad,7494
1,1,0,1,pad,8464
1,1,0,2,pad,9182
1,1,0,3,pad,8466
1,1,0,4,pad,8675
1,1,0,5,pad,7987
1,1,0,6,pad,8677
1,1,0,7,pad,7989
1,1,0,8,pad,7493
1,1,0,9,pad,8216
1,1,0,10,pad,7738
1,1,0,12,pad,8218
1,1,0,13,pad,8214
1,1,0,14,pad,8221
1,1,0,15,pad,8212
1,1,0,16,pad,8682
1,1,0,17,pad,8211
1,1,0,18,pad,8680
1,1,0,19,pad,8678
1,1,0,20,pad,8683
1,1,0,21,pad,8679
1,1,0,23,pad,8223
1,1,0,24,pad,7739
1,1,0,25,pad,8224
1,1,0,26,pad,8215
1,1,0,27,pad,8452
1,1,0,28,pad,8213
1,1,0,29,pad,8449
1,1,0,30,pad,8210
1,1,0,31,pad,8681
1,1,0,32,pad,8438
1,1,0,33,pad,8684
1,1,0,34,pad,8436
1,1,0,35,pad,8686
1,1,0,36,pad,8887
1,1,0,37,pad,8687
1,1,0,38,pad,8889
1,1,0,39,pad,8447
1,1,0,40,pad,8892
1,1,0,41,pad,8446
1,1,0,42,pad,8433
1,1,0,43,pad,8444
1,1,0,44,pad,8886
1,1,0,46,pad,8441
1,1,0,47,pad,8676
1,1,0,48,pad,8439
1,1,0,49,pad,8890
1,1,0,50,pad,8894
1,1,0,51,pad,8674
1,1,0,52,pad,8895
1,1,0,53,pad,8453
1,1,0,54,pad,8897
1,1,0,55,pad,8451
1,1,0,57,pad,9094
1,1,0,58,pad,8891
1,1,0,59,pad,9096
1,1,0,60,pad,8893
1,1,0,61,pad,9095
1,1,0,62,pad,8672
1,1,0,63,pad,8896
1,1,0,64,pad,9091
1,1,0,65,pad,8898
1,1,0,66,pad,8673
1,1,0,67,pad,9093
1,1,3,0,pad,5866
1,1,3,1,pad,5868
1,1,3,2,pad,6423
1,1,3,3,pad,5860
1,1,3,4,pad,6145
1,1,3,5,pad,6718
1,1,3,6,pad,6144
1,1,3,7,pad,6437
1,1,3,8,pad,5859
1,1,3,9,pad,6159
1,1,3,10,pad,6981
1,1,3,12,pad,5863
1,1,3,13,pad,6983
1,1,3,14,pad,5861
1,1,3,15,pad,6978
1,1,3,16,pad,5858
1,1,3,17,pad,6976
1,1,3,18,pad,5865
1,1,3,19,pad,6715
1,1,3,20,pad,6150
1,1,3,21,pad,6979
1,1,3,23,pad,6984
1,1,3,24,pad,6980
1,1,3,25,pad,6151
1,1,3,26,pad,6716
1,1,3,27,pad,6142
1,1,3,28,pad,6982
1,1,3,29,pad,6986
1,1,3,30,pad,6985
1,1,3,31,pad,6429
1,1,3,32,pad,6719
1,1,3,33,pad,6436
1,1,3,34,pad,6713
1,1,3,35,pad,6157
1,1,3,36,pad,9054
1,1,3,37,pad,6987
1,1,3,38,pad,7239
1,1,3,39,pad,6156
1,1,3,40,pad,7241
1,1,3,41,pad,6988
1,1,3,42,pad,6714
1,1,3,43,pad,6434
1,1,3,44,pad,7244
1,1,3,46,pad,5575
1,1,3,47,pad,7246
1,1,3,48,pad,5572
1,1,3,49,pad,7981
1,1,3,50,pad,5570
1,1,3,51,pad,6975
1,1,3,52,pad,7753
1,1,3,53,pad,7242
1,1,3,54,pad,5569
1,1,3,55,pad,7243
1,1,3,57,pad,7247
1,1,3,58,pad,6710
1,1,3,59,pad,7249
1,1,3,60,pad,7245
1,1,3,61,pad,5566
1,1,3,62,pad,6709
1,1,3,63,pad,7252
1,1,3,64,pad,7248
1,1,3,65,pad,5864
1,1,3,66,pad,6707
1,1,3,67,pad,6149
1,1,2,0,pad,6435
1,1,2,1,pad,7250
1,1,2,2,pad,6433
1,1,2,3,pad,7251
1,1,2,4,pad,7497
1,1,2,5,pad,6148
1,1,2,6,pad,6706
1,1,2,7,pad,6426
1,1,2,8,pad,7500
1,1,2,9,pad,6432
1,1,2,10,pad,7502
1,1,2,12,pad,7253
1,1,2,13,pad,7503
1,1,2,14,pad,6154
1,1,2,15,pad,6430
1,1,2,16,pad,6155
1,1,2,17,pad,6428
1,1,2,18,pad,5870
1,1,2,19,pad,6438
1,1,2,20,pad,7505
1,1,2,21,pad,6711
1,1,2,23,pad,5862
1,1,2,24,pad,7501
1,1,2,25,pad,6147
1,1,2,26,pad,6712
1,1,2,27,pad,5568
1,1,2,28,pad,7504
1,1,2,29,pad,7508
1,1,2,30,pad,7506
1,1,2,31,pad,5571
1,1,2,32,pad,6972
1,1,2,33,pad,5573
1,1,2,34,pad,6974
1,1,2,35,pad,6146
1,1,2,36,pad,6973
1,1,2,37,pad,7507
1,1,2,38,pad,6708
1,1,2,39,pad,6424
1,1,2,40,pad,6977
1,1,2,41,pad,7509
1,1,2,42,pad,7749
1,1,2,43,pad,6431
1,1,2,44,pad,7751
1,1,2,46,pad,6441
1,1,2,47,pad,7752
1,1,2,48,pad,6153
1,1,2,49,pad,7233
1,1,2,50,pad,6152
1,1,2,51,pad,7231
1,1,2,52,pad,7754
1,1,2,53,pad,6705
1,1,2,54,pad,6439
1,1,2,55,pad,7750
1,1,2,57,pad,7757
1,1,2,58,pad,7748
1,1,2,59,pad,5270
1,1,2,60,pad,7755
1,1,2,61,pad,5271
1,1,2,62,pad,7756
1,1,2,63,pad,5867
1,1,2,64,pad,6970
1,1,2,65,pad,7996
1,1,2,66,pad,6971
1,1,2,67,pad,7999
1,1,1,0,pad,7230
1,1,1,1,pad,8001
1,1,1,2,pad,6704
1,1,1,3,pad,7994
1,1,1,4,pad,7991
1,1,1,5,pad,7758
1,1,1,6,pad,7988
1,1,1,7,pad,7761
1,1,1,8,pad,7993
1,1,1,9,pad,9181
7,0,1,10,pad,9798
7,0,1,12,pad,9720
7,0,1,13,pad,9941
7,0,1,14,pad,9639
7,0,1,15,pad,9871
7,0,1,16,pad,7984
7,0,1,17,pad,9942
7,0,1,18,pad,9468
7,0,1,19,pad,9872
7,0,1,20,pad,9799
7,0,1,21,pad,9873
7,0,1,23,pad,9943
7,0,1,24,pad,9874
7,0,1,25,pad,9721
7,0,1,26,pad,9875
7,0,1,27,pad,9640
7,0,1,28,pad,9945
7,0,1,29,pad,9556
7,0,1,30,pad,9944
7,0,1,31,pad,9469
7,0,1,32,pad,10011
7,0,1,33,pad,9379
7,0,1,34,pad,9946
7,0,1,35,pad,9287
7,0,1,36,pad,9876
7,0,1,37,pad,9193
7,0,1,38,pad,9801
7,0,1,39,pad,9800
7,0,1,40,pad,9723
7,0,1,41,pad,9722
7,0,1,42,pad,9948
7,0,1,43,pad,9641
7,0,1,44,pad,10007
7,0,1,46,pad,9557
7,0,1,47,pad,10008
7,0,1,48,pad,9470
7,0,1,49,pad,9878
7,0,1,50,pad,9380
7,0,1,51,pad,9803
7,0,1,52,pad,9288
7,0,1,53,pad,9725
7,0,1,54,pad,10009
7,0,1,55,pad,9644
7,0,1,57,pad,9642
7,0,1,58,pad,9560
7,0,1,59,pad,9558
7,0,1,60,pad,9473
7,0,1,61,pad,9471
7,0,1,62,pad,9949
7,0,1,63,pad,9381
7,0,1,64,pad,9879
7,0,1,65,pad,9947
7,0,1,66,pad,9804
7,0,1,67,pad,9877
7,0,0,0,pad,9726
7,0,0,1,pad,9802
7,0,0,2,pad,9645
7,0,0,3,pad,9724
7,0,0,4,pad,9561
7,0,0,5,pad,9643
7,0,0,6,pad,10069
7,0,0,7,pad,9559
7,0,0,8,pad,9950
7,0,0,9,pad,9472
7,0,0,10,pad,9880
7,0,0,12,pad,10070
7,0,0,13,pad,9805
7,0,0,14,pad,9806
7,0,0,15,pad,9727
7,0,0,16,pad,10010
7,0,0,17,pad,9646
7,0,0,18,pad,9728
7,0,0,19,pad,9951
7,0,0,20,pad,9952
7,0,0,21,pad,9881
7,0,0,23,pad,9807
7,0,0,24,pad,9882
7,0,0,25,pad,9729
7,0,0,26,pad,9953
7,0,0,27,pad,9954
7,0,0,28,pad,9883
7,0,0,29,pad,9884
7,0,0,30,pad,9808
7,0,0,31,pad,9955
7,0,0,32,pad,10014
7,0,0,33,pad,7982
7,0,0,34,pad,10015
7,0,0,35,pad,10012
7,0,0,36,pad,10016
7,0,0,37,pad,10013
7,0,0,38,pad,10126
7,0,0,39,pad,10017
7,0,0,40,pad,10019
7,0,0,41,pad,10018
7,0,0,42,pad,10020
7,0,0,43,pad,10127
7,0,0,44,pad,10071
7,0,0,46,pad,10128
7,0,0,47,pad,10072
7,0,0,48,pad,10075
7,0,0,49,pad,10073
7,0,0,50,pad,10076
7,0,0,51,pad,10074
7,0,0,52,pad,10077
7,0,0,53,pad,10235
7,0,0,54,pad,10078
7,0,0,55,pad,10236
7,0,0,57,pad,10079
7,0,0,58,pad,10237
7,0,0,59,pad,10129
7,0,0,60,pad,10238
7,0,0,61,pad,10130
7,0,0,62,pad,10239
7,0,0,63,pad,10131
7,0,0,64,pad,10175
7,0,0,65,pad,10132
7,0,0,66,pad,10176
7,0,0,67,pad,10177
7,0,3,0,pad,9071
7,0,3,1,pad,9069
7,0,3,2,pad,9060
7,0,3,3,pad,9072
7,0,3,4,pad,9062
7,0,3,5,pad,8864
7,0,3,6,pad,9063
7,0,3,7,pad,8863
7,0,3,8,pad,9065
7,0,3,9,pad,8655
7,0,3,10,pad,9057
7,0,3,12,pad,8656
7,0,3,13,pad,9462
7,0,3,14,pad,8440
7,0,3,15,pad,9463
7,0,3,16,pad,8866
7,0,3,17,pad,9055
7,0,3,18,pad,9464
7,0,3,19,pad,9053
7,0,3,20,pad,8865
7,0,3,21,pad,9056
7,0,3,23,pad,8657
7,0,3,24,pad,9058
7,0,3,25,pad,8658
7,0,3,26,pad,9068
7,0,3,27,pad,8442
7,0,3,28,pad,9059
7,0,3,29,pad,8867
7,0,3,30,pad,9061
7,0,3,31,pad,8868
7,0,3,32,pad,9064
7,0,3,33,pad,8660
7,0,3,34,pad,9066
7,0,3,35,pad,8659
7,0,3,36,pad,9067
7,0,3,37,pad,8443
7,0,3,38,pad,9070
7,0,3,39,pad,8869
7,0,3,40,pad,9550
7,0,3,41,pad,8870
7,0,3,42,pad,9551
7,0,3,43,pad,8662
7,0,3,44,pad,8859
7,0,3,46,pad,8661
7,0,3,47,pad,8860
7,0,3,48,pad,8445
7,0,3,49,pad,8652
7,0,3,50,pad,9552
7,0,3,51,pad,8651
7,0,3,52,pad,8872
7,0,3,53,pad,8435
7,0,3,54,pad,8871
7,0,3,55,pad,8861
7,0,3,57,pad,8663
7,0,3,58,pad,8862
7,0,3,59,pad,8664
7,0,3,60,pad,8654
7,0,3,61,pad,8448
7,0,3,62,pad,8653
7,0,3,63,pad,9073
7,0,3,64,pad,8437
7,0,3,65,pad,9076
7,0,3,66,pad,9280
7,0,3,67,pad,9074
7,0,2,0,pad,9281
7,0,2,1,pad,9075
7,0,2,2,pad,9635
7,0,2,3,pad,8874
7,0,2,4,pad,9186
7,0,2,5,pad,8875
7,0,2,6,pad,9282
7,0,2,7,pad,9636
7,0,2,8,pad,9187
7,0,2,9,pad,8873
7,0,2,10,pad,9188
7,0,2,12,pad,9637
7,0,2,13,pad,9078
7,0,2,14,pad,8876
7,0,2,15,pad,9077
7,0,2,16,pad,8665
7,0,2,17,pad,8877
7,0,2,18,pad,8668
7,0,2,19,pad,8878
7,0,2,20,pad,8666
7,0,2,21,pad,8670
7,0,2,23,pad,8667
7,0,2,24,pad,8669
7,0,2,25,pad,8450
7,0,2,26,pad,9079
7,0,2,27,pad,9465
7,0,2,28,pad,9080
7,0,2,29,pad,9375
7,0,2,30,pad,8880
7,0,2,31,pad,9283
7,0,2,32,pad,9716
7,0,2,33,pad,9189
7,0,2,34,pad,9717
7,0,2,35,pad,7222
7,0,2,36,pad,8879
7,0,2,37,pad,9553
7,0,2,38,pad,8671
7,0,2,39,pad,9718
7,0,2,40,pad,9554
7,0,2,41,pad,9466
7,0,2,42,pad,9467
7,0,2,43,pad,9376
7,0,2,44,pad,9377
7,0,2,46,pad,9284
7,0,2,47,pad,9285
7,0,2,48,pad,9190
7,0,2,49,pad,9191
7,0,2,50,pad,9713
7,0,2,51,pad,9555
7,0,2,52,pad,9081
7,0,2,53,pad,9378
7,0,2,54,pad,9082
7,0,2,55,pad,9286
7,0,2,57,pad,8882
7,0,2,58,pad,9192
7,0,2,59,pad,8881
7,0,2,60,pad,9795
7,0,2,61,pad,9084
7,0,2,62,pad,9086
7,0,2,63,pad,9083
7,0,2,64,pad,9085
7,0,2,65,pad,8883
7,0,2,66,pad,9087
7,0,2,67,pad,8884
7,0,1,0,pad,9088
7,0,1,1,pad,9796
7,0,1,2,pad,8885
7,0,1,3,pad,9797
7,0,1,4,pad,8888
7,0,1,5,pad,9719
7,0,1,6,pad,9089
7,0,1,7,pad,9638
7,0,1,8,pad,9090
7,0,1,9,pad,9092
7,1,1,10,pad,9940
7,1,1,12,pad,9939
7,1,1,13,pad,9929
7,1,1,14,pad,9938
7,1,1,15,pad,9928
7,1,1,16,pad,9937
7,1,1,17,pad,9927
7,1,1,18,pad,9936
7,1,1,19,pad,9926
7,1,1,20,pad,9935
7,1,1,21,pad,9925
7,1,1,23,pad,9934
7,1,1,24,pad,9854
7,1,1,25,pad,9933
7,1,1,26,pad,10004
7,1,1,27,pad,9932
7,1,1,28,pad,10005
7,1,1,29,pad,9931
7,1,1,30,pad,9995
7,1,1,31,pad,9930
7,1,1,32,pad,9994
7,1,1,33,pad,9996
7,1,1,34,pad,9993
7,1,1,35,pad,9997
7,1,1,36,pad,9992
7,1,1,37,pad,10006
7,1,1,38,pad,9991
7,1,1,39,pad,9998
7,1,1,40,pad,9990
7,1,1,41,pad,9999
7,1,1,42,pad,10057
7,1,1,43,pad,10000
7,1,1,44,pad,10059
7,1,1,46,pad,10001
7,1,1,47,pad,10061
7,1,1,48,pad,10002
7,1,1,49,pad,10063
7,1,1,50,pad,10003
7,1,1,51,pad,10064
7,1,1,52,pad,10058
7,1,1,53,pad,10065
7,1,1,54,pad,10060
7,1,1,55,pad,10056
7,1,1,57,pad,10062
7,1,1,58,pad,10066
7,1,1,59,pad,10067
7,1,1,60,pad,10055
7,1,1,61,pad,10068
7,1,1,62,pad,10113
7,1,1,63,pad,10054
7,1,1,64,pad,10114
7,1,1,65,pad,10053
7,1,1,66,pad,10115
7,1,1,67,pad,10052
7,1,0,0,pad,10106
7,1,0,1,pad,10051
7,1,0,2,pad,10156
7,1,0,3,pad,9989
7,1,0,4,pad,10157
7,1,0,5,pad,10116
7,1,0,6,pad,10158
7,1,0,7,pad,10117
7,1,0,8,pad,10159
7,1,0,9,pad,10118
7,1,0,10,pad,10160
7,1,0,12,pad,10119
7,1,0,13,pad,10161
7,1,0,14,pad,10107
7,1,0,15,pad,10162
7,1,0,16,pad,10108
7,1,0,17,pad,10163
7,1,0,18,pad,10109
7,1,0,19,pad,10164
7,1,0,20,pad,10110
7,1,0,21,pad,10123
7,1,0,23,pad,10111
7,1,0,24,pad,10165
7,1,0,25,pad,10112
7,1,0,26,pad,10168
7,1,0,27,pad,10124
7,1,0,28,pad,10169
7,1,0,29,pad,10120
7,1,0,30,pad,10170
7,1,0,31,pad,10121
7,1,0,32,pad,10197
7,1,0,33,pad,10122
7,1,0,34,pad,10199
7,1,0,35,pad,10125
7,1,0,36,pad,10201
7,1,0,37,pad,10166
7,1,0,38,pad,10203
7,1,0,39,pad,10167
7,1,0,40,pad,10205
7,1,0,41,pad,10198
7,1,0,42,pad,10206
7,1,0,43,pad,10200
7,1,0,44,pad,10171
7,1,0,46,pad,10202
7,1,0,47,pad,10172
7,1,0,48,pad,10204
7,1,0,49,pad,10209
7,1,0,50,pad,10207
7,1,0,51,pad,10173
7,1,0,52,pad,10208
7,1,0,53,pad,10212
7,1,0,54,pad,10210
7,1,0,55,pad,10228
7,1,0,57,pad,10174
7,1,0,58,pad,10231
7,1,0,59,pad,10211
7,1,0,60,pad,10232
7,1,0,61,pad,10196
7,1,0,62,pad,10233
7,1,0,63,pad,10229
7,1,0,64,pad,10234
7,1,0,65,pad,10230
7,1,0,66,pad,10213
7,1,0,67,pad,10214
7,1,3,0,pad,9179
7,1,3,1,pad,9461
7,1,3,2,pad,9460
7,1,3,3,pad,9178
7,1,3,4,pad,9455
7,1,3,5,pad,9177
7,1,3,6,pad,9454
7,1,3,7,pad,9273
7,1,3,8,pad,9453
7,1,3,9,pad,9272
7,1,3,10,pad,9452
7,1,3,12,pad,9271
7,1,3,13,pad,8852
7,1,3,14,pad,9270
7,1,3,15,pad,8644
7,1,3,16,pad,9365
7,1,3,17,pad,8643
7,1,3,18,pad,9364
7,1,3,19,pad,8427
7,1,3,20,pad,9363
7,1,3,21,pad,9180
7,1,3,23,pad,9362
7,1,3,24,pad,9547
7,1,3,25,pad,8429
7,1,3,26,pad,7238
7,1,3,27,pad,8645
7,1,3,28,pad,9548
7,1,3,29,pad,8646
7,1,3,30,pad,9542
7,1,3,31,pad,8854
7,1,3,32,pad,9541
7,1,3,33,pad,9549
7,1,3,34,pad,9540
7,1,3,35,pad,8853
7,1,3,36,pad,9539
7,1,3,37,pad,8856
7,1,3,38,pad,7236
7,1,3,39,pad,8855
7,1,3,40,pad,9369
7,1,3,41,pad,8647
7,1,3,42,pad,9459
7,1,3,43,pad,8648
7,1,3,44,pad,9546
7,1,3,46,pad,8432
7,1,3,47,pad,9630
7,1,3,48,pad,8858
7,1,3,49,pad,9631
7,1,3,50,pad,8857
7,1,3,51,pad,9629
7,1,3,52,pad,8649
7,1,3,53,pad,9632
7,1,3,54,pad,8650
7,1,3,55,pad,9545
7,1,3,57,pad,8434
7,1,3,58,pad,9626
7,1,3,59,pad,9047
7,1,3,60,pad,9625
7,1,3,61,pad,9048
7,1,3,62,pad,9624
7,1,3,63,pad,9633
7,1,3,64,pad,9623
7,1,3,65,pad,9634
7,1,3,66,pad,9458
7,1,3,67,pad,9049
7,1,2,0,pad,9368
7,1,2,1,pad,9050
7,1,2,2,pad,9628
7,1,2,3,pad,9052
7,1,2,4,pad,9544
7,1,2,5,pad,9051
7,1,2,6,pad,9457
7,1,2,7,pad,7964
7,1,2,8,pad,9367
7,1,2,9,pad,7957
7,1,2,10,pad,9627
7,1,2,12,pad,7956
7,1,2,13,pad,9711
7,1,2,14,pad,7973
7,1,2,15,pad,9712
7,1,2,16,pad,7974
7,1,2,17,pad,9714
7,1,2,18,pad,7976
7,1,2,19,pad,9707
7,1,2,20,pad,7979
7,1,2,21,pad,9706
7,1,2,23,pad,9715
7,1,2,24,pad,9705
7,1,2,25,pad,7972
7,1,2,26,pad,9704
7,1,2,27,pad,7975
7,1,2,28,pad,9543
7,1,2,29,pad,7977
7,1,2,30,pad,9456
7,1,2,31,pad,7978
7,1,2,32,pad,9366
7,1,2,33,pad,9371
7,1,2,34,pad,9274
7,1,2,35,pad,9372
7,1,2,36,pad,9275
7,1,2,37,pad,9373
7,1,2,38,pad,9276
7,1,2,39,pad,9279
7,1,2,40,pad,9277
7,1,2,41,pad,9184
7,1,2,42,pad,9183
7,1,2,43,pad,9185
7,1,2,44,pad,9792
7,1,2,46,pad,9374
7,1,2,47,pad,9793
7,1,2,48,pad,9865
7,1,2,49,pad,9278
7,1,2,50,pad,9864
7,1,2,51,pad,9370
7,1,2,52,pad,9794
7,1,2,53,pad,9791
7,1,2,54,pad,9863
7,1,2,55,pad,9790
7,1,2,57,pad,9862
7,1,2,58,pad,9789
7,1,2,59,pad,9861
7,1,2,60,pad,9788
7,1,2,61,pad,9860
7,1,2,62,pad,9787
7,1,2,63,pad,9859
7,1,2,64,pad,9786
7,1,2,65,pad,9858
7,1,2,66,pad,9785
7,1,2,67,pad,9857
7,1,1,0,pad,9784
7,1,1,1,pad,9856
7,1,1,2,pad,9783
7,1,1,3,pad,9855
7,1,1,4,pad,9782
7,1,1,5,pad,9869
7,1,1,6,pad,9868
7,1,1,7,pad,9870
7,1,1,8,pad,9866
7,1,1,9,pad,9867
10,1,0,0,si_downstream_front,28
10,1,0,1,si_upstream_front,27
10,1,0,2,si_downstream_front,27
10,1,0,3,si_upstream_front,28
10,1,0,4,si_downstream_front,30
10,1,0,5,si_upstream_front,29
10,1,0,6,si_downstream_front,29
10,1,0,7,si_upstream_front,30
10,1,0,8,si_downstream_front,31
10,1,0,9,si_upstream_front,31
10,1,0,10,si_downstream_front,35
10,1,0,12,si_upstream_front,33
10,1,0,13,si_downstream_front,42
10,1,0,14,si_upstream_front,39
10,1,0,15,si_downstream_front,38
10,1,0,16,si_upstream_front,32
10,1,0,17,si_downstream_front,34
10,1,0,18,si_upstream_front,37
10,1,0,19,si_downstream_front,32
10,1,0,20,si_upstream_front,34
10,1,0,21,si_downstream_front,33
10,1,0,23,si_upstream_front,35
10,1,0,24,si_downstream_front,36
10,1,0,25,si_upstream_front,36
10,1,0,26,si_downstream_front,37
10,1,0,27,si_upstream_front,41
10,1,0,28,si_downstream_front,40
10,1,0,29,si_upstream_front,38
10,1,0,30,si_downstream_front,46
10,1,0,31,si_upstream_front,43
10,1,0,32,si_downstream_front,39
10,1,0,33,si_upstream_front,45
10,1,0,34,si_downstream_front,44
10,1,0,35,si_upstream_front,47
10,1,0,36,si_downstream_front,41
10,1,0,37,si_upstream_front,40
10,1,0,38,si_downstream_front,43
10,1,0,39,si_upstream_front,42
10,1,0,40,si_downstream_front,52
10,1,0,41,si_upstream_front,53
10,1,0,42,si_downstream_front,45
10,1,0,43,si_upstream_front,44
10,1,0,44,si_downstream_front,48
10,1,0,46,si_upstream_front,51
10,1,0,47,si_downstream_front,47
10,1,0,48,si_upstream_front,46
10,1,0,49,si_downstream_front,50
10,1,0,50,si_upstream_front,49
10,1,0,51,si_downstream_front,49
10,1,0,52,si_upstream_front,48
10,1,0,53,si_downstream_front,54
10,1,0,54,si_upstream_front,50
10,1,0,55,si_downstream_front,56
10,1,0,57,si_upstream_front,55
10,1,0,58,si_downstream_front,51
10,1,0,59,si_upstream_front,52
10,1,0,60,si_downstream_front,53
10,1,0,61,si_upstream_front,57
10,1,0,62,si_downstream_front,57
10,1,0,63,si_upstream_front,59
10,1,0,64,si_downstream_front,55
10,1,0,65,si_upstream_front,61
10,1,0,66,si_downstream_front,59
10,1,0,67,si_upstream_front,54
10,1,1,0,si_downstream_front,123
10,1,1,1,si_upstream_front,123
10,1,1,2,si_downstream_front,124
10,1,1,3,si_upstream_front,124
10,1,1,4,si_downstream_front,125
10,1,1,5,si_upstream_front,125
10,1,1,6,si_downstream_front,126
10,1,1,7,si_upstream_front,126
10,1,1,8,si_downstream_front,127
10,1,1,9,si_upstream_front,127
10,1,1,10,si_downstream_front,0
10,1,1,12,si_upstream_front,0
10,1,1,13,si_downstream_front,1
10,1,1,14,si_upstream_front,3
10,1,1,15,si_downstream_front,2
10,1,1,16,si_upstream_front,1
10,1,1,17,si_downstream_front,4
10,1,1,18,si_upstream_front,5
10,1,1,19,si_downstream_front,3
10,1,1,20,si_upstream_front,2
10,1,1,21,si_downstream_front,6
10,1,1,23,si_upstream_front,7
10,1,1,24,si_downstream_front,5
10,1,1,25,si_upstream_front,4
10,1,1,26,si_downstream_front,8
10,1,1,27,si_upstream_front,9
10,1,1,28,si_downstream_front,7
10,1,1,29,si_upstream_front,6
10,1,1,30,si_downstream_front,10
10,1,1,31,si_upstream_front,11
10,1,1,32,si_downstream_front,9
10,1,1,33,si_upstream_front,8
10,1,1,34,si_downstream_front,12
10,1,1,35,si_upstream_front,10
10,1,1,36,si_downstream_front,11
10,1,1,37,si_upstream_front,12
10,1,1,38,si_downstream_front,14
10,1,1,39,si_upstream_front,14
10,1,1,40,si_downstream_front,13
10,1,1,41,si_upstream_front,13
10,1,1,42,si_downstream_front,16
10,1,1,43,si_upstream_front,15
10,1,1,44,si_downstream_front,15
10,1,1,46,si_upstream_front,16
10,1,1,47,si_downstream_front,18
10,1,1,48,si_upstream_front,17
10,1,1,49,si_downstream_front,17
10,1,1,50,si_upstream_front,18
10,1,1,51,si_downstream_front,20
10,1,1,52,si_upstream_front,19
10,1,1,53,si_downstream_front,19
10,1,1,54,si_upstream_front,20
10,1,1,55,si_downstream_front,22
10,1,1,57,si_upstream_front,21
10,1,1,58,si_downstream_front,21
10,1,1,59,si_upstream_front,22
10,1,1,60,si_downstream_front,24
10,1,1,61,si_upstream_front,23
10,1,1,62,si_downstream_front,23
10,1,1,63,si_upstream_front,24
10,1,1,64,si_downstream_front,26
10,1,1,65,si_upstream_front,25
10,1,1,66,si_downstream_front,25
10,1,1,67,si_upstream_front,26
10,1,2,0,si_downstream_front,93
10,1,2,1,si_upstream_front,91
10,1,2,2,si_downstream_front,90
10,1,2,3,si_upstream_front,95
10,1,2,4,si_downstream_front,95
10,1,2,5,si_upstream_front,77
10,1,2,6,si_downstream_front,94
10,1,2,7,si_upstream_front,73
10,1,2,8,si_downstream_front,92
10,1,2,9,si_upstream_front,69
10,1,2,10,si_downstream_front,96
10,1,2,12,si_upstream_front,96
10,1,2,13,si_downstream_front,97
10,1,2,14,si_upstream_front,99
10,1,2,15,si_downstream_front,98
10,1,2,16,si_upstream_front,97
10,1,2,17,si_downstream_front,99
10,1,2,18,si_upstream_front,101
10,1,2,19,si_downstream_front,100
10,1,2,20,si_upstream_front,98
10,1,2,21,si_downstream_front,101
10,1,2,23,si_upstream_front,103
10,1,2,24,si_downstream_front,102
10,1,2,25,si_upstream_front,100
10,1,2,26,si_downstream_front,103
10,1,2,27,si_upstream_front,105
10,1,2,28,si_downstream_front,104
10,1,2,29,si_upstream_front,102
10,1,2,30,si_downstream_front,105
10,1,2,31,si_upstream_front,104
10,1,2,32,si_downstream_front,106
10,1,2,33,si_upstream_front,107
10,1,2,34,si_downstream_front,107
10,1,2,35,si_upstream_front,106
10,1,2,36,si_downstream_front,108
10,1,2,37,si_upstream_front,108
10,1,2,38,si_downstream_front,109
10,1,2,39,si_upstream_front,109
10,1,2,40,si_downstream_front,110
10,1,2,41,si_upstream_front,110
10,1,2,42,si_downstream_front,111
10,1,2,43,si_upstream_front,111
10,1,2,44,si_downstream_front,112
10,1,2,46,si_upstream_front,112
10,1,2,47,si_downstream_front,113
10,1,2,48,si_upstream_front,113
10,1,2,49,si_downstream_front,114
10,1,2,50,si_upstream_front,114
10,1,2,51,si_downstream_front,115
10,1,2,52,si_upstream_front,115
10,1,2,53,si_downstream_front,116
10,1,2,54,si_upstream_front,116
10,1,2,55,si_downstream_front,117
10,1,2,57,si_upstream_front,117
10,1,2,58,si_downstream_front,118
10,1,2,59,si_upstream_front,118
10,1,2,60,si_downstream_front,119
10,1,2,61,si_upstream_front,119
10,1,2,62,si_downstream_front,120
10,1,2,63,si_upstream_front,120
10,1,2,64,si_downstream_front,121
10,1,2,65,si_upstream_front,121
10,1,2,66,si_downstream_front,122
10,1,2,67,si_upstream_front,122
10,1,3,0,si_downstream_front,63
10,1,3,1,si_upstream_front,64
10,1,3,2,si_downstream_front,62
10,1,3,3,si_upstream_front,56
10,1,3,4,si_downstream_front,60
10,1,3,5,si_upstream_front,65
10,1,3,6,si_downstream_front,58
10,1,3,7,si_upstream_front,58
10,1,3,8,si_downstream_front,61
10,1,3,9,si_upstream_front,66
10,1,3,10,si_downstream_front,64
10,1,3,12,si_upstream_front,63
10,1,3,13,si_downstream_front,67
10,1,3,14,si_upstream_front,68
10,1,3,15,si_downstream_front,65
10,1,3,16,si_upstream_front,62
10,1,3,17,si_downstream_front,69
10,1,3,18,si_upstream_front,70
10,1,3,19,si_downstream_front,66
10,1,3,20,si_upstream_front,60
10,1,3,21,si_downstream_front,71
10,1,3,23,si_upstream_front,72
10,1,3,24,si_downstream_front,68
10,1,3,25,si_upstream_front,74
10,1,3,26,si_downstream_front,73
10,1,3,27,si_upstream_front,76
10,1,3,28,si_downstream_front,70
10,1,3,29,si_upstream_front,71
10,1,3,30,si_downstream_front,72
10,1,3,31,si_upstream_front,67
10,1,3,32,si_downstream_front,75
10,1,3,33,si_upstream_front,75
10,1,3,34,si_downstream_front,76
10,1,3,35,si_upstream_front,78
10,1,3,36,si_downstream_front,77
10,1,3,37,si_upstream_front,79
10,1,3,38,si_downstream_front,74
10,1,3,39,si_upstream_front,80
10,1,3,40,si_downstream_front,79
10,1,3,41,si_upstream_front,81
10,1,3,42,si_downstream_front,78
10,1,3,43,si_upstream_front,82
10,1,3,44,si_downstream_front,81
10,1,3,46,si_upstream_front,84
10,1,3,47,si_downstream_front,80
10,1,3,48,si_upstream_front,83
10,1,3,49,si_downstream_front,83
10,1,3,50,si_upstream_front,86
10,1,3,51,si_downstream_front,82
10,1,3,52,si_upstream_front,88
10,1,3,53,si_downstream_front,85
10,1,3,54,si_upstream_front,85
10,1,3,55,si_downstream_front,87
10,1,3,57,si_upstream_front,90
10,1,3,58,si_downstream_front,84
10,1,3,59,si_upstream_front,87
10,1,3,60,si_downstream_front,86
10,1,3,61,si_upstream_front,92
10,1,3,62,si_downstream_front,88
10,1,3,63,si_upstream_front,94
10,1,3,64,si_downstream_front,89
10,1,3,65,si_upstream_front,89
10,1,3,66,si_downstream_front,91
10,1,3,67,si_upstream_front,93
10,0,0,0,si_downstream_back,31
10,0,0,1,si_upstream_back,31
10,0,0,2,si_downstream_back,30
10,0,0,3,si_upstream_back,29
10,0,0,4,si_downstream_back,29
10,0,0,5,si_upstream_back,30
10,0,0,6,si_downstream_back,28
10,0,0,7,si_upstream_back,27
10,0,0,8,si_downstream_back,27
10,0,0,9,si_upstream_back,28
10,0,0,10,si_downstream_back,26
10,0,0,12,si_upstream_back,25
10,0,0,13,si_downstream_back,25
10,0,0,14,si_upstream_back,26
10,0,0,15,si_downstream_back,24
10,0,0,16,si_upstream_back,23
10,0,0,17,si_downstream_back,23
10,0,0,18,si_upstream_back,24
10,0,0,19,si_downstream_back,22
10,0,0,20,si_upstream_back,21
10,0,0,21,si_downstream_back,21
10,0,0,23,si_upstream_back,22
10,0,0,24,si_downstream_back,20
10,0,0,25,si_upstream_back,19
10,0,0,26,si_downstream_back,19
10,0,0,27,si_upstream_back,20
10,0,0,28,si_downstream_back,18
10,0,0,29,si_upstream_back,17
10,0,0,30,si_downstream_back,17
10,0,0,31,si_upstream_back,18
10,0,0,32,si_downstream_back,16
10,0,0,33,si_upstream_back,15
10,0,0,34,si_downstream_back,15
10,0,0,35,si_upstream_back,16
10,0,0,36,si_downstream_back,13
10,0,0,37,si_upstream_back,13
10,0,0,38,si_downstream_back,14
10,0,0,39,si_upstream_back,14
10,0,0,40,si_downstream_back,12
10,0,0,41,si_upstream_back,11
10,0,0,42,si_downstream_back,10
10,0,0,43,si_upstream_back,12
10,0,0,44,si_downstream_back,8
10,0,0,46,si_upstream_back,9
10,0,0,47,si_downstream_back,11
10,0,0,48,si_upstream_back,10
10,0,0,49,si_downstream_back,6
10,0,0,50,si_upstream_back,7
10,0,0,51,si_downstream_back,9
10,0,0,52,si_upstream_back,8
10,0,0,53,si_downstream_back,4
10,0,0,54,si_upstream_back,5
10,0,0,55,si_downstream_back,7
10,0,0,57,si_upstream_back,6
10,0,0,58,si_downstream_back,2
10,0,0,59,si_upstream_back,3
10,0,0,60,si_downstream_back,5
10,0,0,61,si_upstream_back,4
10,0,0,62,si_downstream_back,1
10,0,0,63,si_upstream_back,2
10,0,0,64,si_downstream_back,3
10,0,0,65,si_upstream_back,1
10,0,0,66,si_downstream_back,0
10,0,0,67,si_upstream_back,0
10,0,1,0,si_downstream_back,66
10,0,1,1,si_upstream_back,61
10,0,1,2,si_downstream_back,58
10,0,1,3,si_upstream_back,58
10,0,1,4,si_downstream_back,65
10,0,1,5,si_upstream_back,60
10,0,1,6,si_downstream_back,56
10,0,1,7,si_upstream_back,62
10,0,1,8,si_downstream_back,64
10,0,1,9,si_upstream_back,63
10,0,1,10,si_downstream_back,54
10,0,1,12,si_upstream_back,59
10,0,1,13,si_downstream_back,61
10,0,1,14,si_upstream_back,55
10,0,1,15,si_downstream_back,59
10,0,1,16,si_upstream_back,57
10,0,1,17,si_downstream_back,57
10,0,1,18,si_upstream_back,53
10,0,1,19,si_downstream_back,52
10,0,1,20,si_upstream_back,51
10,0,1,21,si_downstream_back,55
10,0,1,23,si_upstream_back,56
10,0,1,24,si_downstream_back,50
10,0,1,25,si_upstream_back,54
10,0,1,26,si_downstream_back,48
10,0,1,27,si_upstream_back,49
10,0,1,28,si_downstream_back,49
10,0,1,29,si_upstream_back,50
10,0,1,30,si_downstream_back,46
10,0,1,31,si_upstream_back,47
10,0,1,32,si_downstream_back,51
10,0,1,33,si_upstream_back,48
10,0,1,34,si_downstream_back,44
10,0,1,35,si_upstream_back,45
10,0,1,36,si_downstream_back,53
10,0,1,37,si_upstream_back,52
10,0,1,38,si_downstream_back,42
10,0,1,39,si_upstream_back,43
10,0,1,40,si_downstream_back,40
10,0,1,41,si_upstream_back,41
10,0,1,42,si_downstream_back,47
10,0,1,43,si_upstream_back,44
10,0,1,44,si_downstream_back,45
10,0,1,46,si_upstream_back,39
10,0,1,47,si_downstream_back,43
10,0,1,48,si_upstream_back,46
10,0,1,49,si_downstream_back,38
10,0,1,50,si_upstream_back,40
10,0,1,51,si_downstream_back,41
10,0,1,52,si_upstream_back,37
10,0,1,53,si_downstream_back,36
10,0,1,54,si_upstream_back,36
10,0,1,55,si_downstream_back,35
10,0,1,57,si_upstream_back,33
10,0,1,58,si_downstream_back,34
10,0,1,59,si_upstream_back,32
10,0,1,60,si_downstream_back,37
10,0,1,61,si_upstream_back,34
10,0,1,62,si_downstream_back,32
10,0,1,63,si_upstream_back,38
10,0,1,64,si_downstream_back,39
10,0,1,65,si_upstream_back,42
10,0,1,66,si_downstream_back,33
10,0,1,67,si_upstream_back,35
10,0,2,0,si_downstream_back,69
10,0,2,1,si_upstream_back,92
10,0,2,2,si_downstream_back,73
10,0,2,3,si_upstream_back,94
10,0,2,4,si_downstream_back,77
10,0,2,5,si_upstream_back,95
10,0,2,6,si_downstream_back,95
10,0,2,7,si_upstream_back,90
10,0,2,8,si_downstream_back,91
10,0,2,9,si_upstream_back,93
10,0,2,10,si_downstream_back,93
10,0,2,12,si_upstream_back,91
10,0,2,13,si_downstream_back,89
10,0,2,14,si_upstream_back,89
10,0,2,15,si_downstream_back,94
10,0,2,16,si_upstream_back,88
10,0,2,17,si_downstream_back,92
10,0,2,18,si_upstream_back,86
10,0,2,19,si_downstream_back,87
10,0,2,20,si_upstream_back,84
10,0,2,21,si_downstream_back,90
10,0,2,23,si_upstream_back,87
10,0,2,24,si_downstream_back,85
10,0,2,25,si_upstream_back,85
10,0,2,26,si_downstream_back,88
10,0,2,27,si_upstream_back,82
10,0,2,28,si_downstream_back,86
10,0,2,29,si_upstream_back,83
10,0,2,30,si_downstream_back,83
10,0,2,31,si_upstream_back,80
10,0,2,32,si_downstream_back,84
10,0,2,33,si_upstream_back,81
10,0,2,34,si_downstream_back,82
10,0,2,35,si_upstream_back,78
10,0,2,36,si_downstream_back,81
10,0,2,37,si_upstream_back,79
10,0,2,38,si_downstream_back,80
10,0,2,39,si_upstream_back,74
10,0,2,40,si_downstream_back,79
10,0,2,41,si_upstream_back,77
10,0,2,42,si_downstream_back,78
10,0,2,43,si_upstream_back,76
10,0,2,44,si_downstream_back,75
10,0,2,46,si_upstream_back,75
10,0,2,47,si_downstream_back,67
10,0,2,48,si_upstream_back,72
10,0,2,49,si_downstream_back,71
10,0,2,50,si_upstream_back,70
10,0,2,51,si_downstream_back,76
10,0,2,52,si_upstream_back,73
10,0,2,53,si_downstream_back,74
10,0,2,54,si_upstream_back,68
10,0,2,55,si_downstream_back,72
10,0,2,57,si_upstream_back,71
10,0,2,58,si_downstream_back,60
10,0,2,59,si_upstream_back,66
10,0,2,60,si_downstream_back,70
10,0,2,61,si_upstream_back,69
10,0,2,62,si_downstream_back,62
10,0,2,63,si_upstream_back,65
10,0,2,64,si_downstream_back,68
10,0,2,65,si_upstream_back,67
10,0,2,66,si_downstream_back,63
10,0,2,67,si_upstream_back,64
10,0,3,0,si_downstream_back,127
10,0,3,1,si_upstream_back,127
10,0,3,2,si_downstream_back,126
10,0,3,3,si_upstream_back,126
10,0,3,4,si_downstream_back,125
10,0,3,5,si_upstream_back,125
10,0,3,6,si_downstream_back,124
10,0,3,7,si_upstream_back,124
10,0,3,8,si_downstream_back,123
10,0,3,9,si_upstream_back,123
10,0,3,10,si_downstream_back,122
10,0,3,12,si_upstream_back,122
10,0,3,13,si_downstream_back,121
10,0,3,14,si_upstream_back,121
10,0,3,15,si_downstream_back,120
10,0,3,16,si_upstream_back,120
10,0,3,17,si_downstream_back,119
10,0,3,18,si_upstream_back,119
10,0,3,19,si_downstream_back,118
10,0,3,20,si_upstream_back,118
10,0,3,21,si_downstream_back,117
10,0,3,23,si_upstream_back,117
10,0,3,24,si_downstream_back,116
10,0,3,25,si_upstream_back,116
10,0,3,26,si_downstream_back,115
10,0,3,27,si_upstream_back,115
10,0,3,28,si_downstream_back,114
10,0,3,29,si_upstream_back,114
10,0,3,30,si_downstream_back,113
10,0,3,31,si_upstream_back,113
10,0,3,32,si_downstream_back,112
10,0,3,33,si_upstream_back,112
10,0,3,34,si_downstream_back,111
10,0,3,35,si_upstream_back,111
10,0,3,36,si_downstream_back,110
10,0,3,37,si_upstream_back,110
10,0,3,38,si_downstream_back,109
10,0,3,39,si_upstream_back,109
10,0,3,40,si_downstream_back,108
10,0,3,41,si_upstream_back,108
10,0,3,42,si_downstream_back,106
10,0,3,43,si_upstream_back,107
10,0,3,44,si_downstream_back,107
10,0,3,46,si_upstream_back,106
10,0,3,47,si_downstream_back,104
10,0,3,48,si_upstream_back,105
10,0,3,49,si_downstream_back,102
10,0,3,50,si_upstream_back,104
10,0,3,51,si_downstream_back,105
10,0,3,52,si_upstream_back,103
10,0,3,53,si_downstream_back,100
10,0,3,54,si_upstream_back,102
10,0,3,55,si_downstream_back,103
10,0,3,57,si_upstream_back,101
10,0,3,58,si_downstream_back,98
10,0,3,59,si_upstream_back,100
10,0,3,60,si_downstream_back,101
10,0,3,61,si_upstream_back,99
10,0,3,62,si_downstream_back,97
10,0,3,63,si_upstream_back,98
10,0,3,64,si_downstream_back,99
10,0,3,65,si_upstream_back,97
10,0,3,66,si_downstream_back,96
10,0,3,67,si_upstream_back,96
